# SK_EBS_MER_BLD_004
# Author: Angelis Pseftis
# Frame: Unreal +X forward, +Y right, +Z up; centimeters; no axis conversion
# Kit: ebs-meshkit-v3
# SK_EBS_MER_BLD_004 LOD0 rest pose (powered)
# Revision ebs-mer-bld-004-concept-v1
# Unreal +X forward, +Y right, +Z up; centimetres
o SK_EBS_MER_BLD_004
v 7.8135 55.5333 203.0
v 20.2607 56.0926 219.9042
v 51.7607 110.6522 194.9042
v 7.8135 55.5333 203.0
v 51.7607 110.6522 194.9042
v 39.3135 110.0929 178.0
v 20.2607 56.0926 219.9042
v 38.4473 45.5926 219.9042
v 69.9473 100.1522 194.9042
v 20.2607 56.0926 219.9042
v 69.9473 100.1522 194.9042
v 51.7607 110.6522 194.9042
v 38.4473 45.5926 219.9042
v 44.1865 34.5333 203.0
v 75.6865 89.0929 178.0
v 38.4473 45.5926 219.9042
v 75.6865 89.0929 178.0
v 69.9473 100.1522 194.9042
v 44.1865 34.5333 203.0
v 31.7393 33.974 186.0958
v 63.2393 88.5336 161.0958
v 44.1865 34.5333 203.0
v 63.2393 88.5336 161.0958
v 75.6865 89.0929 178.0
v 31.7393 33.974 186.0958
v 13.5527 44.474 186.0958
v 45.0527 99.0336 161.0958
v 31.7393 33.974 186.0958
v 45.0527 99.0336 161.0958
v 63.2393 88.5336 161.0958
v 13.5527 44.474 186.0958
v 7.8135 55.5333 203.0
v 39.3135 110.0929 178.0
v 13.5527 44.474 186.0958
v 39.3135 110.0929 178.0
v 45.0527 99.0336 161.0958
v 13.5527 44.474 186.0958
v 31.7393 33.974 186.0958
v 44.1865 34.5333 203.0
v 13.5527 44.474 186.0958
v 44.1865 34.5333 203.0
v 38.4473 45.5926 219.9042
v 13.5527 44.474 186.0958
v 38.4473 45.5926 219.9042
v 20.2607 56.0926 219.9042
v 13.5527 44.474 186.0958
v 20.2607 56.0926 219.9042
v 7.8135 55.5333 203.0
v 39.3135 110.0929 178.0
v 51.7607 110.6522 194.9042
v 69.9473 100.1522 194.9042
v 39.3135 110.0929 178.0
v 69.9473 100.1522 194.9042
v 75.6865 89.0929 178.0
v 39.3135 110.0929 178.0
v 75.6865 89.0929 178.0
v 63.2393 88.5336 161.0958
v 39.3135 110.0929 178.0
v 63.2393 88.5336 161.0958
v 45.0527 99.0336 161.0958
v 86.1865 107.2795 157.0
v 49.8135 128.2795 157.0
v 49.8135 128.2795 199.0
v 86.1865 107.2795 157.0
v 49.8135 128.2795 199.0
v 86.1865 107.2795 199.0
v 65.1865 70.9064 157.0
v 65.1865 70.9064 199.0
v 28.8135 91.9064 199.0
v 65.1865 70.9064 157.0
v 28.8135 91.9064 199.0
v 28.8135 91.9064 157.0
v 28.8135 91.9064 157.0
v 28.8135 91.9064 199.0
v 49.8135 128.2795 199.0
v 28.8135 91.9064 157.0
v 49.8135 128.2795 199.0
v 49.8135 128.2795 157.0
v 65.1865 70.9064 157.0
v 86.1865 107.2795 157.0
v 86.1865 107.2795 199.0
v 65.1865 70.9064 157.0
v 86.1865 107.2795 199.0
v 65.1865 70.9064 199.0
v 65.1865 70.9064 199.0
v 86.1865 107.2795 199.0
v 49.8135 128.2795 199.0
v 65.1865 70.9064 199.0
v 49.8135 128.2795 199.0
v 28.8135 91.9064 199.0
v 65.1865 70.9064 157.0
v 28.8135 91.9064 157.0
v 49.8135 128.2795 157.0
v 65.1865 70.9064 157.0
v 49.8135 128.2795 157.0
v 86.1865 107.2795 157.0
v 57.5 115.5175 179.5515
v 71.3347 107.4801 179.5466
v 80.3347 123.0686 19.5466
v 57.5 115.5175 179.5515
v 80.3347 123.0686 19.5466
v 66.5 131.106 19.5515
v 71.3347 107.4801 179.5466
v 71.3347 91.5555 177.9951
v 80.3347 107.144 17.9951
v 71.3347 107.4801 179.5466
v 80.3347 107.144 17.9951
v 80.3347 123.0686 19.5466
v 71.3347 91.5555 177.9951
v 57.5 83.6683 176.4485
v 66.5 99.2568 16.4485
v 71.3347 91.5555 177.9951
v 66.5 99.2568 16.4485
v 80.3347 107.144 17.9951
v 57.5 83.6683 176.4485
v 43.6653 91.7057 176.4534
v 52.6653 107.2942 16.4534
v 57.5 83.6683 176.4485
v 52.6653 107.2942 16.4534
v 66.5 99.2568 16.4485
v 43.6653 91.7057 176.4534
v 43.6653 107.6303 178.0049
v 52.6653 123.2188 18.0049
v 43.6653 91.7057 176.4534
v 52.6653 123.2188 18.0049
v 52.6653 107.2942 16.4534
v 43.6653 107.6303 178.0049
v 57.5 115.5175 179.5515
v 66.5 131.106 19.5515
v 43.6653 107.6303 178.0049
v 66.5 131.106 19.5515
v 52.6653 123.2188 18.0049
v 43.6653 107.6303 178.0049
v 43.6653 91.7057 176.4534
v 57.5 83.6683 176.4485
v 43.6653 107.6303 178.0049
v 57.5 83.6683 176.4485
v 71.3347 91.5555 177.9951
v 43.6653 107.6303 178.0049
v 71.3347 91.5555 177.9951
v 71.3347 107.4801 179.5466
v 43.6653 107.6303 178.0049
v 71.3347 107.4801 179.5466
v 57.5 115.5175 179.5515
v 66.5 131.106 19.5515
v 80.3347 123.0686 19.5466
v 80.3347 107.144 17.9951
v 66.5 131.106 19.5515
v 80.3347 107.144 17.9951
v 66.5 99.2568 16.4485
v 66.5 131.106 19.5515
v 66.5 99.2568 16.4485
v 52.6653 107.2942 16.4534
v 66.5 131.106 19.5515
v 52.6653 107.2942 16.4534
v 52.6653 123.2188 18.0049
v 110.9808 132.2243 0.0
v 59.0192 162.2243 0.0
v 59.0192 162.2243 18.0
v 110.9808 132.2243 0.0
v 59.0192 162.2243 18.0
v 110.9808 132.2243 18.0
v 73.9808 68.1384 0.0
v 73.9808 68.1384 18.0
v 22.0192 98.1384 18.0
v 73.9808 68.1384 0.0
v 22.0192 98.1384 18.0
v 22.0192 98.1384 0.0
v 22.0192 98.1384 0.0
v 22.0192 98.1384 18.0
v 59.0192 162.2243 18.0
v 22.0192 98.1384 0.0
v 59.0192 162.2243 18.0
v 59.0192 162.2243 0.0
v 73.9808 68.1384 0.0
v 110.9808 132.2243 0.0
v 110.9808 132.2243 18.0
v 73.9808 68.1384 0.0
v 110.9808 132.2243 18.0
v 73.9808 68.1384 18.0
v 73.9808 68.1384 18.0
v 110.9808 132.2243 18.0
v 59.0192 162.2243 18.0
v 73.9808 68.1384 18.0
v 59.0192 162.2243 18.0
v 22.0192 98.1384 18.0
v 73.9808 68.1384 0.0
v 22.0192 98.1384 0.0
v 59.0192 162.2243 0.0
v 73.9808 68.1384 0.0
v 59.0192 162.2243 0.0
v 110.9808 132.2243 0.0
v 95.4545 127.332 18.0
v 62.5455 146.332 18.0
v 62.5455 146.332 30.0
v 95.4545 127.332 18.0
v 62.5455 146.332 30.0
v 95.4545 127.332 30.0
v 70.4545 84.0307 18.0
v 70.4545 84.0307 30.0
v 37.5455 103.0307 30.0
v 70.4545 84.0307 18.0
v 37.5455 103.0307 30.0
v 37.5455 103.0307 18.0
v 37.5455 103.0307 18.0
v 37.5455 103.0307 30.0
v 62.5455 146.332 30.0
v 37.5455 103.0307 18.0
v 62.5455 146.332 30.0
v 62.5455 146.332 18.0
v 70.4545 84.0307 18.0
v 95.4545 127.332 18.0
v 95.4545 127.332 30.0
v 70.4545 84.0307 18.0
v 95.4545 127.332 30.0
v 70.4545 84.0307 30.0
v 70.4545 84.0307 30.0
v 95.4545 127.332 30.0
v 62.5455 146.332 30.0
v 70.4545 84.0307 30.0
v 62.5455 146.332 30.0
v 37.5455 103.0307 30.0
v 70.4545 84.0307 18.0
v 37.5455 103.0307 18.0
v 62.5455 146.332 18.0
v 70.4545 84.0307 18.0
v 62.5455 146.332 18.0
v 95.4545 127.332 18.0
v 44.1865 -34.5333 203.0
v 38.4473 -45.5926 219.9042
v 69.9473 -100.1522 194.9042
v 44.1865 -34.5333 203.0
v 69.9473 -100.1522 194.9042
v 75.6865 -89.0929 178.0
v 38.4473 -45.5926 219.9042
v 20.2607 -56.0926 219.9042
v 51.7607 -110.6522 194.9042
v 38.4473 -45.5926 219.9042
v 51.7607 -110.6522 194.9042
v 69.9473 -100.1522 194.9042
v 20.2607 -56.0926 219.9042
v 7.8135 -55.5333 203.0
v 39.3135 -110.0929 178.0
v 20.2607 -56.0926 219.9042
v 39.3135 -110.0929 178.0
v 51.7607 -110.6522 194.9042
v 7.8135 -55.5333 203.0
v 13.5527 -44.474 186.0958
v 45.0527 -99.0336 161.0958
v 7.8135 -55.5333 203.0
v 45.0527 -99.0336 161.0958
v 39.3135 -110.0929 178.0
v 13.5527 -44.474 186.0958
v 31.7393 -33.974 186.0958
v 63.2393 -88.5336 161.0958
v 13.5527 -44.474 186.0958
v 63.2393 -88.5336 161.0958
v 45.0527 -99.0336 161.0958
v 31.7393 -33.974 186.0958
v 44.1865 -34.5333 203.0
v 75.6865 -89.0929 178.0
v 31.7393 -33.974 186.0958
v 75.6865 -89.0929 178.0
v 63.2393 -88.5336 161.0958
v 31.7393 -33.974 186.0958
v 13.5527 -44.474 186.0958
v 7.8135 -55.5333 203.0
v 31.7393 -33.974 186.0958
v 7.8135 -55.5333 203.0
v 20.2607 -56.0926 219.9042
v 31.7393 -33.974 186.0958
v 20.2607 -56.0926 219.9042
v 38.4473 -45.5926 219.9042
v 31.7393 -33.974 186.0958
v 38.4473 -45.5926 219.9042
v 44.1865 -34.5333 203.0
v 75.6865 -89.0929 178.0
v 69.9473 -100.1522 194.9042
v 51.7607 -110.6522 194.9042
v 75.6865 -89.0929 178.0
v 51.7607 -110.6522 194.9042
v 39.3135 -110.0929 178.0
v 75.6865 -89.0929 178.0
v 39.3135 -110.0929 178.0
v 45.0527 -99.0336 161.0958
v 75.6865 -89.0929 178.0
v 45.0527 -99.0336 161.0958
v 63.2393 -88.5336 161.0958
v 49.8135 -128.2795 157.0
v 86.1865 -107.2795 157.0
v 86.1865 -107.2795 199.0
v 49.8135 -128.2795 157.0
v 86.1865 -107.2795 199.0
v 49.8135 -128.2795 199.0
v 28.8135 -91.9064 157.0
v 28.8135 -91.9064 199.0
v 65.1865 -70.9064 199.0
v 28.8135 -91.9064 157.0
v 65.1865 -70.9064 199.0
v 65.1865 -70.9064 157.0
v 65.1865 -70.9064 157.0
v 65.1865 -70.9064 199.0
v 86.1865 -107.2795 199.0
v 65.1865 -70.9064 157.0
v 86.1865 -107.2795 199.0
v 86.1865 -107.2795 157.0
v 28.8135 -91.9064 157.0
v 49.8135 -128.2795 157.0
v 49.8135 -128.2795 199.0
v 28.8135 -91.9064 157.0
v 49.8135 -128.2795 199.0
v 28.8135 -91.9064 199.0
v 28.8135 -91.9064 199.0
v 49.8135 -128.2795 199.0
v 86.1865 -107.2795 199.0
v 28.8135 -91.9064 199.0
v 86.1865 -107.2795 199.0
v 65.1865 -70.9064 199.0
v 28.8135 -91.9064 157.0
v 65.1865 -70.9064 157.0
v 86.1865 -107.2795 157.0
v 28.8135 -91.9064 157.0
v 86.1865 -107.2795 157.0
v 49.8135 -128.2795 157.0
v 57.5 -83.6683 176.4485
v 71.3347 -91.5555 177.9951
v 80.3347 -107.144 17.9951
v 57.5 -83.6683 176.4485
v 80.3347 -107.144 17.9951
v 66.5 -99.2568 16.4485
v 71.3347 -91.5555 177.9951
v 71.3347 -107.4801 179.5466
v 80.3347 -123.0686 19.5466
v 71.3347 -91.5555 177.9951
v 80.3347 -123.0686 19.5466
v 80.3347 -107.144 17.9951
v 71.3347 -107.4801 179.5466
v 57.5 -115.5175 179.5515
v 66.5 -131.106 19.5515
v 71.3347 -107.4801 179.5466
v 66.5 -131.106 19.5515
v 80.3347 -123.0686 19.5466
v 57.5 -115.5175 179.5515
v 43.6653 -107.6303 178.0049
v 52.6653 -123.2188 18.0049
v 57.5 -115.5175 179.5515
v 52.6653 -123.2188 18.0049
v 66.5 -131.106 19.5515
v 43.6653 -107.6303 178.0049
v 43.6653 -91.7057 176.4534
v 52.6653 -107.2942 16.4534
v 43.6653 -107.6303 178.0049
v 52.6653 -107.2942 16.4534
v 52.6653 -123.2188 18.0049
v 43.6653 -91.7057 176.4534
v 57.5 -83.6683 176.4485
v 66.5 -99.2568 16.4485
v 43.6653 -91.7057 176.4534
v 66.5 -99.2568 16.4485
v 52.6653 -107.2942 16.4534
v 43.6653 -91.7057 176.4534
v 43.6653 -107.6303 178.0049
v 57.5 -115.5175 179.5515
v 43.6653 -91.7057 176.4534
v 57.5 -115.5175 179.5515
v 71.3347 -107.4801 179.5466
v 43.6653 -91.7057 176.4534
v 71.3347 -107.4801 179.5466
v 71.3347 -91.5555 177.9951
v 43.6653 -91.7057 176.4534
v 71.3347 -91.5555 177.9951
v 57.5 -83.6683 176.4485
v 66.5 -99.2568 16.4485
v 80.3347 -107.144 17.9951
v 80.3347 -123.0686 19.5466
v 66.5 -99.2568 16.4485
v 80.3347 -123.0686 19.5466
v 66.5 -131.106 19.5515
v 66.5 -99.2568 16.4485
v 66.5 -131.106 19.5515
v 52.6653 -123.2188 18.0049
v 66.5 -99.2568 16.4485
v 52.6653 -123.2188 18.0049
v 52.6653 -107.2942 16.4534
v 59.0192 -162.2243 0.0
v 110.9808 -132.2243 0.0
v 110.9808 -132.2243 18.0
v 59.0192 -162.2243 0.0
v 110.9808 -132.2243 18.0
v 59.0192 -162.2243 18.0
v 22.0192 -98.1384 0.0
v 22.0192 -98.1384 18.0
v 73.9808 -68.1384 18.0
v 22.0192 -98.1384 0.0
v 73.9808 -68.1384 18.0
v 73.9808 -68.1384 0.0
v 73.9808 -68.1384 0.0
v 73.9808 -68.1384 18.0
v 110.9808 -132.2243 18.0
v 73.9808 -68.1384 0.0
v 110.9808 -132.2243 18.0
v 110.9808 -132.2243 0.0
v 22.0192 -98.1384 0.0
v 59.0192 -162.2243 0.0
v 59.0192 -162.2243 18.0
v 22.0192 -98.1384 0.0
v 59.0192 -162.2243 18.0
v 22.0192 -98.1384 18.0
v 22.0192 -98.1384 18.0
v 59.0192 -162.2243 18.0
v 110.9808 -132.2243 18.0
v 22.0192 -98.1384 18.0
v 110.9808 -132.2243 18.0
v 73.9808 -68.1384 18.0
v 22.0192 -98.1384 0.0
v 73.9808 -68.1384 0.0
v 110.9808 -132.2243 0.0
v 22.0192 -98.1384 0.0
v 110.9808 -132.2243 0.0
v 59.0192 -162.2243 0.0
v 62.5455 -146.332 18.0
v 95.4545 -127.332 18.0
v 95.4545 -127.332 30.0
v 62.5455 -146.332 18.0
v 95.4545 -127.332 30.0
v 62.5455 -146.332 30.0
v 37.5455 -103.0307 18.0
v 37.5455 -103.0307 30.0
v 70.4545 -84.0307 30.0
v 37.5455 -103.0307 18.0
v 70.4545 -84.0307 30.0
v 70.4545 -84.0307 18.0
v 70.4545 -84.0307 18.0
v 70.4545 -84.0307 30.0
v 95.4545 -127.332 30.0
v 70.4545 -84.0307 18.0
v 95.4545 -127.332 30.0
v 95.4545 -127.332 18.0
v 37.5455 -103.0307 18.0
v 62.5455 -146.332 18.0
v 62.5455 -146.332 30.0
v 37.5455 -103.0307 18.0
v 62.5455 -146.332 30.0
v 37.5455 -103.0307 30.0
v 37.5455 -103.0307 30.0
v 62.5455 -146.332 30.0
v 95.4545 -127.332 30.0
v 37.5455 -103.0307 30.0
v 95.4545 -127.332 30.0
v 70.4545 -84.0307 30.0
v 37.5455 -103.0307 18.0
v 70.4545 -84.0307 18.0
v 95.4545 -127.332 18.0
v 37.5455 -103.0307 18.0
v 95.4545 -127.332 18.0
v 62.5455 -146.332 18.0
v -52.0 -21.0 203.0
v -58.708 -10.5 219.9042
v -121.708 -10.5 194.9042
v -52.0 -21.0 203.0
v -121.708 -10.5 194.9042
v -115.0 -21.0 178.0
v -58.708 -10.5 219.9042
v -58.708 10.5 219.9042
v -121.708 10.5 194.9042
v -58.708 -10.5 219.9042
v -121.708 10.5 194.9042
v -121.708 -10.5 194.9042
v -58.708 10.5 219.9042
v -52.0 21.0 203.0
v -115.0 21.0 178.0
v -58.708 10.5 219.9042
v -115.0 21.0 178.0
v -121.708 10.5 194.9042
v -52.0 21.0 203.0
v -45.292 10.5 186.0958
v -108.292 10.5 161.0958
v -52.0 21.0 203.0
v -108.292 10.5 161.0958
v -115.0 21.0 178.0
v -45.292 10.5 186.0958
v -45.292 -10.5 186.0958
v -108.292 -10.5 161.0958
v -45.292 10.5 186.0958
v -108.292 -10.5 161.0958
v -108.292 10.5 161.0958
v -45.292 -10.5 186.0958
v -52.0 -21.0 203.0
v -115.0 -21.0 178.0
v -45.292 -10.5 186.0958
v -115.0 -21.0 178.0
v -108.292 -10.5 161.0958
v -45.292 -10.5 186.0958
v -45.292 10.5 186.0958
v -52.0 21.0 203.0
v -45.292 -10.5 186.0958
v -52.0 21.0 203.0
v -58.708 10.5 219.9042
v -45.292 -10.5 186.0958
v -58.708 10.5 219.9042
v -58.708 -10.5 219.9042
v -45.292 -10.5 186.0958
v -58.708 -10.5 219.9042
v -52.0 -21.0 203.0
v -115.0 -21.0 178.0
v -121.708 -10.5 194.9042
v -121.708 10.5 194.9042
v -115.0 -21.0 178.0
v -121.708 10.5 194.9042
v -115.0 21.0 178.0
v -115.0 -21.0 178.0
v -115.0 21.0 178.0
v -108.292 10.5 161.0958
v -115.0 -21.0 178.0
v -108.292 10.5 161.0958
v -108.292 -10.5 161.0958
v -136.0 21.0 157.0
v -136.0 -21.0 157.0
v -136.0 -21.0 199.0
v -136.0 21.0 157.0
v -136.0 -21.0 199.0
v -136.0 21.0 199.0
v -94.0 21.0 157.0
v -94.0 21.0 199.0
v -94.0 -21.0 199.0
v -94.0 21.0 157.0
v -94.0 -21.0 199.0
v -94.0 -21.0 157.0
v -94.0 -21.0 157.0
v -94.0 -21.0 199.0
v -136.0 -21.0 199.0
v -94.0 -21.0 157.0
v -136.0 -21.0 199.0
v -136.0 -21.0 157.0
v -94.0 21.0 157.0
v -136.0 21.0 157.0
v -136.0 21.0 199.0
v -94.0 21.0 157.0
v -136.0 21.0 199.0
v -94.0 21.0 199.0
v -94.0 21.0 199.0
v -136.0 21.0 199.0
v -136.0 -21.0 199.0
v -94.0 21.0 199.0
v -136.0 -21.0 199.0
v -94.0 -21.0 199.0
v -94.0 21.0 157.0
v -94.0 -21.0 157.0
v -136.0 -21.0 157.0
v -94.0 21.0 157.0
v -136.0 -21.0 157.0
v -136.0 21.0 157.0
v -115.0 16.0 178.0
v -101.2305 8.0 176.4509
v -119.2305 8.0 16.4509
v -115.0 16.0 178.0
v -119.2305 8.0 16.4509
v -133.0 16.0 18.0
v -101.2305 8.0 176.4509
v -101.2305 -8.0 176.4509
v -119.2305 -8.0 16.4509
v -101.2305 8.0 176.4509
v -119.2305 -8.0 16.4509
v -119.2305 8.0 16.4509
v -101.2305 -8.0 176.4509
v -115.0 -16.0 178.0
v -133.0 -16.0 18.0
v -101.2305 -8.0 176.4509
v -133.0 -16.0 18.0
v -119.2305 -8.0 16.4509
v -115.0 -16.0 178.0
v -128.7695 -8.0 179.5491
v -146.7695 -8.0 19.5491
v -115.0 -16.0 178.0
v -146.7695 -8.0 19.5491
v -133.0 -16.0 18.0
v -128.7695 -8.0 179.5491
v -128.7695 8.0 179.5491
v -146.7695 8.0 19.5491
v -128.7695 -8.0 179.5491
v -146.7695 8.0 19.5491
v -146.7695 -8.0 19.5491
v -128.7695 8.0 179.5491
v -115.0 16.0 178.0
v -133.0 16.0 18.0
v -128.7695 8.0 179.5491
v -133.0 16.0 18.0
v -146.7695 8.0 19.5491
v -128.7695 8.0 179.5491
v -128.7695 -8.0 179.5491
v -115.0 -16.0 178.0
v -128.7695 8.0 179.5491
v -115.0 -16.0 178.0
v -101.2305 -8.0 176.4509
v -128.7695 8.0 179.5491
v -101.2305 -8.0 176.4509
v -101.2305 8.0 176.4509
v -128.7695 8.0 179.5491
v -101.2305 8.0 176.4509
v -115.0 16.0 178.0
v -133.0 16.0 18.0
v -119.2305 8.0 16.4509
v -119.2305 -8.0 16.4509
v -133.0 16.0 18.0
v -119.2305 -8.0 16.4509
v -133.0 -16.0 18.0
v -133.0 16.0 18.0
v -133.0 -16.0 18.0
v -146.7695 -8.0 19.5491
v -133.0 16.0 18.0
v -146.7695 -8.0 19.5491
v -146.7695 8.0 19.5491
v -170.0 30.0 0.0
v -170.0 -30.0 0.0
v -170.0 -30.0 18.0
v -170.0 30.0 0.0
v -170.0 -30.0 18.0
v -170.0 30.0 18.0
v -96.0 30.0 0.0
v -96.0 30.0 18.0
v -96.0 -30.0 18.0
v -96.0 30.0 0.0
v -96.0 -30.0 18.0
v -96.0 -30.0 0.0
v -96.0 -30.0 0.0
v -96.0 -30.0 18.0
v -170.0 -30.0 18.0
v -96.0 -30.0 0.0
v -170.0 -30.0 18.0
v -170.0 -30.0 0.0
v -96.0 30.0 0.0
v -170.0 30.0 0.0
v -170.0 30.0 18.0
v -96.0 30.0 0.0
v -170.0 30.0 18.0
v -96.0 30.0 18.0
v -96.0 30.0 18.0
v -170.0 30.0 18.0
v -170.0 -30.0 18.0
v -96.0 30.0 18.0
v -170.0 -30.0 18.0
v -96.0 -30.0 18.0
v -96.0 30.0 0.0
v -96.0 -30.0 0.0
v -170.0 -30.0 0.0
v -96.0 30.0 0.0
v -170.0 -30.0 0.0
v -170.0 30.0 0.0
v -158.0 19.0 18.0
v -158.0 -19.0 18.0
v -158.0 -19.0 30.0
v -158.0 19.0 18.0
v -158.0 -19.0 30.0
v -158.0 19.0 30.0
v -108.0 19.0 18.0
v -108.0 19.0 30.0
v -108.0 -19.0 30.0
v -108.0 19.0 18.0
v -108.0 -19.0 30.0
v -108.0 -19.0 18.0
v -108.0 -19.0 18.0
v -108.0 -19.0 30.0
v -158.0 -19.0 30.0
v -108.0 -19.0 18.0
v -158.0 -19.0 30.0
v -158.0 -19.0 18.0
v -108.0 19.0 18.0
v -158.0 19.0 18.0
v -158.0 19.0 30.0
v -108.0 19.0 18.0
v -158.0 19.0 30.0
v -108.0 19.0 30.0
v -108.0 19.0 30.0
v -158.0 19.0 30.0
v -158.0 -19.0 30.0
v -108.0 19.0 30.0
v -158.0 -19.0 30.0
v -108.0 -19.0 30.0
v -108.0 19.0 18.0
v -108.0 -19.0 18.0
v -158.0 -19.0 18.0
v -108.0 19.0 18.0
v -158.0 -19.0 18.0
v -158.0 19.0 18.0
v 60.0 0.0 203.0
v 42.4264 42.4264 203.0
v 42.4264 42.4264 255.0
v 60.0 0.0 203.0
v 42.4264 42.4264 255.0
v 60.0 0.0 255.0
v 42.4264 42.4264 203.0
v 0.0 60.0 203.0
v 0.0 60.0 255.0
v 42.4264 42.4264 203.0
v 0.0 60.0 255.0
v 42.4264 42.4264 255.0
v 0.0 60.0 203.0
v -42.4264 42.4264 203.0
v -42.4264 42.4264 255.0
v 0.0 60.0 203.0
v -42.4264 42.4264 255.0
v 0.0 60.0 255.0
v -42.4264 42.4264 203.0
v -60.0 0.0 203.0
v -60.0 0.0 255.0
v -42.4264 42.4264 203.0
v -60.0 0.0 255.0
v -42.4264 42.4264 255.0
v -60.0 0.0 203.0
v -42.4264 -42.4264 203.0
v -42.4264 -42.4264 255.0
v -60.0 0.0 203.0
v -42.4264 -42.4264 255.0
v -60.0 0.0 255.0
v -42.4264 -42.4264 203.0
v 0.0 -60.0 203.0
v 0.0 -60.0 255.0
v -42.4264 -42.4264 203.0
v 0.0 -60.0 255.0
v -42.4264 -42.4264 255.0
v 0.0 -60.0 203.0
v 42.4264 -42.4264 203.0
v 42.4264 -42.4264 255.0
v 0.0 -60.0 203.0
v 42.4264 -42.4264 255.0
v 0.0 -60.0 255.0
v 42.4264 -42.4264 203.0
v 60.0 0.0 203.0
v 60.0 0.0 255.0
v 42.4264 -42.4264 203.0
v 60.0 0.0 255.0
v 42.4264 -42.4264 255.0
v 42.4264 -42.4264 203.0
v 0.0 -60.0 203.0
v -42.4264 -42.4264 203.0
v 42.4264 -42.4264 203.0
v -42.4264 -42.4264 203.0
v -60.0 0.0 203.0
v 42.4264 -42.4264 203.0
v -60.0 0.0 203.0
v -42.4264 42.4264 203.0
v 42.4264 -42.4264 203.0
v -42.4264 42.4264 203.0
v 0.0 60.0 203.0
v 42.4264 -42.4264 203.0
v 0.0 60.0 203.0
v 42.4264 42.4264 203.0
v 42.4264 -42.4264 203.0
v 42.4264 42.4264 203.0
v 60.0 0.0 203.0
v 60.0 0.0 255.0
v 42.4264 42.4264 255.0
v 0.0 60.0 255.0
v 60.0 0.0 255.0
v 0.0 60.0 255.0
v -42.4264 42.4264 255.0
v 60.0 0.0 255.0
v -42.4264 42.4264 255.0
v -60.0 0.0 255.0
v 60.0 0.0 255.0
v -60.0 0.0 255.0
v -42.4264 -42.4264 255.0
v 60.0 0.0 255.0
v -42.4264 -42.4264 255.0
v 0.0 -60.0 255.0
v 60.0 0.0 255.0
v 0.0 -60.0 255.0
v 42.4264 -42.4264 255.0
v 52.0 0.0 255.0
v 36.7696 36.7696 255.0
v 36.7696 36.7696 269.0
v 52.0 0.0 255.0
v 36.7696 36.7696 269.0
v 52.0 0.0 269.0
v 36.7696 36.7696 255.0
v 0.0 52.0 255.0
v 0.0 52.0 269.0
v 36.7696 36.7696 255.0
v 0.0 52.0 269.0
v 36.7696 36.7696 269.0
v 0.0 52.0 255.0
v -36.7696 36.7696 255.0
v -36.7696 36.7696 269.0
v 0.0 52.0 255.0
v -36.7696 36.7696 269.0
v 0.0 52.0 269.0
v -36.7696 36.7696 255.0
v -52.0 0.0 255.0
v -52.0 0.0 269.0
v -36.7696 36.7696 255.0
v -52.0 0.0 269.0
v -36.7696 36.7696 269.0
v -52.0 0.0 255.0
v -36.7696 -36.7696 255.0
v -36.7696 -36.7696 269.0
v -52.0 0.0 255.0
v -36.7696 -36.7696 269.0
v -52.0 0.0 269.0
v -36.7696 -36.7696 255.0
v 0.0 -52.0 255.0
v 0.0 -52.0 269.0
v -36.7696 -36.7696 255.0
v 0.0 -52.0 269.0
v -36.7696 -36.7696 269.0
v 0.0 -52.0 255.0
v 36.7696 -36.7696 255.0
v 36.7696 -36.7696 269.0
v 0.0 -52.0 255.0
v 36.7696 -36.7696 269.0
v 0.0 -52.0 269.0
v 36.7696 -36.7696 255.0
v 52.0 0.0 255.0
v 52.0 0.0 269.0
v 36.7696 -36.7696 255.0
v 52.0 0.0 269.0
v 36.7696 -36.7696 269.0
v 36.7696 -36.7696 255.0
v 0.0 -52.0 255.0
v -36.7696 -36.7696 255.0
v 36.7696 -36.7696 255.0
v -36.7696 -36.7696 255.0
v -52.0 0.0 255.0
v 36.7696 -36.7696 255.0
v -52.0 0.0 255.0
v -36.7696 36.7696 255.0
v 36.7696 -36.7696 255.0
v -36.7696 36.7696 255.0
v 0.0 52.0 255.0
v 36.7696 -36.7696 255.0
v 0.0 52.0 255.0
v 36.7696 36.7696 255.0
v 36.7696 -36.7696 255.0
v 36.7696 36.7696 255.0
v 52.0 0.0 255.0
v 52.0 0.0 269.0
v 36.7696 36.7696 269.0
v 0.0 52.0 269.0
v 52.0 0.0 269.0
v 0.0 52.0 269.0
v -36.7696 36.7696 269.0
v 52.0 0.0 269.0
v -36.7696 36.7696 269.0
v -52.0 0.0 269.0
v 52.0 0.0 269.0
v -52.0 0.0 269.0
v -36.7696 -36.7696 269.0
v 52.0 0.0 269.0
v -36.7696 -36.7696 269.0
v 0.0 -52.0 269.0
v 52.0 0.0 269.0
v 0.0 -52.0 269.0
v 36.7696 -36.7696 269.0
v -52.0 -29.0 183.0
v -52.0 29.0 183.0
v -52.0 29.0 223.0
v -52.0 -29.0 183.0
v -52.0 29.0 223.0
v -52.0 -29.0 223.0
v -92.0 -29.0 183.0
v -92.0 -29.0 223.0
v -92.0 29.0 223.0
v -92.0 -29.0 183.0
v -92.0 29.0 223.0
v -92.0 29.0 183.0
v -92.0 29.0 183.0
v -92.0 29.0 223.0
v -52.0 29.0 223.0
v -92.0 29.0 183.0
v -52.0 29.0 223.0
v -52.0 29.0 183.0
v -92.0 -29.0 183.0
v -52.0 -29.0 183.0
v -52.0 -29.0 223.0
v -92.0 -29.0 183.0
v -52.0 -29.0 223.0
v -92.0 -29.0 223.0
v -92.0 -29.0 223.0
v -52.0 -29.0 223.0
v -52.0 29.0 223.0
v -92.0 -29.0 223.0
v -52.0 29.0 223.0
v -92.0 29.0 223.0
v -92.0 -29.0 183.0
v -92.0 29.0 183.0
v -52.0 29.0 183.0
v -92.0 -29.0 183.0
v -52.0 29.0 183.0
v -52.0 -29.0 183.0
v -86.0 -9.0 193.0
v -78.3057 -13.5 191.756
v -105.3057 -13.5 24.756
v -86.0 -9.0 193.0
v -105.3057 -13.5 24.756
v -113.0 -9.0 26.0
v -78.3057 -13.5 191.756
v -78.3057 -22.5 191.756
v -105.3057 -22.5 24.756
v -78.3057 -13.5 191.756
v -105.3057 -22.5 24.756
v -105.3057 -13.5 24.756
v -78.3057 -22.5 191.756
v -86.0 -27.0 193.0
v -113.0 -27.0 26.0
v -78.3057 -22.5 191.756
v -113.0 -27.0 26.0
v -105.3057 -22.5 24.756
v -86.0 -27.0 193.0
v -93.6943 -22.5 194.244
v -120.6943 -22.5 27.244
v -86.0 -27.0 193.0
v -120.6943 -22.5 27.244
v -113.0 -27.0 26.0
v -93.6943 -22.5 194.244
v -93.6943 -13.5 194.244
v -120.6943 -13.5 27.244
v -93.6943 -22.5 194.244
v -120.6943 -13.5 27.244
v -120.6943 -22.5 27.244
v -93.6943 -13.5 194.244
v -86.0 -9.0 193.0
v -113.0 -9.0 26.0
v -93.6943 -13.5 194.244
v -113.0 -9.0 26.0
v -120.6943 -13.5 27.244
v -93.6943 -13.5 194.244
v -93.6943 -22.5 194.244
v -86.0 -27.0 193.0
v -93.6943 -13.5 194.244
v -86.0 -27.0 193.0
v -78.3057 -22.5 191.756
v -93.6943 -13.5 194.244
v -78.3057 -22.5 191.756
v -78.3057 -13.5 191.756
v -93.6943 -13.5 194.244
v -78.3057 -13.5 191.756
v -86.0 -9.0 193.0
v -113.0 -9.0 26.0
v -105.3057 -13.5 24.756
v -105.3057 -22.5 24.756
v -113.0 -9.0 26.0
v -105.3057 -22.5 24.756
v -113.0 -27.0 26.0
v -113.0 -9.0 26.0
v -113.0 -27.0 26.0
v -120.6943 -22.5 27.244
v -113.0 -9.0 26.0
v -120.6943 -22.5 27.244
v -120.6943 -13.5 27.244
v -86.0 27.0 193.0
v -78.3057 22.5 191.756
v -105.3057 22.5 24.756
v -86.0 27.0 193.0
v -105.3057 22.5 24.756
v -113.0 27.0 26.0
v -78.3057 22.5 191.756
v -78.3057 13.5 191.756
v -105.3057 13.5 24.756
v -78.3057 22.5 191.756
v -105.3057 13.5 24.756
v -105.3057 22.5 24.756
v -78.3057 13.5 191.756
v -86.0 9.0 193.0
v -113.0 9.0 26.0
v -78.3057 13.5 191.756
v -113.0 9.0 26.0
v -105.3057 13.5 24.756
v -86.0 9.0 193.0
v -93.6943 13.5 194.244
v -120.6943 13.5 27.244
v -86.0 9.0 193.0
v -120.6943 13.5 27.244
v -113.0 9.0 26.0
v -93.6943 13.5 194.244
v -93.6943 22.5 194.244
v -120.6943 22.5 27.244
v -93.6943 13.5 194.244
v -120.6943 22.5 27.244
v -120.6943 13.5 27.244
v -93.6943 22.5 194.244
v -86.0 27.0 193.0
v -113.0 27.0 26.0
v -93.6943 22.5 194.244
v -113.0 27.0 26.0
v -120.6943 22.5 27.244
v -93.6943 22.5 194.244
v -93.6943 13.5 194.244
v -86.0 9.0 193.0
v -93.6943 22.5 194.244
v -86.0 9.0 193.0
v -78.3057 13.5 191.756
v -93.6943 22.5 194.244
v -78.3057 13.5 191.756
v -78.3057 22.5 191.756
v -93.6943 22.5 194.244
v -78.3057 22.5 191.756
v -86.0 27.0 193.0
v -113.0 27.0 26.0
v -105.3057 22.5 24.756
v -105.3057 13.5 24.756
v -113.0 27.0 26.0
v -105.3057 13.5 24.756
v -113.0 9.0 26.0
v -113.0 27.0 26.0
v -113.0 9.0 26.0
v -120.6943 13.5 27.244
v -113.0 27.0 26.0
v -120.6943 13.5 27.244
v -120.6943 22.5 27.244
v 55.0 -102.0 255.0
v 55.0 102.0 255.0
v 55.0 102.0 297.0
v 55.0 -102.0 255.0
v 55.0 102.0 297.0
v 55.0 -102.0 297.0
v -55.0 -102.0 255.0
v -55.0 -102.0 297.0
v -55.0 102.0 297.0
v -55.0 -102.0 255.0
v -55.0 102.0 297.0
v -55.0 102.0 255.0
v -55.0 102.0 255.0
v -55.0 102.0 297.0
v 55.0 102.0 297.0
v -55.0 102.0 255.0
v 55.0 102.0 297.0
v 55.0 102.0 255.0
v -55.0 -102.0 255.0
v 55.0 -102.0 255.0
v 55.0 -102.0 297.0
v -55.0 -102.0 255.0
v 55.0 -102.0 297.0
v -55.0 -102.0 297.0
v -55.0 -102.0 297.0
v 55.0 -102.0 297.0
v 55.0 102.0 297.0
v -55.0 -102.0 297.0
v 55.0 102.0 297.0
v -55.0 102.0 297.0
v -55.0 -102.0 255.0
v -55.0 102.0 255.0
v 55.0 102.0 255.0
v -55.0 -102.0 255.0
v 55.0 102.0 255.0
v 55.0 -102.0 255.0
v -32.0 -80.0 255.0
v -32.0 80.0 255.0
v -32.0 80.0 285.0
v -32.0 -80.0 255.0
v -32.0 80.0 285.0
v -32.0 -80.0 285.0
v -58.0 -80.0 255.0
v -58.0 -80.0 285.0
v -58.0 80.0 285.0
v -58.0 -80.0 255.0
v -58.0 80.0 285.0
v -58.0 80.0 255.0
v -58.0 80.0 255.0
v -58.0 80.0 285.0
v -32.0 80.0 285.0
v -58.0 80.0 255.0
v -32.0 80.0 285.0
v -32.0 80.0 255.0
v -58.0 -80.0 255.0
v -32.0 -80.0 255.0
v -32.0 -80.0 285.0
v -58.0 -80.0 255.0
v -32.0 -80.0 285.0
v -58.0 -80.0 285.0
v -58.0 -80.0 285.0
v -32.0 -80.0 285.0
v -32.0 80.0 285.0
v -58.0 -80.0 285.0
v -32.0 80.0 285.0
v -58.0 80.0 285.0
v -58.0 -80.0 255.0
v -58.0 80.0 255.0
v -32.0 80.0 255.0
v -58.0 -80.0 255.0
v -32.0 80.0 255.0
v -32.0 -80.0 255.0
v 50.0 -106.5 257.0
v 50.0 -101.5 257.0
v 50.0 -101.5 269.0
v 50.0 -106.5 257.0
v 50.0 -101.5 269.0
v 50.0 -106.5 269.0
v -38.0 -106.5 257.0
v -38.0 -106.5 269.0
v -38.0 -101.5 269.0
v -38.0 -106.5 257.0
v -38.0 -101.5 269.0
v -38.0 -101.5 257.0
v -38.0 -101.5 257.0
v -38.0 -101.5 269.0
v 50.0 -101.5 269.0
v -38.0 -101.5 257.0
v 50.0 -101.5 269.0
v 50.0 -101.5 257.0
v -38.0 -106.5 257.0
v 50.0 -106.5 257.0
v 50.0 -106.5 269.0
v -38.0 -106.5 257.0
v 50.0 -106.5 269.0
v -38.0 -106.5 269.0
v -38.0 -106.5 269.0
v 50.0 -106.5 269.0
v 50.0 -101.5 269.0
v -38.0 -106.5 269.0
v 50.0 -101.5 269.0
v -38.0 -101.5 269.0
v -38.0 -106.5 257.0
v -38.0 -101.5 257.0
v 50.0 -101.5 257.0
v -38.0 -106.5 257.0
v 50.0 -101.5 257.0
v 50.0 -106.5 257.0
v 50.0 101.5 257.0
v 50.0 106.5 257.0
v 50.0 106.5 269.0
v 50.0 101.5 257.0
v 50.0 106.5 269.0
v 50.0 101.5 269.0
v -38.0 101.5 257.0
v -38.0 101.5 269.0
v -38.0 106.5 269.0
v -38.0 101.5 257.0
v -38.0 106.5 269.0
v -38.0 106.5 257.0
v -38.0 106.5 257.0
v -38.0 106.5 269.0
v 50.0 106.5 269.0
v -38.0 106.5 257.0
v 50.0 106.5 269.0
v 50.0 106.5 257.0
v -38.0 101.5 257.0
v 50.0 101.5 257.0
v 50.0 101.5 269.0
v -38.0 101.5 257.0
v 50.0 101.5 269.0
v -38.0 101.5 269.0
v -38.0 101.5 269.0
v 50.0 101.5 269.0
v 50.0 106.5 269.0
v -38.0 101.5 269.0
v 50.0 106.5 269.0
v -38.0 106.5 269.0
v -38.0 101.5 257.0
v -38.0 106.5 257.0
v 50.0 106.5 257.0
v -38.0 101.5 257.0
v 50.0 106.5 257.0
v 50.0 101.5 257.0
v 59.5 -96.0 257.0
v 59.5 96.0 257.0
v 59.5 96.0 269.0
v 59.5 -96.0 257.0
v 59.5 96.0 269.0
v 59.5 -96.0 269.0
v 54.5 -96.0 257.0
v 54.5 -96.0 269.0
v 54.5 96.0 269.0
v 54.5 -96.0 257.0
v 54.5 96.0 269.0
v 54.5 96.0 257.0
v 54.5 96.0 257.0
v 54.5 96.0 269.0
v 59.5 96.0 269.0
v 54.5 96.0 257.0
v 59.5 96.0 269.0
v 59.5 96.0 257.0
v 54.5 -96.0 257.0
v 59.5 -96.0 257.0
v 59.5 -96.0 269.0
v 54.5 -96.0 257.0
v 59.5 -96.0 269.0
v 54.5 -96.0 269.0
v 54.5 -96.0 269.0
v 59.5 -96.0 269.0
v 59.5 96.0 269.0
v 54.5 -96.0 269.0
v 59.5 96.0 269.0
v 54.5 96.0 269.0
v 54.5 -96.0 257.0
v 54.5 96.0 257.0
v 59.5 96.0 257.0
v 54.5 -96.0 257.0
v 59.5 96.0 257.0
v 59.5 -96.0 257.0
v 47.0 -26.0 276.0
v 47.0 -39.0 298.5167
v 115.0 -39.0 298.5167
v 47.0 -26.0 276.0
v 115.0 -39.0 298.5167
v 115.0 -26.0 276.0
v 47.0 -39.0 298.5167
v 47.0 -65.0 298.5167
v 115.0 -65.0 298.5167
v 47.0 -39.0 298.5167
v 115.0 -65.0 298.5167
v 115.0 -39.0 298.5167
v 47.0 -65.0 298.5167
v 47.0 -78.0 276.0
v 115.0 -78.0 276.0
v 47.0 -65.0 298.5167
v 115.0 -78.0 276.0
v 115.0 -65.0 298.5167
v 47.0 -78.0 276.0
v 47.0 -65.0 253.4833
v 115.0 -65.0 253.4833
v 47.0 -78.0 276.0
v 115.0 -65.0 253.4833
v 115.0 -78.0 276.0
v 47.0 -65.0 253.4833
v 47.0 -39.0 253.4833
v 115.0 -39.0 253.4833
v 47.0 -65.0 253.4833
v 115.0 -39.0 253.4833
v 115.0 -65.0 253.4833
v 47.0 -39.0 253.4833
v 47.0 -26.0 276.0
v 115.0 -26.0 276.0
v 47.0 -39.0 253.4833
v 115.0 -26.0 276.0
v 115.0 -39.0 253.4833
v 47.0 -39.0 253.4833
v 47.0 -65.0 253.4833
v 47.0 -78.0 276.0
v 47.0 -39.0 253.4833
v 47.0 -78.0 276.0
v 47.0 -65.0 298.5167
v 47.0 -39.0 253.4833
v 47.0 -65.0 298.5167
v 47.0 -39.0 298.5167
v 47.0 -39.0 253.4833
v 47.0 -39.0 298.5167
v 47.0 -26.0 276.0
v 115.0 -26.0 276.0
v 115.0 -39.0 298.5167
v 115.0 -65.0 298.5167
v 115.0 -26.0 276.0
v 115.0 -65.0 298.5167
v 115.0 -78.0 276.0
v 115.0 -26.0 276.0
v 115.0 -78.0 276.0
v 115.0 -65.0 253.4833
v 115.0 -26.0 276.0
v 115.0 -65.0 253.4833
v 115.0 -39.0 253.4833
v 116.0 -67.0 261.0
v 116.0 -37.0 261.0
v 116.0 -37.0 291.0
v 116.0 -67.0 261.0
v 116.0 -37.0 291.0
v 116.0 -67.0 291.0
v 108.0 -67.0 261.0
v 108.0 -67.0 291.0
v 108.0 -37.0 291.0
v 108.0 -67.0 261.0
v 108.0 -37.0 291.0
v 108.0 -37.0 261.0
v 108.0 -37.0 261.0
v 108.0 -37.0 291.0
v 116.0 -37.0 291.0
v 108.0 -37.0 261.0
v 116.0 -37.0 291.0
v 116.0 -37.0 261.0
v 108.0 -67.0 261.0
v 116.0 -67.0 261.0
v 116.0 -67.0 291.0
v 108.0 -67.0 261.0
v 116.0 -67.0 291.0
v 108.0 -67.0 291.0
v 108.0 -67.0 291.0
v 116.0 -67.0 291.0
v 116.0 -37.0 291.0
v 108.0 -67.0 291.0
v 116.0 -37.0 291.0
v 108.0 -37.0 291.0
v 108.0 -67.0 261.0
v 108.0 -37.0 261.0
v 116.0 -37.0 261.0
v 108.0 -67.0 261.0
v 116.0 -37.0 261.0
v 116.0 -67.0 261.0
v 116.0 -58.5 269.5
v 116.0 -45.5 269.5
v 116.0 -45.5 282.5
v 116.0 -58.5 269.5
v 116.0 -45.5 282.5
v 116.0 -58.5 282.5
v 112.0 -58.5 269.5
v 112.0 -58.5 282.5
v 112.0 -45.5 282.5
v 112.0 -58.5 269.5
v 112.0 -45.5 282.5
v 112.0 -45.5 269.5
v 112.0 -45.5 269.5
v 112.0 -45.5 282.5
v 116.0 -45.5 282.5
v 112.0 -45.5 269.5
v 116.0 -45.5 282.5
v 116.0 -45.5 269.5
v 112.0 -58.5 269.5
v 116.0 -58.5 269.5
v 116.0 -58.5 282.5
v 112.0 -58.5 269.5
v 116.0 -58.5 282.5
v 112.0 -58.5 282.5
v 112.0 -58.5 282.5
v 116.0 -58.5 282.5
v 116.0 -45.5 282.5
v 112.0 -58.5 282.5
v 116.0 -45.5 282.5
v 112.0 -45.5 282.5
v 112.0 -58.5 269.5
v 112.0 -45.5 269.5
v 116.0 -45.5 269.5
v 112.0 -58.5 269.5
v 116.0 -45.5 269.5
v 116.0 -58.5 269.5
v 47.0 78.0 276.0
v 47.0 65.0 298.5167
v 115.0 65.0 298.5167
v 47.0 78.0 276.0
v 115.0 65.0 298.5167
v 115.0 78.0 276.0
v 47.0 65.0 298.5167
v 47.0 39.0 298.5167
v 115.0 39.0 298.5167
v 47.0 65.0 298.5167
v 115.0 39.0 298.5167
v 115.0 65.0 298.5167
v 47.0 39.0 298.5167
v 47.0 26.0 276.0
v 115.0 26.0 276.0
v 47.0 39.0 298.5167
v 115.0 26.0 276.0
v 115.0 39.0 298.5167
v 47.0 26.0 276.0
v 47.0 39.0 253.4833
v 115.0 39.0 253.4833
v 47.0 26.0 276.0
v 115.0 39.0 253.4833
v 115.0 26.0 276.0
v 47.0 39.0 253.4833
v 47.0 65.0 253.4833
v 115.0 65.0 253.4833
v 47.0 39.0 253.4833
v 115.0 65.0 253.4833
v 115.0 39.0 253.4833
v 47.0 65.0 253.4833
v 47.0 78.0 276.0
v 115.0 78.0 276.0
v 47.0 65.0 253.4833
v 115.0 78.0 276.0
v 115.0 65.0 253.4833
v 47.0 65.0 253.4833
v 47.0 39.0 253.4833
v 47.0 26.0 276.0
v 47.0 65.0 253.4833
v 47.0 26.0 276.0
v 47.0 39.0 298.5167
v 47.0 65.0 253.4833
v 47.0 39.0 298.5167
v 47.0 65.0 298.5167
v 47.0 65.0 253.4833
v 47.0 65.0 298.5167
v 47.0 78.0 276.0
v 115.0 78.0 276.0
v 115.0 65.0 298.5167
v 115.0 39.0 298.5167
v 115.0 78.0 276.0
v 115.0 39.0 298.5167
v 115.0 26.0 276.0
v 115.0 78.0 276.0
v 115.0 26.0 276.0
v 115.0 39.0 253.4833
v 115.0 78.0 276.0
v 115.0 39.0 253.4833
v 115.0 65.0 253.4833
v 116.0 37.0 261.0
v 116.0 67.0 261.0
v 116.0 67.0 291.0
v 116.0 37.0 261.0
v 116.0 67.0 291.0
v 116.0 37.0 291.0
v 108.0 37.0 261.0
v 108.0 37.0 291.0
v 108.0 67.0 291.0
v 108.0 37.0 261.0
v 108.0 67.0 291.0
v 108.0 67.0 261.0
v 108.0 67.0 261.0
v 108.0 67.0 291.0
v 116.0 67.0 291.0
v 108.0 67.0 261.0
v 116.0 67.0 291.0
v 116.0 67.0 261.0
v 108.0 37.0 261.0
v 116.0 37.0 261.0
v 116.0 37.0 291.0
v 108.0 37.0 261.0
v 116.0 37.0 291.0
v 108.0 37.0 291.0
v 108.0 37.0 291.0
v 116.0 37.0 291.0
v 116.0 67.0 291.0
v 108.0 37.0 291.0
v 116.0 67.0 291.0
v 108.0 67.0 291.0
v 108.0 37.0 261.0
v 108.0 67.0 261.0
v 116.0 67.0 261.0
v 108.0 37.0 261.0
v 116.0 67.0 261.0
v 116.0 37.0 261.0
v 116.0 45.5 269.5
v 116.0 58.5 269.5
v 116.0 58.5 282.5
v 116.0 45.5 269.5
v 116.0 58.5 282.5
v 116.0 45.5 282.5
v 112.0 45.5 269.5
v 112.0 45.5 282.5
v 112.0 58.5 282.5
v 112.0 45.5 269.5
v 112.0 58.5 282.5
v 112.0 58.5 269.5
v 112.0 58.5 269.5
v 112.0 58.5 282.5
v 116.0 58.5 282.5
v 112.0 58.5 269.5
v 116.0 58.5 282.5
v 116.0 58.5 269.5
v 112.0 45.5 269.5
v 116.0 45.5 269.5
v 116.0 45.5 282.5
v 112.0 45.5 269.5
v 116.0 45.5 282.5
v 112.0 45.5 282.5
v 112.0 45.5 282.5
v 116.0 45.5 282.5
v 116.0 58.5 282.5
v 112.0 45.5 282.5
v 116.0 58.5 282.5
v 112.0 58.5 282.5
v 112.0 45.5 269.5
v 112.0 58.5 269.5
v 116.0 58.5 269.5
v 112.0 45.5 269.5
v 116.0 58.5 269.5
v 116.0 45.5 269.5
v -55.0 -35.0 269.0
v -55.0 35.0 269.0
v -55.0 35.0 291.0
v -55.0 -35.0 269.0
v -55.0 35.0 291.0
v -55.0 -35.0 291.0
v -69.0 -35.0 269.0
v -69.0 -35.0 291.0
v -69.0 35.0 291.0
v -69.0 -35.0 269.0
v -69.0 35.0 291.0
v -69.0 35.0 269.0
v -69.0 35.0 269.0
v -69.0 35.0 291.0
v -55.0 35.0 291.0
v -69.0 35.0 269.0
v -55.0 35.0 291.0
v -55.0 35.0 269.0
v -69.0 -35.0 269.0
v -55.0 -35.0 269.0
v -55.0 -35.0 291.0
v -69.0 -35.0 269.0
v -55.0 -35.0 291.0
v -69.0 -35.0 291.0
v -69.0 -35.0 291.0
v -55.0 -35.0 291.0
v -55.0 35.0 291.0
v -69.0 -35.0 291.0
v -55.0 35.0 291.0
v -69.0 35.0 291.0
v -69.0 -35.0 269.0
v -69.0 35.0 269.0
v -55.0 35.0 269.0
v -69.0 -35.0 269.0
v -55.0 35.0 269.0
v -55.0 -35.0 269.0
vt 0.2169 1.793
vt 0.2191 1.859
vt 0.4322 1.7613
vt 0.2169 1.793
vt 0.4322 1.7613
vt 0.4301 1.6953
vt 0.0791 0.7809
vt 0.1502 0.8219
vt 0.2732 0.6088
vt 0.0791 0.7809
vt 0.2732 0.6088
vt 0.2022 0.5678
vt 0.1781 1.859
vt 0.1349 1.793
vt 0.348 1.6953
vt 0.1781 1.859
vt 0.348 1.6953
vt 0.3912 1.7613
vt 0.1349 1.793
vt 0.1327 1.7269
vt 0.3458 1.6293
vt 0.1349 1.793
vt 0.3458 1.6293
vt 0.348 1.6953
vt 0.124 0.8673
vt 0.0529 0.8263
vt 0.176 0.6131
vt 0.124 0.8673
vt 0.176 0.6131
vt 0.247 0.6542
vt 0.1737 1.7269
vt 0.2169 1.793
vt 0.4301 1.6953
vt 0.1737 1.7269
vt 0.4301 1.6953
vt 0.3869 1.6293
vt 0.0529 1.7269
vt 0.124 1.7269
vt 0.1726 1.793
vt 0.0529 1.7269
vt 0.1726 1.793
vt 0.1502 1.859
vt 0.0529 1.7269
vt 0.1502 1.859
vt 0.0791 1.859
vt 0.0529 1.7269
vt 0.0791 1.859
vt 0.0305 1.793
vt 0.1536 1.6953
vt 0.2022 1.7613
vt 0.2732 1.7613
vt 0.1536 1.6953
vt 0.2732 1.7613
vt 0.2957 1.6953
vt 0.1536 1.6953
vt 0.2957 1.6953
vt 0.247 1.6293
vt 0.1536 1.6953
vt 0.247 1.6293
vt 0.176 1.6293
vt 0.3367 1.6133
vt 0.1946 1.6133
vt 0.1946 1.7773
vt 0.3367 1.6133
vt 0.1946 1.7773
vt 0.3367 1.7773
vt 0.2546 1.6133
vt 0.2546 1.7773
vt 0.1126 1.7773
vt 0.2546 1.6133
vt 0.1126 1.7773
vt 0.1126 1.6133
vt 0.359 1.6133
vt 0.359 1.7773
vt 0.5011 1.7773
vt 0.359 1.6133
vt 0.5011 1.7773
vt 0.5011 1.6133
vt 0.277 1.6133
vt 0.4191 1.6133
vt 0.4191 1.7773
vt 0.277 1.6133
vt 0.4191 1.7773
vt 0.277 1.7773
vt 0.2546 0.723
vt 0.3367 0.5809
vt 0.1946 0.4989
vt 0.2546 0.723
vt 0.1946 0.4989
vt 0.1126 0.641
vt 0.2546 0.723
vt 0.1126 0.641
vt 0.1946 0.4989
vt 0.2546 0.723
vt 0.1946 0.4989
vt 0.3367 0.5809
vt 0.2246 1.7014
vt 0.2787 1.7014
vt 0.3138 1.0764
vt 0.2246 1.7014
vt 0.3138 1.0764
vt 0.2598 1.0764
vt 0.4198 1.7014
vt 0.3576 1.6953
vt 0.4185 1.0703
vt 0.4198 1.7014
vt 0.4185 1.0703
vt 0.4807 1.0764
vt 0.2787 1.6953
vt 0.2246 1.6893
vt 0.2598 1.0643
vt 0.2787 1.6953
vt 0.2598 1.0643
vt 0.3138 1.0703
vt 0.2246 1.6893
vt 0.1706 1.6893
vt 0.2057 1.0643
vt 0.2246 1.6893
vt 0.2057 1.0643
vt 0.2598 1.0643
vt 0.3582 1.6893
vt 0.4204 1.6953
vt 0.4813 1.0703
vt 0.3582 1.6893
vt 0.4813 1.0703
vt 0.4191 1.0643
vt 0.1706 1.6953
vt 0.2246 1.7014
vt 0.2598 1.0764
vt 0.1706 1.6953
vt 0.2598 1.0764
vt 0.2057 1.0703
vt 0.1706 0.5796
vt 0.1706 0.6418
vt 0.2246 0.6732
vt 0.1706 0.5796
vt 0.2246 0.6732
vt 0.2787 0.6424
vt 0.1706 0.5796
vt 0.2787 0.6424
vt 0.2787 0.5802
vt 0.1706 0.5796
vt 0.2787 0.5802
vt 0.2246 0.5488
vt 0.2598 0.4879
vt 0.3138 0.5193
vt 0.3138 0.5815
vt 0.2598 0.4879
vt 0.3138 0.5815
vt 0.2598 0.6123
vt 0.2598 0.4879
vt 0.2598 0.6123
vt 0.2057 0.5809
vt 0.2598 0.4879
vt 0.2057 0.5809
vt 0.2057 0.5187
vt 0.4335 1.0
vt 0.2305 1.0
vt 0.2305 1.0703
vt 0.4335 1.0
vt 0.2305 1.0703
vt 0.4335 1.0703
vt 0.289 1.0
vt 0.289 1.0703
vt 0.086 1.0703
vt 0.289 1.0
vt 0.086 1.0703
vt 0.086 1.0
vt 0.3834 1.0
vt 0.3834 1.0703
vt 0.6337 1.0703
vt 0.3834 1.0
vt 0.6337 1.0703
vt 0.6337 1.0
vt 0.2662 1.0
vt 0.5165 1.0
vt 0.5165 1.0703
vt 0.2662 1.0
vt 0.5165 1.0703
vt 0.2662 1.0703
vt 0.289 0.7338
vt 0.4335 0.4835
vt 0.2305 0.3663
vt 0.289 0.7338
vt 0.2305 0.3663
vt 0.086 0.6166
vt 0.289 0.7338
vt 0.086 0.6166
vt 0.2305 0.3663
vt 0.289 0.7338
vt 0.2305 0.3663
vt 0.4335 0.4835
vt 0.3729 1.0703
vt 0.2443 1.0703
vt 0.2443 1.1172
vt 0.3729 1.0703
vt 0.2443 1.1172
vt 0.3729 1.1172
vt 0.2752 1.0703
vt 0.2752 1.1172
vt 0.1467 1.1172
vt 0.2752 1.0703
vt 0.1467 1.1172
vt 0.1467 1.0703
vt 0.4025 1.0703
vt 0.4025 1.1172
vt 0.5716 1.1172
vt 0.4025 1.0703
vt 0.5716 1.1172
vt 0.5716 1.0703
vt 0.3282 1.0703
vt 0.4974 1.0703
vt 0.4974 1.1172
vt 0.3282 1.0703
vt 0.4974 1.1172
vt 0.3282 1.1172
vt 0.2752 0.6718
vt 0.3729 0.5026
vt 0.2443 0.4284
vt 0.2752 0.6718
vt 0.2443 0.4284
vt 0.1467 0.5975
vt 0.2752 0.6718
vt 0.1467 0.5975
vt 0.2443 0.4284
vt 0.2752 0.6718
vt 0.2443 0.4284
vt 0.3729 0.5026
vt -0.1349 1.793
vt -0.1781 1.859
vt -0.3912 1.7613
vt -0.1349 1.793
vt -0.3912 1.7613
vt -0.348 1.6953
vt 0.1502 1.1781
vt 0.0791 1.2191
vt 0.2022 1.4322
vt 0.1502 1.1781
vt 0.2022 1.4322
vt 0.2732 1.3912
vt -0.2191 1.859
vt -0.2169 1.793
vt -0.4301 1.6953
vt -0.2191 1.859
vt -0.4301 1.6953
vt -0.4322 1.7613
vt -0.2169 1.793
vt -0.1737 1.7269
vt -0.3869 1.6293
vt -0.2169 1.793
vt -0.3869 1.6293
vt -0.4301 1.6953
vt 0.0529 1.1737
vt 0.124 1.1327
vt 0.247 1.3458
vt 0.0529 1.1737
vt 0.247 1.3458
vt 0.176 1.3869
vt -0.1327 1.7269
vt -0.1349 1.793
vt -0.348 1.6953
vt -0.1327 1.7269
vt -0.348 1.6953
vt -0.3458 1.6293
vt 0.124 1.7269
vt 0.0529 1.7269
vt 0.0305 1.793
vt 0.124 1.7269
vt 0.0305 1.793
vt 0.0791 1.859
vt 0.124 1.7269
vt 0.0791 1.859
vt 0.1502 1.859
vt 0.124 1.7269
vt 0.1502 1.859
vt 0.1726 1.793
vt 0.2957 1.6953
vt 0.2732 1.7613
vt 0.2022 1.7613
vt 0.2957 1.6953
vt 0.2022 1.7613
vt 0.1536 1.6953
vt 0.2957 1.6953
vt 0.1536 1.6953
vt 0.176 1.6293
vt 0.2957 1.6953
vt 0.176 1.6293
vt 0.247 1.6293
vt 0.1946 1.6133
vt 0.3367 1.6133
vt 0.3367 1.7773
vt 0.1946 1.6133
vt 0.3367 1.7773
vt 0.1946 1.7773
vt 0.1126 1.6133
vt 0.1126 1.7773
vt 0.2546 1.7773
vt 0.1126 1.6133
vt 0.2546 1.7773
vt 0.2546 1.6133
vt -0.277 1.6133
vt -0.277 1.7773
vt -0.4191 1.7773
vt -0.277 1.6133
vt -0.4191 1.7773
vt -0.4191 1.6133
vt -0.359 1.6133
vt -0.5011 1.6133
vt -0.5011 1.7773
vt -0.359 1.6133
vt -0.5011 1.7773
vt -0.359 1.7773
vt 0.1126 1.359
vt 0.1946 1.5011
vt 0.3367 1.4191
vt 0.1126 1.359
vt 0.3367 1.4191
vt 0.2546 1.277
vt 0.1126 1.359
vt 0.2546 1.277
vt 0.3367 1.4191
vt 0.1126 1.359
vt 0.3367 1.4191
vt 0.1946 1.5011
vt 0.2246 1.6893
vt 0.2787 1.6953
vt 0.3138 1.0703
vt 0.2246 1.6893
vt 0.3138 1.0703
vt 0.2598 1.0643
vt -0.3576 1.6953
vt -0.4198 1.7014
vt -0.4807 1.0764
vt -0.3576 1.6953
vt -0.4807 1.0764
vt -0.4185 1.0703
vt 0.2787 1.7014
vt 0.2246 1.7014
vt 0.2598 1.0764
vt 0.2787 1.7014
vt 0.2598 1.0764
vt 0.3138 1.0764
vt 0.2246 1.7014
vt 0.1706 1.6953
vt 0.2057 1.0703
vt 0.2246 1.7014
vt 0.2057 1.0703
vt 0.2598 1.0764
vt -0.4204 1.6953
vt -0.3582 1.6893
vt -0.4191 1.0643
vt -0.4204 1.6953
vt -0.4191 1.0643
vt -0.4813 1.0703
vt 0.1706 1.6893
vt 0.2246 1.6893
vt 0.2598 1.0643
vt 0.1706 1.6893
vt 0.2598 1.0643
vt 0.2057 1.0643
vt 0.1706 1.3582
vt 0.1706 1.4204
vt 0.2246 1.4512
vt 0.1706 1.3582
vt 0.2246 1.4512
vt 0.2787 1.4198
vt 0.1706 1.3582
vt 0.2787 1.4198
vt 0.2787 1.3576
vt 0.1706 1.3582
vt 0.2787 1.3576
vt 0.2246 1.3268
vt 0.2598 1.3877
vt 0.3138 1.4185
vt 0.3138 1.4807
vt 0.2598 1.3877
vt 0.3138 1.4807
vt 0.2598 1.5121
vt 0.2598 1.3877
vt 0.2598 1.5121
vt 0.2057 1.4813
vt 0.2598 1.3877
vt 0.2057 1.4813
vt 0.2057 1.4191
vt 0.2305 1.0
vt 0.4335 1.0
vt 0.4335 1.0703
vt 0.2305 1.0
vt 0.4335 1.0703
vt 0.2305 1.0703
vt 0.086 1.0
vt 0.086 1.0703
vt 0.289 1.0703
vt 0.086 1.0
vt 0.289 1.0703
vt 0.289 1.0
vt -0.2662 1.0
vt -0.2662 1.0703
vt -0.5165 1.0703
vt -0.2662 1.0
vt -0.5165 1.0703
vt -0.5165 1.0
vt -0.3834 1.0
vt -0.6337 1.0
vt -0.6337 1.0703
vt -0.3834 1.0
vt -0.6337 1.0703
vt -0.3834 1.0703
vt 0.086 1.3834
vt 0.2305 1.6337
vt 0.4335 1.5165
vt 0.086 1.3834
vt 0.4335 1.5165
vt 0.289 1.2662
vt 0.086 1.3834
vt 0.289 1.2662
vt 0.4335 1.5165
vt 0.086 1.3834
vt 0.4335 1.5165
vt 0.2305 1.6337
vt 0.2443 1.0703
vt 0.3729 1.0703
vt 0.3729 1.1172
vt 0.2443 1.0703
vt 0.3729 1.1172
vt 0.2443 1.1172
vt 0.1467 1.0703
vt 0.1467 1.1172
vt 0.2752 1.1172
vt 0.1467 1.0703
vt 0.2752 1.1172
vt 0.2752 1.0703
vt -0.3282 1.0703
vt -0.3282 1.1172
vt -0.4974 1.1172
vt -0.3282 1.0703
vt -0.4974 1.1172
vt -0.4974 1.0703
vt -0.4025 1.0703
vt -0.5716 1.0703
vt -0.5716 1.1172
vt -0.4025 1.0703
vt -0.5716 1.1172
vt -0.4025 1.1172
vt 0.1467 1.4025
vt 0.2443 1.5716
vt 0.3729 1.4974
vt 0.1467 1.4025
vt 0.3729 1.4974
vt 0.2752 1.3282
vt 0.1467 1.4025
vt 0.2752 1.3282
vt 0.3729 1.4974
vt 0.1467 1.4025
vt 0.3729 1.4974
vt 0.2443 1.5716
vt -0.2031 1.793
vt -0.2293 1.859
vt -0.4754 1.7613
vt -0.2031 1.793
vt -0.4754 1.7613
vt -0.4492 1.6953
vt -0.2293 1.041
vt -0.2293 0.959
vt -0.4754 0.959
vt -0.2293 1.041
vt -0.4754 0.959
vt -0.4754 1.041
vt -0.2293 1.859
vt -0.2031 1.793
vt -0.4492 1.6953
vt -0.2293 1.859
vt -0.4492 1.6953
vt -0.4754 1.7613
vt -0.2031 1.793
vt -0.1769 1.7269
vt -0.423 1.6293
vt -0.2031 1.793
vt -0.423 1.6293
vt -0.4492 1.6953
vt -0.1769 0.959
vt -0.1769 1.041
vt -0.423 1.041
vt -0.1769 0.959
vt -0.423 1.041
vt -0.423 0.959
vt -0.1769 1.7269
vt -0.2031 1.793
vt -0.4492 1.6953
vt -0.1769 1.7269
vt -0.4492 1.6953
vt -0.423 1.6293
vt -0.041 1.7269
vt 0.041 1.7269
vt 0.082 1.793
vt -0.041 1.7269
vt 0.082 1.793
vt 0.041 1.859
vt -0.041 1.7269
vt 0.041 1.859
vt -0.041 1.859
vt -0.041 1.7269
vt -0.041 1.859
vt -0.082 1.793
vt -0.082 1.6953
vt -0.041 1.7613
vt 0.041 1.7613
vt -0.082 1.6953
vt 0.041 1.7613
vt 0.082 1.6953
vt -0.082 1.6953
vt 0.082 1.6953
vt 0.041 1.6293
vt -0.082 1.6953
vt 0.041 1.6293
vt -0.041 1.6293
vt 0.082 1.6133
vt -0.082 1.6133
vt -0.082 1.7773
vt 0.082 1.6133
vt -0.082 1.7773
vt 0.082 1.7773
vt 0.082 1.6133
vt 0.082 1.7773
vt -0.082 1.7773
vt 0.082 1.6133
vt -0.082 1.7773
vt -0.082 1.6133
vt -0.3672 1.6133
vt -0.3672 1.7773
vt -0.5312 1.7773
vt -0.3672 1.6133
vt -0.5312 1.7773
vt -0.5312 1.6133
vt -0.3672 1.6133
vt -0.5312 1.6133
vt -0.5312 1.7773
vt -0.3672 1.6133
vt -0.5312 1.7773
vt -0.3672 1.7773
vt -0.3672 0.918
vt -0.5312 0.918
vt -0.5312 1.082
vt -0.3672 0.918
vt -0.5312 1.082
vt -0.3672 1.082
vt -0.3672 0.918
vt -0.3672 1.082
vt -0.5312 1.082
vt -0.3672 0.918
vt -0.5312 1.082
vt -0.5312 0.918
vt -0.4492 1.6953
vt -0.3954 1.6893
vt -0.4657 1.0643
vt -0.4492 1.6953
vt -0.4657 1.0643
vt -0.5195 1.0703
vt 0.0313 1.6893
vt -0.0312 1.6893
vt -0.0312 1.0643
vt 0.0313 1.6893
vt -0.0312 1.0643
vt 0.0313 1.0643
vt -0.3954 1.6893
vt -0.4492 1.6953
vt -0.5195 1.0703
vt -0.3954 1.6893
vt -0.5195 1.0703
vt -0.4657 1.0643
vt -0.4492 1.6953
vt -0.503 1.7014
vt -0.5733 1.0764
vt -0.4492 1.6953
vt -0.5733 1.0764
vt -0.5195 1.0703
vt -0.0312 1.7014
vt 0.0313 1.7014
vt 0.0313 1.0764
vt -0.0312 1.7014
vt 0.0313 1.0764
vt -0.0312 1.0764
vt -0.503 1.7014
vt -0.4492 1.6953
vt -0.5195 1.0703
vt -0.503 1.7014
vt -0.5195 1.0703
vt -0.5733 1.0764
vt -0.503 0.9687
vt -0.503 1.0312
vt -0.4492 1.0625
vt -0.503 0.9687
vt -0.4492 1.0625
vt -0.3954 1.0312
vt -0.503 0.9687
vt -0.3954 1.0312
vt -0.3954 0.9687
vt -0.503 0.9687
vt -0.3954 0.9687
vt -0.4492 0.9375
vt -0.5195 0.9375
vt -0.4657 0.9687
vt -0.4657 1.0312
vt -0.5195 0.9375
vt -0.4657 1.0312
vt -0.5195 1.0625
vt -0.5195 0.9375
vt -0.5195 1.0625
vt -0.5733 1.0312
vt -0.5195 0.9375
vt -0.5733 1.0312
vt -0.5733 0.9687
vt 0.1172 1.0
vt -0.1172 1.0
vt -0.1172 1.0703
vt 0.1172 1.0
vt -0.1172 1.0703
vt 0.1172 1.0703
vt 0.1172 1.0
vt 0.1172 1.0703
vt -0.1172 1.0703
vt 0.1172 1.0
vt -0.1172 1.0703
vt -0.1172 1.0
vt -0.375 1.0
vt -0.375 1.0703
vt -0.6641 1.0703
vt -0.375 1.0
vt -0.6641 1.0703
vt -0.6641 1.0
vt -0.375 1.0
vt -0.6641 1.0
vt -0.6641 1.0703
vt -0.375 1.0
vt -0.6641 1.0703
vt -0.375 1.0703
vt -0.375 0.8828
vt -0.6641 0.8828
vt -0.6641 1.1172
vt -0.375 0.8828
vt -0.6641 1.1172
vt -0.375 1.1172
vt -0.375 0.8828
vt -0.375 1.1172
vt -0.6641 1.1172
vt -0.375 0.8828
vt -0.6641 1.1172
vt -0.6641 0.8828
vt 0.0742 1.0703
vt -0.0742 1.0703
vt -0.0742 1.1172
vt 0.0742 1.0703
vt -0.0742 1.1172
vt 0.0742 1.1172
vt 0.0742 1.0703
vt 0.0742 1.1172
vt -0.0742 1.1172
vt 0.0742 1.0703
vt -0.0742 1.1172
vt -0.0742 1.0703
vt -0.4219 1.0703
vt -0.4219 1.1172
vt -0.6172 1.1172
vt -0.4219 1.0703
vt -0.6172 1.1172
vt -0.6172 1.0703
vt -0.4219 1.0703
vt -0.6172 1.0703
vt -0.6172 1.1172
vt -0.4219 1.0703
vt -0.6172 1.1172
vt -0.4219 1.1172
vt -0.4219 0.9258
vt -0.6172 0.9258
vt -0.6172 1.0742
vt -0.4219 0.9258
vt -0.6172 1.0742
vt -0.4219 1.0742
vt -0.4219 0.9258
vt -0.4219 1.0742
vt -0.6172 1.0742
vt -0.4219 0.9258
vt -0.6172 1.0742
vt -0.6172 0.9258
vt 0.0 1.793
vt 0.1657 1.793
vt 0.1657 1.9961
vt 0.0 1.793
vt 0.1657 1.9961
vt 0.0 1.9961
vt 0.1657 1.793
vt 0.0 1.793
vt 0.0 1.9961
vt 0.1657 1.793
vt 0.0 1.9961
vt 0.1657 1.9961
vt 0.0 1.793
vt -0.1657 1.793
vt -0.1657 1.9961
vt 0.0 1.793
vt -0.1657 1.9961
vt 0.0 1.9961
vt 0.1657 1.793
vt 0.0 1.793
vt 0.0 1.9961
vt 0.1657 1.793
vt 0.0 1.9961
vt 0.1657 1.9961
vt 0.0 1.793
vt -0.1657 1.793
vt -0.1657 1.9961
vt 0.0 1.793
vt -0.1657 1.9961
vt 0.0 1.9961
vt -0.1657 1.793
vt 0.0 1.793
vt 0.0 1.9961
vt -0.1657 1.793
vt 0.0 1.9961
vt -0.1657 1.9961
vt 0.0 1.793
vt 0.1657 1.793
vt 0.1657 1.9961
vt 0.0 1.793
vt 0.1657 1.9961
vt 0.0 1.9961
vt -0.1657 1.793
vt 0.0 1.793
vt 0.0 1.9961
vt -0.1657 1.793
vt 0.0 1.9961
vt -0.1657 1.9961
vt 0.1657 1.1657
vt 0.0 1.2344
vt -0.1657 1.1657
vt 0.1657 1.1657
vt -0.1657 1.1657
vt -0.2344 1.0
vt 0.1657 1.1657
vt -0.2344 1.0
vt -0.1657 0.8343
vt 0.1657 1.1657
vt -0.1657 0.8343
vt 0.0 0.7656
vt 0.1657 1.1657
vt 0.0 0.7656
vt 0.1657 0.8343
vt 0.1657 1.1657
vt 0.1657 0.8343
vt 0.2344 1.0
vt 0.2344 1.0
vt 0.1657 0.8343
vt 0.0 0.7656
vt 0.2344 1.0
vt 0.0 0.7656
vt -0.1657 0.8343
vt 0.2344 1.0
vt -0.1657 0.8343
vt -0.2344 1.0
vt 0.2344 1.0
vt -0.2344 1.0
vt -0.1657 1.1657
vt 0.2344 1.0
vt -0.1657 1.1657
vt 0.0 1.2344
vt 0.2344 1.0
vt 0.0 1.2344
vt 0.1657 1.1657
vt 0.0 1.9961
vt 0.1436 1.9961
vt 0.1436 2.0508
vt 0.0 1.9961
vt 0.1436 2.0508
vt 0.0 2.0508
vt 0.1436 1.9961
vt 0.0 1.9961
vt 0.0 2.0508
vt 0.1436 1.9961
vt 0.0 2.0508
vt 0.1436 2.0508
vt 0.0 1.9961
vt -0.1436 1.9961
vt -0.1436 2.0508
vt 0.0 1.9961
vt -0.1436 2.0508
vt 0.0 2.0508
vt 0.1436 1.9961
vt 0.0 1.9961
vt 0.0 2.0508
vt 0.1436 1.9961
vt 0.0 2.0508
vt 0.1436 2.0508
vt 0.0 1.9961
vt -0.1436 1.9961
vt -0.1436 2.0508
vt 0.0 1.9961
vt -0.1436 2.0508
vt 0.0 2.0508
vt -0.1436 1.9961
vt 0.0 1.9961
vt 0.0 2.0508
vt -0.1436 1.9961
vt 0.0 2.0508
vt -0.1436 2.0508
vt 0.0 1.9961
vt 0.1436 1.9961
vt 0.1436 2.0508
vt 0.0 1.9961
vt 0.1436 2.0508
vt 0.0 2.0508
vt -0.1436 1.9961
vt 0.0 1.9961
vt 0.0 2.0508
vt -0.1436 1.9961
vt 0.0 2.0508
vt -0.1436 2.0508
vt 0.1436 1.1436
vt 0.0 1.2031
vt -0.1436 1.1436
vt 0.1436 1.1436
vt -0.1436 1.1436
vt -0.2031 1.0
vt 0.1436 1.1436
vt -0.2031 1.0
vt -0.1436 0.8564
vt 0.1436 1.1436
vt -0.1436 0.8564
vt 0.0 0.7969
vt 0.1436 1.1436
vt 0.0 0.7969
vt 0.1436 0.8564
vt 0.1436 1.1436
vt 0.1436 0.8564
vt 0.2031 1.0
vt 0.2031 1.0
vt 0.1436 0.8564
vt 0.0 0.7969
vt 0.2031 1.0
vt 0.0 0.7969
vt -0.1436 0.8564
vt 0.2031 1.0
vt -0.1436 0.8564
vt -0.2031 1.0
vt 0.2031 1.0
vt -0.2031 1.0
vt -0.1436 1.1436
vt 0.2031 1.0
vt -0.1436 1.1436
vt 0.0 1.2031
vt 0.2031 1.0
vt 0.0 1.2031
vt 0.1436 1.1436
vt -0.1133 1.7148
vt 0.1133 1.7148
vt 0.1133 1.8711
vt -0.1133 1.7148
vt 0.1133 1.8711
vt -0.1133 1.8711
vt -0.1133 1.7148
vt -0.1133 1.8711
vt 0.1133 1.8711
vt -0.1133 1.7148
vt 0.1133 1.8711
vt 0.1133 1.7148
vt -0.3594 1.7148
vt -0.3594 1.8711
vt -0.2031 1.8711
vt -0.3594 1.7148
vt -0.2031 1.8711
vt -0.2031 1.7148
vt -0.3594 1.7148
vt -0.2031 1.7148
vt -0.2031 1.8711
vt -0.3594 1.7148
vt -0.2031 1.8711
vt -0.3594 1.8711
vt -0.3594 1.1133
vt -0.2031 1.1133
vt -0.2031 0.8867
vt -0.3594 1.1133
vt -0.2031 0.8867
vt -0.3594 0.8867
vt -0.3594 1.1133
vt -0.3594 0.8867
vt -0.2031 0.8867
vt -0.3594 1.1133
vt -0.2031 0.8867
vt -0.2031 1.1133
vt -0.3359 1.7539
vt -0.3059 1.749
vt -0.4114 1.0967
vt -0.3359 1.7539
vt -0.4114 1.0967
vt -0.4414 1.1016
vt -0.0527 1.749
vt -0.0879 1.749
vt -0.0879 1.0967
vt -0.0527 1.749
vt -0.0879 1.0967
vt -0.0527 1.0967
vt -0.3059 1.749
vt -0.3359 1.7539
vt -0.4414 1.1016
vt -0.3059 1.749
vt -0.4414 1.1016
vt -0.4114 1.0967
vt -0.3359 1.7539
vt -0.366 1.7588
vt -0.4715 1.1064
vt -0.3359 1.7539
vt -0.4715 1.1064
vt -0.4414 1.1016
vt -0.0879 1.7588
vt -0.0527 1.7588
vt -0.0527 1.1064
vt -0.0879 1.7588
vt -0.0527 1.1064
vt -0.0879 1.1064
vt -0.366 1.7588
vt -0.3359 1.7539
vt -0.4414 1.1016
vt -0.366 1.7588
vt -0.4414 1.1016
vt -0.4715 1.1064
vt -0.366 1.0527
vt -0.366 1.0879
vt -0.3359 1.1055
vt -0.366 1.0527
vt -0.3359 1.1055
vt -0.3059 1.0879
vt -0.366 1.0527
vt -0.3059 1.0879
vt -0.3059 1.0527
vt -0.366 1.0527
vt -0.3059 1.0527
vt -0.3359 1.0352
vt -0.4414 1.0352
vt -0.4114 1.0527
vt -0.4114 1.0879
vt -0.4414 1.0352
vt -0.4114 1.0879
vt -0.4414 1.1055
vt -0.4414 1.0352
vt -0.4414 1.1055
vt -0.4715 1.0879
vt -0.4414 1.0352
vt -0.4715 1.0879
vt -0.4715 1.0527
vt -0.3359 1.7539
vt -0.3059 1.749
vt -0.4114 1.0967
vt -0.3359 1.7539
vt -0.4114 1.0967
vt -0.4414 1.1016
vt 0.0879 1.749
vt 0.0527 1.749
vt 0.0527 1.0967
vt 0.0879 1.749
vt 0.0527 1.0967
vt 0.0879 1.0967
vt -0.3059 1.749
vt -0.3359 1.7539
vt -0.4414 1.1016
vt -0.3059 1.749
vt -0.4414 1.1016
vt -0.4114 1.0967
vt -0.3359 1.7539
vt -0.366 1.7588
vt -0.4715 1.1064
vt -0.3359 1.7539
vt -0.4715 1.1064
vt -0.4414 1.1016
vt 0.0527 1.7588
vt 0.0879 1.7588
vt 0.0879 1.1064
vt 0.0527 1.7588
vt 0.0879 1.1064
vt 0.0527 1.1064
vt -0.366 1.7588
vt -0.3359 1.7539
vt -0.4414 1.1016
vt -0.366 1.7588
vt -0.4414 1.1016
vt -0.4715 1.1064
vt -0.366 0.9121
vt -0.366 0.9473
vt -0.3359 0.9648
vt -0.366 0.9121
vt -0.3359 0.9648
vt -0.3059 0.9473
vt -0.366 0.9121
vt -0.3059 0.9473
vt -0.3059 0.9121
vt -0.366 0.9121
vt -0.3059 0.9121
vt -0.3359 0.8945
vt -0.4414 0.8945
vt -0.4114 0.9121
vt -0.4114 0.9473
vt -0.4414 0.8945
vt -0.4114 0.9473
vt -0.4414 0.9648
vt -0.4414 0.8945
vt -0.4414 0.9648
vt -0.4715 0.9473
vt -0.4414 0.8945
vt -0.4715 0.9473
vt -0.4715 0.9121
vt -0.3984 1.9961
vt 0.3984 1.9961
vt 0.3984 2.1602
vt -0.3984 1.9961
vt 0.3984 2.1602
vt -0.3984 2.1602
vt -0.3984 1.9961
vt -0.3984 2.1602
vt 0.3984 2.1602
vt -0.3984 1.9961
vt 0.3984 2.1602
vt 0.3984 1.9961
vt -0.2148 1.9961
vt -0.2148 2.1602
vt 0.2148 2.1602
vt -0.2148 1.9961
vt 0.2148 2.1602
vt 0.2148 1.9961
vt -0.2148 1.9961
vt 0.2148 1.9961
vt 0.2148 2.1602
vt -0.2148 1.9961
vt 0.2148 2.1602
vt -0.2148 2.1602
vt -0.2148 1.3984
vt 0.2148 1.3984
vt 0.2148 0.6016
vt -0.2148 1.3984
vt 0.2148 0.6016
vt -0.2148 0.6016
vt -0.2148 1.3984
vt -0.2148 0.6016
vt 0.2148 0.6016
vt -0.2148 1.3984
vt 0.2148 0.6016
vt 0.2148 1.3984
vt -0.3125 1.9961
vt 0.3125 1.9961
vt 0.3125 2.1133
vt -0.3125 1.9961
vt 0.3125 2.1133
vt -0.3125 2.1133
vt -0.3125 1.9961
vt -0.3125 2.1133
vt 0.3125 2.1133
vt -0.3125 1.9961
vt 0.3125 2.1133
vt 0.3125 1.9961
vt -0.2266 1.9961
vt -0.2266 2.1133
vt -0.125 2.1133
vt -0.2266 1.9961
vt -0.125 2.1133
vt -0.125 1.9961
vt -0.2266 1.9961
vt -0.125 1.9961
vt -0.125 2.1133
vt -0.2266 1.9961
vt -0.125 2.1133
vt -0.2266 2.1133
vt -0.2266 1.3125
vt -0.125 1.3125
vt -0.125 0.6875
vt -0.2266 1.3125
vt -0.125 0.6875
vt -0.2266 0.6875
vt -0.2266 1.3125
vt -0.2266 0.6875
vt -0.125 0.6875
vt -0.2266 1.3125
vt -0.125 0.6875
vt -0.125 1.3125
vt -0.416 2.0039
vt -0.3965 2.0039
vt -0.3965 2.0508
vt -0.416 2.0039
vt -0.3965 2.0508
vt -0.416 2.0508
vt -0.416 2.0039
vt -0.416 2.0508
vt -0.3965 2.0508
vt -0.416 2.0039
vt -0.3965 2.0508
vt -0.3965 2.0039
vt -0.1484 2.0039
vt -0.1484 2.0508
vt 0.1953 2.0508
vt -0.1484 2.0039
vt 0.1953 2.0508
vt 0.1953 2.0039
vt -0.1484 2.0039
vt 0.1953 2.0039
vt 0.1953 2.0508
vt -0.1484 2.0039
vt 0.1953 2.0508
vt -0.1484 2.0508
vt -0.1484 1.416
vt 0.1953 1.416
vt 0.1953 1.3965
vt -0.1484 1.416
vt 0.1953 1.3965
vt -0.1484 1.3965
vt -0.1484 1.416
vt -0.1484 1.3965
vt 0.1953 1.3965
vt -0.1484 1.416
vt 0.1953 1.3965
vt 0.1953 1.416
vt 0.3965 2.0039
vt 0.416 2.0039
vt 0.416 2.0508
vt 0.3965 2.0039
vt 0.416 2.0508
vt 0.3965 2.0508
vt 0.3965 2.0039
vt 0.3965 2.0508
vt 0.416 2.0508
vt 0.3965 2.0039
vt 0.416 2.0508
vt 0.416 2.0039
vt -0.1484 2.0039
vt -0.1484 2.0508
vt 0.1953 2.0508
vt -0.1484 2.0039
vt 0.1953 2.0508
vt 0.1953 2.0039
vt -0.1484 2.0039
vt 0.1953 2.0039
vt 0.1953 2.0508
vt -0.1484 2.0039
vt 0.1953 2.0508
vt -0.1484 2.0508
vt -0.1484 0.6035
vt 0.1953 0.6035
vt 0.1953 0.584
vt -0.1484 0.6035
vt 0.1953 0.584
vt -0.1484 0.584
vt -0.1484 0.6035
vt -0.1484 0.584
vt 0.1953 0.584
vt -0.1484 0.6035
vt 0.1953 0.584
vt 0.1953 0.6035
vt -0.375 2.0039
vt 0.375 2.0039
vt 0.375 2.0508
vt -0.375 2.0039
vt 0.375 2.0508
vt -0.375 2.0508
vt -0.375 2.0039
vt -0.375 2.0508
vt 0.375 2.0508
vt -0.375 2.0039
vt 0.375 2.0508
vt 0.375 2.0039
vt 0.2129 2.0039
vt 0.2129 2.0508
vt 0.2324 2.0508
vt 0.2129 2.0039
vt 0.2324 2.0508
vt 0.2324 2.0039
vt 0.2129 2.0039
vt 0.2324 2.0039
vt 0.2324 2.0508
vt 0.2129 2.0039
vt 0.2324 2.0508
vt 0.2129 2.0508
vt 0.2129 1.375
vt 0.2324 1.375
vt 0.2324 0.625
vt 0.2129 1.375
vt 0.2324 0.625
vt 0.2129 0.625
vt 0.2129 1.375
vt 0.2129 0.625
vt 0.2324 0.625
vt 0.2129 1.375
vt 0.2324 0.625
vt 0.2324 1.375
vt 0.1836 2.0781
vt 0.1836 2.1661
vt 0.4492 2.1661
vt 0.1836 2.0781
vt 0.4492 2.1661
vt 0.4492 2.0781
vt 0.1836 1.1523
vt 0.1836 1.2539
vt 0.4492 1.2539
vt 0.1836 1.1523
vt 0.4492 1.2539
vt 0.4492 1.1523
vt 0.1836 2.1661
vt 0.1836 2.0781
vt 0.4492 2.0781
vt 0.1836 2.1661
vt 0.4492 2.0781
vt 0.4492 2.1661
vt 0.1836 2.0781
vt 0.1836 1.9902
vt 0.4492 1.9902
vt 0.1836 2.0781
vt 0.4492 1.9902
vt 0.4492 2.0781
vt 0.1836 1.2539
vt 0.1836 1.1523
vt 0.4492 1.1523
vt 0.1836 1.2539
vt 0.4492 1.1523
vt 0.4492 1.2539
vt 0.1836 1.9902
vt 0.1836 2.0781
vt 0.4492 2.0781
vt 0.1836 1.9902
vt 0.4492 2.0781
vt 0.4492 1.9902
vt -0.1523 1.9902
vt -0.2539 1.9902
vt -0.3047 2.0781
vt -0.1523 1.9902
vt -0.3047 2.0781
vt -0.2539 2.1661
vt -0.1523 1.9902
vt -0.2539 2.1661
vt -0.1523 2.1661
vt -0.1523 1.9902
vt -0.1523 2.1661
vt -0.1016 2.0781
vt -0.1016 2.0781
vt -0.1523 2.1661
vt -0.2539 2.1661
vt -0.1016 2.0781
vt -0.2539 2.1661
vt -0.3047 2.0781
vt -0.1016 2.0781
vt -0.3047 2.0781
vt -0.2539 1.9902
vt -0.1016 2.0781
vt -0.2539 1.9902
vt -0.1523 1.9902
vt -0.2617 2.0195
vt -0.1445 2.0195
vt -0.1445 2.1367
vt -0.2617 2.0195
vt -0.1445 2.1367
vt -0.2617 2.1367
vt -0.2617 2.0195
vt -0.2617 2.1367
vt -0.1445 2.1367
vt -0.2617 2.0195
vt -0.1445 2.1367
vt -0.1445 2.0195
vt 0.4219 2.0195
vt 0.4219 2.1367
vt 0.4531 2.1367
vt 0.4219 2.0195
vt 0.4531 2.1367
vt 0.4531 2.0195
vt 0.4219 2.0195
vt 0.4531 2.0195
vt 0.4531 2.1367
vt 0.4219 2.0195
vt 0.4531 2.1367
vt 0.4219 2.1367
vt 0.4219 1.2617
vt 0.4531 1.2617
vt 0.4531 1.1445
vt 0.4219 1.2617
vt 0.4531 1.1445
vt 0.4219 1.1445
vt 0.4219 1.2617
vt 0.4219 1.1445
vt 0.4531 1.1445
vt 0.4219 1.2617
vt 0.4531 1.1445
vt 0.4531 1.2617
vt -0.2285 2.0527
vt -0.1777 2.0527
vt -0.1777 2.1035
vt -0.2285 2.0527
vt -0.1777 2.1035
vt -0.2285 2.1035
vt -0.2285 2.0527
vt -0.2285 2.1035
vt -0.1777 2.1035
vt -0.2285 2.0527
vt -0.1777 2.1035
vt -0.1777 2.0527
vt 0.4375 2.0527
vt 0.4375 2.1035
vt 0.4531 2.1035
vt 0.4375 2.0527
vt 0.4531 2.1035
vt 0.4531 2.0527
vt 0.4375 2.0527
vt 0.4531 2.0527
vt 0.4531 2.1035
vt 0.4375 2.0527
vt 0.4531 2.1035
vt 0.4375 2.1035
vt 0.4375 1.2285
vt 0.4531 1.2285
vt 0.4531 1.1777
vt 0.4375 1.2285
vt 0.4531 1.1777
vt 0.4375 1.1777
vt 0.4375 1.2285
vt 0.4375 1.1777
vt 0.4531 1.1777
vt 0.4375 1.2285
vt 0.4531 1.1777
vt 0.4531 1.2285
vt 0.1836 2.0781
vt 0.1836 2.1661
vt 0.4492 2.1661
vt 0.1836 2.0781
vt 0.4492 2.1661
vt 0.4492 2.0781
vt 0.1836 0.7461
vt 0.1836 0.8477
vt 0.4492 0.8477
vt 0.1836 0.7461
vt 0.4492 0.8477
vt 0.4492 0.7461
vt 0.1836 2.1661
vt 0.1836 2.0781
vt 0.4492 2.0781
vt 0.1836 2.1661
vt 0.4492 2.0781
vt 0.4492 2.1661
vt 0.1836 2.0781
vt 0.1836 1.9902
vt 0.4492 1.9902
vt 0.1836 2.0781
vt 0.4492 1.9902
vt 0.4492 2.0781
vt 0.1836 0.8477
vt 0.1836 0.7461
vt 0.4492 0.7461
vt 0.1836 0.8477
vt 0.4492 0.7461
vt 0.4492 0.8477
vt 0.1836 1.9902
vt 0.1836 2.0781
vt 0.4492 2.0781
vt 0.1836 1.9902
vt 0.4492 2.0781
vt 0.4492 1.9902
vt 0.2539 1.9902
vt 0.1523 1.9902
vt 0.1016 2.0781
vt 0.2539 1.9902
vt 0.1016 2.0781
vt 0.1523 2.1661
vt 0.2539 1.9902
vt 0.1523 2.1661
vt 0.2539 2.1661
vt 0.2539 1.9902
vt 0.2539 2.1661
vt 0.3047 2.0781
vt 0.3047 2.0781
vt 0.2539 2.1661
vt 0.1523 2.1661
vt 0.3047 2.0781
vt 0.1523 2.1661
vt 0.1016 2.0781
vt 0.3047 2.0781
vt 0.1016 2.0781
vt 0.1523 1.9902
vt 0.3047 2.0781
vt 0.1523 1.9902
vt 0.2539 1.9902
vt 0.1445 2.0195
vt 0.2617 2.0195
vt 0.2617 2.1367
vt 0.1445 2.0195
vt 0.2617 2.1367
vt 0.1445 2.1367
vt 0.1445 2.0195
vt 0.1445 2.1367
vt 0.2617 2.1367
vt 0.1445 2.0195
vt 0.2617 2.1367
vt 0.2617 2.0195
vt 0.4219 2.0195
vt 0.4219 2.1367
vt 0.4531 2.1367
vt 0.4219 2.0195
vt 0.4531 2.1367
vt 0.4531 2.0195
vt 0.4219 2.0195
vt 0.4531 2.0195
vt 0.4531 2.1367
vt 0.4219 2.0195
vt 0.4531 2.1367
vt 0.4219 2.1367
vt 0.4219 0.8555
vt 0.4531 0.8555
vt 0.4531 0.7383
vt 0.4219 0.8555
vt 0.4531 0.7383
vt 0.4219 0.7383
vt 0.4219 0.8555
vt 0.4219 0.7383
vt 0.4531 0.7383
vt 0.4219 0.8555
vt 0.4531 0.7383
vt 0.4531 0.8555
vt 0.1777 2.0527
vt 0.2285 2.0527
vt 0.2285 2.1035
vt 0.1777 2.0527
vt 0.2285 2.1035
vt 0.1777 2.1035
vt 0.1777 2.0527
vt 0.1777 2.1035
vt 0.2285 2.1035
vt 0.1777 2.0527
vt 0.2285 2.1035
vt 0.2285 2.0527
vt 0.4375 2.0527
vt 0.4375 2.1035
vt 0.4531 2.1035
vt 0.4375 2.0527
vt 0.4531 2.1035
vt 0.4531 2.0527
vt 0.4375 2.0527
vt 0.4531 2.0527
vt 0.4531 2.1035
vt 0.4375 2.0527
vt 0.4531 2.1035
vt 0.4375 2.1035
vt 0.4375 0.8223
vt 0.4531 0.8223
vt 0.4531 0.7715
vt 0.4375 0.8223
vt 0.4531 0.7715
vt 0.4375 0.7715
vt 0.4375 0.8223
vt 0.4375 0.7715
vt 0.4531 0.7715
vt 0.4375 0.8223
vt 0.4531 0.7715
vt 0.4531 0.8223
vt -0.1367 2.0508
vt 0.1367 2.0508
vt 0.1367 2.1367
vt -0.1367 2.0508
vt 0.1367 2.1367
vt -0.1367 2.1367
vt -0.1367 2.0508
vt -0.1367 2.1367
vt 0.1367 2.1367
vt -0.1367 2.0508
vt 0.1367 2.1367
vt 0.1367 2.0508
vt -0.2695 2.0508
vt -0.2695 2.1367
vt -0.2148 2.1367
vt -0.2695 2.0508
vt -0.2148 2.1367
vt -0.2148 2.0508
vt -0.2695 2.0508
vt -0.2148 2.0508
vt -0.2148 2.1367
vt -0.2695 2.0508
vt -0.2148 2.1367
vt -0.2695 2.1367
vt -0.2695 1.1367
vt -0.2148 1.1367
vt -0.2148 0.8633
vt -0.2695 1.1367
vt -0.2148 0.8633
vt -0.2695 0.8633
vt -0.2695 1.1367
vt -0.2695 0.8633
vt -0.2148 0.8633
vt -0.2695 1.1367
vt -0.2148 0.8633
vt -0.2148 1.1367
vn -0.6578 0.5927 0.4647
vn -0.6578 0.5927 0.4647
vn -0.6578 0.5927 0.4647
vn -0.6578 0.5927 0.4647
vn -0.6578 0.5927 0.4647
vn -0.6578 0.5927 0.4647
vn 0.1844 0.3194 0.9295
vn 0.1844 0.3194 0.9295
vn 0.1844 0.3194 0.9295
vn 0.1844 0.3194 0.9295
vn 0.1844 0.3194 0.9295
vn 0.1844 0.3194 0.9295
vn 0.8422 -0.2733 0.4647
vn 0.8422 -0.2733 0.4647
vn 0.8422 -0.2733 0.4647
vn 0.8422 -0.2733 0.4647
vn 0.8422 -0.2733 0.4647
vn 0.8422 -0.2733 0.4647
vn 0.6578 -0.5927 -0.4647
vn 0.6578 -0.5927 -0.4647
vn 0.6578 -0.5927 -0.4647
vn 0.6578 -0.5927 -0.4647
vn 0.6578 -0.5927 -0.4647
vn 0.6578 -0.5927 -0.4647
vn -0.1844 -0.3194 -0.9295
vn -0.1844 -0.3194 -0.9295
vn -0.1844 -0.3194 -0.9295
vn -0.1844 -0.3194 -0.9295
vn -0.1844 -0.3194 -0.9295
vn -0.1844 -0.3194 -0.9295
vn -0.8422 0.2733 -0.4647
vn -0.8422 0.2733 -0.4647
vn -0.8422 0.2733 -0.4647
vn -0.8422 0.2733 -0.4647
vn -0.8422 0.2733 -0.4647
vn -0.8422 0.2733 -0.4647
vn -0.4647 -0.805 0.3688
vn -0.4647 -0.805 0.3688
vn -0.4647 -0.805 0.3688
vn -0.4647 -0.805 0.3688
vn -0.4647 -0.805 0.3688
vn -0.4647 -0.805 0.3688
vn -0.4647 -0.805 0.3688
vn -0.4647 -0.805 0.3688
vn -0.4647 -0.805 0.3688
vn -0.4647 -0.805 0.3688
vn -0.4647 -0.805 0.3688
vn -0.4647 -0.805 0.3688
vn 0.4647 0.805 -0.3688
vn 0.4647 0.805 -0.3688
vn 0.4647 0.805 -0.3688
vn 0.4647 0.805 -0.3688
vn 0.4647 0.805 -0.3688
vn 0.4647 0.805 -0.3688
vn 0.4647 0.805 -0.3688
vn 0.4647 0.805 -0.3688
vn 0.4647 0.805 -0.3688
vn 0.4647 0.805 -0.3688
vn 0.4647 0.805 -0.3688
vn 0.4647 0.805 -0.3688
vn 0.5 0.866 0.0
vn 0.5 0.866 0.0
vn 0.5 0.866 0.0
vn 0.5 0.866 0.0
vn 0.5 0.866 0.0
vn 0.5 0.866 0.0
vn -0.5 -0.866 0.0
vn -0.5 -0.866 0.0
vn -0.5 -0.866 0.0
vn -0.5 -0.866 0.0
vn -0.5 -0.866 0.0
vn -0.5 -0.866 0.0
vn -0.866 0.5 0.0
vn -0.866 0.5 0.0
vn -0.866 0.5 0.0
vn -0.866 0.5 0.0
vn -0.866 0.5 0.0
vn -0.866 0.5 0.0
vn 0.866 -0.5 0.0
vn 0.866 -0.5 0.0
vn 0.866 -0.5 0.0
vn 0.866 -0.5 0.0
vn 0.866 -0.5 0.0
vn 0.866 -0.5 0.0
vn 0.0 0.0 1.0
vn 0.0 0.0 1.0
vn 0.0 0.0 1.0
vn 0.0 0.0 1.0
vn 0.0 0.0 1.0
vn 0.0 0.0 1.0
vn 0.0 0.0 -1.0
vn 0.0 0.0 -1.0
vn 0.0 0.0 -1.0
vn 0.0 0.0 -1.0
vn 0.0 0.0 -1.0
vn 0.0 0.0 -1.0
vn 0.4992 0.8592 0.1118
vn 0.4992 0.8592 0.1118
vn 0.4992 0.8592 0.1118
vn 0.4992 0.8592 0.1118
vn 0.4992 0.8592 0.1118
vn 0.4992 0.8592 0.1118
vn 0.9984 -0.0054 0.0556
vn 0.9984 -0.0054 0.0556
vn 0.9984 -0.0054 0.0556
vn 0.9984 -0.0054 0.0556
vn 0.9984 -0.0054 0.0556
vn 0.9984 -0.0054 0.0556
vn 0.4992 -0.8647 -0.0562
vn 0.4992 -0.8647 -0.0562
vn 0.4992 -0.8647 -0.0562
vn 0.4992 -0.8647 -0.0562
vn 0.4992 -0.8647 -0.0562
vn 0.4992 -0.8647 -0.0562
vn -0.4992 -0.8592 -0.1118
vn -0.4992 -0.8592 -0.1118
vn -0.4992 -0.8592 -0.1118
vn -0.4992 -0.8592 -0.1118
vn -0.4992 -0.8592 -0.1118
vn -0.4992 -0.8592 -0.1118
vn -0.9984 0.0054 -0.0556
vn -0.9984 0.0054 -0.0556
vn -0.9984 0.0054 -0.0556
vn -0.9984 0.0054 -0.0556
vn -0.9984 0.0054 -0.0556
vn -0.9984 0.0054 -0.0556
vn -0.4992 0.8647 0.0562
vn -0.4992 0.8647 0.0562
vn -0.4992 0.8647 0.0562
vn -0.4992 0.8647 0.0562
vn -0.4992 0.8647 0.0562
vn -0.4992 0.8647 0.0562
vn -0.0559 -0.0968 0.9937
vn -0.0559 -0.0968 0.9937
vn -0.0559 -0.0968 0.9937
vn -0.0559 -0.0968 0.9937
vn -0.0559 -0.0968 0.9937
vn -0.0559 -0.0968 0.9937
vn -0.0559 -0.0968 0.9937
vn -0.0559 -0.0968 0.9937
vn -0.0559 -0.0968 0.9937
vn -0.0559 -0.0968 0.9937
vn -0.0559 -0.0968 0.9937
vn -0.0559 -0.0968 0.9937
vn 0.0559 0.0968 -0.9937
vn 0.0559 0.0968 -0.9937
vn 0.0559 0.0968 -0.9937
vn 0.0559 0.0968 -0.9937
vn 0.0559 0.0968 -0.9937
vn 0.0559 0.0968 -0.9937
vn 0.0559 0.0968 -0.9937
vn 0.0559 0.0968 -0.9937
vn 0.0559 0.0968 -0.9937
vn 0.0559 0.0968 -0.9937
vn 0.0559 0.0968 -0.9937
vn 0.0559 0.0968 -0.9937
vn 0.5 0.866 0.0
vn 0.5 0.866 0.0
vn 0.5 0.866 0.0
vn 0.5 0.866 0.0
vn 0.5 0.866 0.0
vn 0.5 0.866 0.0
vn -0.5 -0.866 0.0
vn -0.5 -0.866 0.0
vn -0.5 -0.866 0.0
vn -0.5 -0.866 0.0
vn -0.5 -0.866 0.0
vn -0.5 -0.866 0.0
vn -0.866 0.5 0.0
vn -0.866 0.5 0.0
vn -0.866 0.5 0.0
vn -0.866 0.5 0.0
vn -0.866 0.5 0.0
vn -0.866 0.5 0.0
vn 0.866 -0.5 0.0
vn 0.866 -0.5 0.0
vn 0.866 -0.5 0.0
vn 0.866 -0.5 0.0
vn 0.866 -0.5 0.0
vn 0.866 -0.5 0.0
vn 0.0 0.0 1.0
vn 0.0 0.0 1.0
vn 0.0 0.0 1.0
vn 0.0 0.0 1.0
vn 0.0 0.0 1.0
vn 0.0 0.0 1.0
vn 0.0 0.0 -1.0
vn 0.0 0.0 -1.0
vn 0.0 0.0 -1.0
vn 0.0 0.0 -1.0
vn 0.0 0.0 -1.0
vn 0.0 0.0 -1.0
vn 0.5 0.866 0.0
vn 0.5 0.866 0.0
vn 0.5 0.866 0.0
vn 0.5 0.866 0.0
vn 0.5 0.866 0.0
vn 0.5 0.866 0.0
vn -0.5 -0.866 0.0
vn -0.5 -0.866 0.0
vn -0.5 -0.866 0.0
vn -0.5 -0.866 0.0
vn -0.5 -0.866 0.0
vn -0.5 -0.866 0.0
vn -0.866 0.5 0.0
vn -0.866 0.5 0.0
vn -0.866 0.5 0.0
vn -0.866 0.5 0.0
vn -0.866 0.5 0.0
vn -0.866 0.5 0.0
vn 0.866 -0.5 0.0
vn 0.866 -0.5 0.0
vn 0.866 -0.5 0.0
vn 0.866 -0.5 0.0
vn 0.866 -0.5 0.0
vn 0.866 -0.5 0.0
vn 0.0 0.0 1.0
vn 0.0 0.0 1.0
vn 0.0 0.0 1.0
vn 0.0 0.0 1.0
vn 0.0 0.0 1.0
vn 0.0 0.0 1.0
vn 0.0 0.0 -1.0
vn 0.0 0.0 -1.0
vn 0.0 0.0 -1.0
vn 0.0 0.0 -1.0
vn 0.0 0.0 -1.0
vn 0.0 0.0 -1.0
vn 0.8422 0.2733 0.4647
vn 0.8422 0.2733 0.4647
vn 0.8422 0.2733 0.4647
vn 0.8422 0.2733 0.4647
vn 0.8422 0.2733 0.4647
vn 0.8422 0.2733 0.4647
vn 0.1844 -0.3194 0.9295
vn 0.1844 -0.3194 0.9295
vn 0.1844 -0.3194 0.9295
vn 0.1844 -0.3194 0.9295
vn 0.1844 -0.3194 0.9295
vn 0.1844 -0.3194 0.9295
vn -0.6578 -0.5927 0.4647
vn -0.6578 -0.5927 0.4647
vn -0.6578 -0.5927 0.4647
vn -0.6578 -0.5927 0.4647
vn -0.6578 -0.5927 0.4647
vn -0.6578 -0.5927 0.4647
vn -0.8422 -0.2733 -0.4647
vn -0.8422 -0.2733 -0.4647
vn -0.8422 -0.2733 -0.4647
vn -0.8422 -0.2733 -0.4647
vn -0.8422 -0.2733 -0.4647
vn -0.8422 -0.2733 -0.4647
vn -0.1844 0.3194 -0.9295
vn -0.1844 0.3194 -0.9295
vn -0.1844 0.3194 -0.9295
vn -0.1844 0.3194 -0.9295
vn -0.1844 0.3194 -0.9295
vn -0.1844 0.3194 -0.9295
vn 0.6578 0.5927 -0.4647
vn 0.6578 0.5927 -0.4647
vn 0.6578 0.5927 -0.4647
vn 0.6578 0.5927 -0.4647
vn 0.6578 0.5927 -0.4647
vn 0.6578 0.5927 -0.4647
vn -0.4647 0.805 0.3688
vn -0.4647 0.805 0.3688
vn -0.4647 0.805 0.3688
vn -0.4647 0.805 0.3688
vn -0.4647 0.805 0.3688
vn -0.4647 0.805 0.3688
vn -0.4647 0.805 0.3688
vn -0.4647 0.805 0.3688
vn -0.4647 0.805 0.3688
vn -0.4647 0.805 0.3688
vn -0.4647 0.805 0.3688
vn -0.4647 0.805 0.3688
vn 0.4647 -0.805 -0.3688
vn 0.4647 -0.805 -0.3688
vn 0.4647 -0.805 -0.3688
vn 0.4647 -0.805 -0.3688
vn 0.4647 -0.805 -0.3688
vn 0.4647 -0.805 -0.3688
vn 0.4647 -0.805 -0.3688
vn 0.4647 -0.805 -0.3688
vn 0.4647 -0.805 -0.3688
vn 0.4647 -0.805 -0.3688
vn 0.4647 -0.805 -0.3688
vn 0.4647 -0.805 -0.3688
vn 0.5 -0.866 0.0
vn 0.5 -0.866 0.0
vn 0.5 -0.866 0.0
vn 0.5 -0.866 0.0
vn 0.5 -0.866 0.0
vn 0.5 -0.866 0.0
vn -0.5 0.866 0.0
vn -0.5 0.866 0.0
vn -0.5 0.866 0.0
vn -0.5 0.866 0.0
vn -0.5 0.866 0.0
vn -0.5 0.866 0.0
vn 0.866 0.5 0.0
vn 0.866 0.5 0.0
vn 0.866 0.5 0.0
vn 0.866 0.5 0.0
vn 0.866 0.5 0.0
vn 0.866 0.5 0.0
vn -0.866 -0.5 0.0
vn -0.866 -0.5 0.0
vn -0.866 -0.5 0.0
vn -0.866 -0.5 0.0
vn -0.866 -0.5 0.0
vn -0.866 -0.5 0.0
vn 0.0 0.0 1.0
vn 0.0 0.0 1.0
vn 0.0 0.0 1.0
vn 0.0 0.0 1.0
vn 0.0 0.0 1.0
vn 0.0 0.0 1.0
vn 0.0 0.0 -1.0
vn 0.0 0.0 -1.0
vn 0.0 0.0 -1.0
vn 0.0 0.0 -1.0
vn 0.0 0.0 -1.0
vn 0.0 0.0 -1.0
vn 0.4992 0.8647 -0.0562
vn 0.4992 0.8647 -0.0562
vn 0.4992 0.8647 -0.0562
vn 0.4992 0.8647 -0.0562
vn 0.4992 0.8647 -0.0562
vn 0.4992 0.8647 -0.0562
vn 0.9984 0.0054 0.0556
vn 0.9984 0.0054 0.0556
vn 0.9984 0.0054 0.0556
vn 0.9984 0.0054 0.0556
vn 0.9984 0.0054 0.0556
vn 0.9984 0.0054 0.0556
vn 0.4992 -0.8592 0.1118
vn 0.4992 -0.8592 0.1118
vn 0.4992 -0.8592 0.1118
vn 0.4992 -0.8592 0.1118
vn 0.4992 -0.8592 0.1118
vn 0.4992 -0.8592 0.1118
vn -0.4992 -0.8647 0.0562
vn -0.4992 -0.8647 0.0562
vn -0.4992 -0.8647 0.0562
vn -0.4992 -0.8647 0.0562
vn -0.4992 -0.8647 0.0562
vn -0.4992 -0.8647 0.0562
vn -0.9984 -0.0054 -0.0556
vn -0.9984 -0.0054 -0.0556
vn -0.9984 -0.0054 -0.0556
vn -0.9984 -0.0054 -0.0556
vn -0.9984 -0.0054 -0.0556
vn -0.9984 -0.0054 -0.0556
vn -0.4992 0.8592 -0.1118
vn -0.4992 0.8592 -0.1118
vn -0.4992 0.8592 -0.1118
vn -0.4992 0.8592 -0.1118
vn -0.4992 0.8592 -0.1118
vn -0.4992 0.8592 -0.1118
vn -0.0559 0.0968 0.9937
vn -0.0559 0.0968 0.9937
vn -0.0559 0.0968 0.9937
vn -0.0559 0.0968 0.9937
vn -0.0559 0.0968 0.9937
vn -0.0559 0.0968 0.9937
vn -0.0559 0.0968 0.9937
vn -0.0559 0.0968 0.9937
vn -0.0559 0.0968 0.9937
vn -0.0559 0.0968 0.9937
vn -0.0559 0.0968 0.9937
vn -0.0559 0.0968 0.9937
vn 0.0559 -0.0968 -0.9937
vn 0.0559 -0.0968 -0.9937
vn 0.0559 -0.0968 -0.9937
vn 0.0559 -0.0968 -0.9937
vn 0.0559 -0.0968 -0.9937
vn 0.0559 -0.0968 -0.9937
vn 0.0559 -0.0968 -0.9937
vn 0.0559 -0.0968 -0.9937
vn 0.0559 -0.0968 -0.9937
vn 0.0559 -0.0968 -0.9937
vn 0.0559 -0.0968 -0.9937
vn 0.0559 -0.0968 -0.9937
vn 0.5 -0.866 0.0
vn 0.5 -0.866 0.0
vn 0.5 -0.866 0.0
vn 0.5 -0.866 0.0
vn 0.5 -0.866 0.0
vn 0.5 -0.866 0.0
vn -0.5 0.866 0.0
vn -0.5 0.866 0.0
vn -0.5 0.866 0.0
vn -0.5 0.866 0.0
vn -0.5 0.866 0.0
vn -0.5 0.866 0.0
vn 0.866 0.5 0.0
vn 0.866 0.5 0.0
vn 0.866 0.5 0.0
vn 0.866 0.5 0.0
vn 0.866 0.5 0.0
vn 0.866 0.5 0.0
vn -0.866 -0.5 0.0
vn -0.866 -0.5 0.0
vn -0.866 -0.5 0.0
vn -0.866 -0.5 0.0
vn -0.866 -0.5 0.0
vn -0.866 -0.5 0.0
vn 0.0 0.0 1.0
vn 0.0 0.0 1.0
vn 0.0 0.0 1.0
vn 0.0 0.0 1.0
vn 0.0 0.0 1.0
vn 0.0 0.0 1.0
vn 0.0 0.0 -1.0
vn 0.0 0.0 -1.0
vn 0.0 0.0 -1.0
vn 0.0 0.0 -1.0
vn 0.0 0.0 -1.0
vn 0.0 0.0 -1.0
vn 0.5 -0.866 0.0
vn 0.5 -0.866 0.0
vn 0.5 -0.866 0.0
vn 0.5 -0.866 0.0
vn 0.5 -0.866 0.0
vn 0.5 -0.866 0.0
vn -0.5 0.866 0.0
vn -0.5 0.866 0.0
vn -0.5 0.866 0.0
vn -0.5 0.866 0.0
vn -0.5 0.866 0.0
vn -0.5 0.866 0.0
vn 0.866 0.5 0.0
vn 0.866 0.5 0.0
vn 0.866 0.5 0.0
vn 0.866 0.5 0.0
vn 0.866 0.5 0.0
vn 0.866 0.5 0.0
vn -0.866 -0.5 0.0
vn -0.866 -0.5 0.0
vn -0.866 -0.5 0.0
vn -0.866 -0.5 0.0
vn -0.866 -0.5 0.0
vn -0.866 -0.5 0.0
vn 0.0 0.0 1.0
vn 0.0 0.0 1.0
vn 0.0 0.0 1.0
vn 0.0 0.0 1.0
vn 0.0 0.0 1.0
vn 0.0 0.0 1.0
vn 0.0 0.0 -1.0
vn 0.0 0.0 -1.0
vn 0.0 0.0 -1.0
vn 0.0 0.0 -1.0
vn 0.0 0.0 -1.0
vn 0.0 0.0 -1.0
vn -0.1844 -0.866 0.4647
vn -0.1844 -0.866 0.4647
vn -0.1844 -0.866 0.4647
vn -0.1844 -0.866 0.4647
vn -0.1844 -0.866 0.4647
vn -0.1844 -0.866 0.4647
vn -0.3688 0.0 0.9295
vn -0.3688 0.0 0.9295
vn -0.3688 0.0 0.9295
vn -0.3688 0.0 0.9295
vn -0.3688 0.0 0.9295
vn -0.3688 0.0 0.9295
vn -0.1844 0.866 0.4647
vn -0.1844 0.866 0.4647
vn -0.1844 0.866 0.4647
vn -0.1844 0.866 0.4647
vn -0.1844 0.866 0.4647
vn -0.1844 0.866 0.4647
vn 0.1844 0.866 -0.4647
vn 0.1844 0.866 -0.4647
vn 0.1844 0.866 -0.4647
vn 0.1844 0.866 -0.4647
vn 0.1844 0.866 -0.4647
vn 0.1844 0.866 -0.4647
vn 0.3688 0.0 -0.9295
vn 0.3688 0.0 -0.9295
vn 0.3688 0.0 -0.9295
vn 0.3688 0.0 -0.9295
vn 0.3688 0.0 -0.9295
vn 0.3688 0.0 -0.9295
vn 0.1844 -0.866 -0.4647
vn 0.1844 -0.866 -0.4647
vn 0.1844 -0.866 -0.4647
vn 0.1844 -0.866 -0.4647
vn 0.1844 -0.866 -0.4647
vn 0.1844 -0.866 -0.4647
vn 0.9295 0.0 0.3688
vn 0.9295 0.0 0.3688
vn 0.9295 0.0 0.3688
vn 0.9295 0.0 0.3688
vn 0.9295 0.0 0.3688
vn 0.9295 0.0 0.3688
vn 0.9295 0.0 0.3688
vn 0.9295 0.0 0.3688
vn 0.9295 0.0 0.3688
vn 0.9295 0.0 0.3688
vn 0.9295 0.0 0.3688
vn 0.9295 0.0 0.3688
vn -0.9295 0.0 -0.3688
vn -0.9295 0.0 -0.3688
vn -0.9295 0.0 -0.3688
vn -0.9295 0.0 -0.3688
vn -0.9295 0.0 -0.3688
vn -0.9295 0.0 -0.3688
vn -0.9295 0.0 -0.3688
vn -0.9295 0.0 -0.3688
vn -0.9295 0.0 -0.3688
vn -0.9295 0.0 -0.3688
vn -0.9295 0.0 -0.3688
vn -0.9295 0.0 -0.3688
vn -1.0 0.0 0.0
vn -1.0 0.0 0.0
vn -1.0 0.0 0.0
vn -1.0 0.0 0.0
vn -1.0 0.0 0.0
vn -1.0 0.0 0.0
vn 1.0 0.0 0.0
vn 1.0 0.0 0.0
vn 1.0 0.0 0.0
vn 1.0 0.0 0.0
vn 1.0 0.0 0.0
vn 1.0 0.0 0.0
vn 0.0 -1.0 0.0
vn 0.0 -1.0 0.0
vn 0.0 -1.0 0.0
vn 0.0 -1.0 0.0
vn 0.0 -1.0 0.0
vn 0.0 -1.0 0.0
vn 0.0 1.0 0.0
vn 0.0 1.0 0.0
vn 0.0 1.0 0.0
vn 0.0 1.0 0.0
vn 0.0 1.0 0.0
vn 0.0 1.0 0.0
vn 0.0 0.0 1.0
vn 0.0 0.0 1.0
vn 0.0 0.0 1.0
vn 0.0 0.0 1.0
vn 0.0 0.0 1.0
vn 0.0 0.0 1.0
vn 0.0 0.0 -1.0
vn 0.0 0.0 -1.0
vn 0.0 0.0 -1.0
vn 0.0 0.0 -1.0
vn 0.0 0.0 -1.0
vn 0.0 0.0 -1.0
vn 0.4969 0.866 -0.0559
vn 0.4969 0.866 -0.0559
vn 0.4969 0.866 -0.0559
vn 0.4969 0.866 -0.0559
vn 0.4969 0.866 -0.0559
vn 0.4969 0.866 -0.0559
vn 0.9937 0.0 -0.1118
vn 0.9937 0.0 -0.1118
vn 0.9937 0.0 -0.1118
vn 0.9937 0.0 -0.1118
vn 0.9937 0.0 -0.1118
vn 0.9937 0.0 -0.1118
vn 0.4969 -0.866 -0.0559
vn 0.4969 -0.866 -0.0559
vn 0.4969 -0.866 -0.0559
vn 0.4969 -0.866 -0.0559
vn 0.4969 -0.866 -0.0559
vn 0.4969 -0.866 -0.0559
vn -0.4969 -0.866 0.0559
vn -0.4969 -0.866 0.0559
vn -0.4969 -0.866 0.0559
vn -0.4969 -0.866 0.0559
vn -0.4969 -0.866 0.0559
vn -0.4969 -0.866 0.0559
vn -0.9937 0.0 0.1118
vn -0.9937 0.0 0.1118
vn -0.9937 0.0 0.1118
vn -0.9937 0.0 0.1118
vn -0.9937 0.0 0.1118
vn -0.9937 0.0 0.1118
vn -0.4969 0.866 0.0559
vn -0.4969 0.866 0.0559
vn -0.4969 0.866 0.0559
vn -0.4969 0.866 0.0559
vn -0.4969 0.866 0.0559
vn -0.4969 0.866 0.0559
vn 0.1118 0.0 0.9937
vn 0.1118 0.0 0.9937
vn 0.1118 0.0 0.9937
vn 0.1118 0.0 0.9937
vn 0.1118 0.0 0.9937
vn 0.1118 0.0 0.9937
vn 0.1118 0.0 0.9937
vn 0.1118 0.0 0.9937
vn 0.1118 0.0 0.9937
vn 0.1118 0.0 0.9937
vn 0.1118 0.0 0.9937
vn 0.1118 0.0 0.9937
vn -0.1118 0.0 -0.9937
vn -0.1118 0.0 -0.9937
vn -0.1118 0.0 -0.9937
vn -0.1118 0.0 -0.9937
vn -0.1118 0.0 -0.9937
vn -0.1118 0.0 -0.9937
vn -0.1118 0.0 -0.9937
vn -0.1118 0.0 -0.9937
vn -0.1118 0.0 -0.9937
vn -0.1118 0.0 -0.9937
vn -0.1118 0.0 -0.9937
vn -0.1118 0.0 -0.9937
vn -1.0 0.0 0.0
vn -1.0 0.0 0.0
vn -1.0 0.0 0.0
vn -1.0 0.0 0.0
vn -1.0 0.0 0.0
vn -1.0 0.0 0.0
vn 1.0 0.0 0.0
vn 1.0 0.0 0.0
vn 1.0 0.0 0.0
vn 1.0 0.0 0.0
vn 1.0 0.0 0.0
vn 1.0 0.0 0.0
vn 0.0 -1.0 0.0
vn 0.0 -1.0 0.0
vn 0.0 -1.0 0.0
vn 0.0 -1.0 0.0
vn 0.0 -1.0 0.0
vn 0.0 -1.0 0.0
vn 0.0 1.0 0.0
vn 0.0 1.0 0.0
vn 0.0 1.0 0.0
vn 0.0 1.0 0.0
vn 0.0 1.0 0.0
vn 0.0 1.0 0.0
vn 0.0 0.0 1.0
vn 0.0 0.0 1.0
vn 0.0 0.0 1.0
vn 0.0 0.0 1.0
vn 0.0 0.0 1.0
vn 0.0 0.0 1.0
vn 0.0 0.0 -1.0
vn 0.0 0.0 -1.0
vn 0.0 0.0 -1.0
vn 0.0 0.0 -1.0
vn 0.0 0.0 -1.0
vn 0.0 0.0 -1.0
vn -1.0 0.0 0.0
vn -1.0 0.0 0.0
vn -1.0 0.0 0.0
vn -1.0 0.0 0.0
vn -1.0 0.0 0.0
vn -1.0 0.0 0.0
vn 1.0 0.0 0.0
vn 1.0 0.0 0.0
vn 1.0 0.0 0.0
vn 1.0 0.0 0.0
vn 1.0 0.0 0.0
vn 1.0 0.0 0.0
vn 0.0 -1.0 0.0
vn 0.0 -1.0 0.0
vn 0.0 -1.0 0.0
vn 0.0 -1.0 0.0
vn 0.0 -1.0 0.0
vn 0.0 -1.0 0.0
vn 0.0 1.0 0.0
vn 0.0 1.0 0.0
vn 0.0 1.0 0.0
vn 0.0 1.0 0.0
vn 0.0 1.0 0.0
vn 0.0 1.0 0.0
vn 0.0 0.0 1.0
vn 0.0 0.0 1.0
vn 0.0 0.0 1.0
vn 0.0 0.0 1.0
vn 0.0 0.0 1.0
vn 0.0 0.0 1.0
vn 0.0 0.0 -1.0
vn 0.0 0.0 -1.0
vn 0.0 0.0 -1.0
vn 0.0 0.0 -1.0
vn 0.0 0.0 -1.0
vn 0.0 0.0 -1.0
vn 0.9239 0.3827 0.0
vn 0.9239 0.3827 0.0
vn 0.9239 0.3827 0.0
vn 0.9239 0.3827 0.0
vn 0.9239 0.3827 0.0
vn 0.9239 0.3827 0.0
vn 0.3827 0.9239 0.0
vn 0.3827 0.9239 0.0
vn 0.3827 0.9239 0.0
vn 0.3827 0.9239 0.0
vn 0.3827 0.9239 0.0
vn 0.3827 0.9239 0.0
vn -0.3827 0.9239 0.0
vn -0.3827 0.9239 0.0
vn -0.3827 0.9239 0.0
vn -0.3827 0.9239 0.0
vn -0.3827 0.9239 0.0
vn -0.3827 0.9239 0.0
vn -0.9239 0.3827 0.0
vn -0.9239 0.3827 0.0
vn -0.9239 0.3827 0.0
vn -0.9239 0.3827 0.0
vn -0.9239 0.3827 0.0
vn -0.9239 0.3827 0.0
vn -0.9239 -0.3827 0.0
vn -0.9239 -0.3827 0.0
vn -0.9239 -0.3827 0.0
vn -0.9239 -0.3827 0.0
vn -0.9239 -0.3827 0.0
vn -0.9239 -0.3827 0.0
vn -0.3827 -0.9239 0.0
vn -0.3827 -0.9239 0.0
vn -0.3827 -0.9239 0.0
vn -0.3827 -0.9239 0.0
vn -0.3827 -0.9239 0.0
vn -0.3827 -0.9239 0.0
vn 0.3827 -0.9239 0.0
vn 0.3827 -0.9239 0.0
vn 0.3827 -0.9239 0.0
vn 0.3827 -0.9239 0.0
vn 0.3827 -0.9239 0.0
vn 0.3827 -0.9239 0.0
vn 0.9239 -0.3827 0.0
vn 0.9239 -0.3827 0.0
vn 0.9239 -0.3827 0.0
vn 0.9239 -0.3827 0.0
vn 0.9239 -0.3827 0.0
vn 0.9239 -0.3827 0.0
vn 0.0 0.0 -1.0
vn 0.0 0.0 -1.0
vn 0.0 0.0 -1.0
vn 0.0 0.0 -1.0
vn 0.0 0.0 -1.0
vn 0.0 0.0 -1.0
vn 0.0 0.0 -1.0
vn 0.0 0.0 -1.0
vn 0.0 0.0 -1.0
vn 0.0 0.0 -1.0
vn 0.0 0.0 -1.0
vn 0.0 0.0 -1.0
vn 0.0 0.0 -1.0
vn 0.0 0.0 -1.0
vn 0.0 0.0 -1.0
vn 0.0 0.0 -1.0
vn 0.0 0.0 -1.0
vn 0.0 0.0 -1.0
vn 0.0 0.0 1.0
vn 0.0 0.0 1.0
vn 0.0 0.0 1.0
vn 0.0 0.0 1.0
vn 0.0 0.0 1.0
vn 0.0 0.0 1.0
vn 0.0 0.0 1.0
vn 0.0 0.0 1.0
vn 0.0 0.0 1.0
vn 0.0 0.0 1.0
vn 0.0 0.0 1.0
vn 0.0 0.0 1.0
vn 0.0 0.0 1.0
vn 0.0 0.0 1.0
vn 0.0 0.0 1.0
vn 0.0 0.0 1.0
vn 0.0 0.0 1.0
vn 0.0 0.0 1.0
vn 0.9239 0.3827 0.0
vn 0.9239 0.3827 0.0
vn 0.9239 0.3827 0.0
vn 0.9239 0.3827 0.0
vn 0.9239 0.3827 0.0
vn 0.9239 0.3827 0.0
vn 0.3827 0.9239 0.0
vn 0.3827 0.9239 0.0
vn 0.3827 0.9239 0.0
vn 0.3827 0.9239 0.0
vn 0.3827 0.9239 0.0
vn 0.3827 0.9239 0.0
vn -0.3827 0.9239 0.0
vn -0.3827 0.9239 0.0
vn -0.3827 0.9239 0.0
vn -0.3827 0.9239 0.0
vn -0.3827 0.9239 0.0
vn -0.3827 0.9239 0.0
vn -0.9239 0.3827 0.0
vn -0.9239 0.3827 0.0
vn -0.9239 0.3827 0.0
vn -0.9239 0.3827 0.0
vn -0.9239 0.3827 0.0
vn -0.9239 0.3827 0.0
vn -0.9239 -0.3827 0.0
vn -0.9239 -0.3827 0.0
vn -0.9239 -0.3827 0.0
vn -0.9239 -0.3827 0.0
vn -0.9239 -0.3827 0.0
vn -0.9239 -0.3827 0.0
vn -0.3827 -0.9239 0.0
vn -0.3827 -0.9239 0.0
vn -0.3827 -0.9239 0.0
vn -0.3827 -0.9239 0.0
vn -0.3827 -0.9239 0.0
vn -0.3827 -0.9239 0.0
vn 0.3827 -0.9239 0.0
vn 0.3827 -0.9239 0.0
vn 0.3827 -0.9239 0.0
vn 0.3827 -0.9239 0.0
vn 0.3827 -0.9239 0.0
vn 0.3827 -0.9239 0.0
vn 0.9239 -0.3827 0.0
vn 0.9239 -0.3827 0.0
vn 0.9239 -0.3827 0.0
vn 0.9239 -0.3827 0.0
vn 0.9239 -0.3827 0.0
vn 0.9239 -0.3827 0.0
vn 0.0 0.0 -1.0
vn 0.0 0.0 -1.0
vn 0.0 0.0 -1.0
vn 0.0 0.0 -1.0
vn 0.0 0.0 -1.0
vn 0.0 0.0 -1.0
vn 0.0 0.0 -1.0
vn 0.0 0.0 -1.0
vn 0.0 0.0 -1.0
vn 0.0 0.0 -1.0
vn 0.0 0.0 -1.0
vn 0.0 0.0 -1.0
vn 0.0 0.0 -1.0
vn 0.0 0.0 -1.0
vn 0.0 0.0 -1.0
vn 0.0 0.0 -1.0
vn 0.0 0.0 -1.0
vn 0.0 0.0 -1.0
vn 0.0 0.0 1.0
vn 0.0 0.0 1.0
vn 0.0 0.0 1.0
vn 0.0 0.0 1.0
vn 0.0 0.0 1.0
vn 0.0 0.0 1.0
vn 0.0 0.0 1.0
vn 0.0 0.0 1.0
vn 0.0 0.0 1.0
vn 0.0 0.0 1.0
vn 0.0 0.0 1.0
vn 0.0 0.0 1.0
vn 0.0 0.0 1.0
vn 0.0 0.0 1.0
vn 0.0 0.0 1.0
vn 0.0 0.0 1.0
vn 0.0 0.0 1.0
vn 0.0 0.0 1.0
vn 1.0 0.0 0.0
vn 1.0 0.0 0.0
vn 1.0 0.0 0.0
vn 1.0 0.0 0.0
vn 1.0 0.0 0.0
vn 1.0 0.0 0.0
vn -1.0 0.0 0.0
vn -1.0 0.0 0.0
vn -1.0 0.0 0.0
vn -1.0 0.0 0.0
vn -1.0 0.0 0.0
vn -1.0 0.0 0.0
vn 0.0 1.0 0.0
vn 0.0 1.0 0.0
vn 0.0 1.0 0.0
vn 0.0 1.0 0.0
vn 0.0 1.0 0.0
vn 0.0 1.0 0.0
vn 0.0 -1.0 0.0
vn 0.0 -1.0 0.0
vn 0.0 -1.0 0.0
vn 0.0 -1.0 0.0
vn 0.0 -1.0 0.0
vn 0.0 -1.0 0.0
vn 0.0 0.0 1.0
vn 0.0 0.0 1.0
vn 0.0 0.0 1.0
vn 0.0 0.0 1.0
vn 0.0 0.0 1.0
vn 0.0 0.0 1.0
vn 0.0 0.0 -1.0
vn 0.0 0.0 -1.0
vn 0.0 0.0 -1.0
vn 0.0 0.0 -1.0
vn 0.0 0.0 -1.0
vn 0.0 0.0 -1.0
vn 0.4936 0.866 -0.0798
vn 0.4936 0.866 -0.0798
vn 0.4936 0.866 -0.0798
vn 0.4936 0.866 -0.0798
vn 0.4936 0.866 -0.0798
vn 0.4936 0.866 -0.0798
vn 0.9872 0.0 -0.1596
vn 0.9872 0.0 -0.1596
vn 0.9872 0.0 -0.1596
vn 0.9872 0.0 -0.1596
vn 0.9872 0.0 -0.1596
vn 0.9872 0.0 -0.1596
vn 0.4936 -0.866 -0.0798
vn 0.4936 -0.866 -0.0798
vn 0.4936 -0.866 -0.0798
vn 0.4936 -0.866 -0.0798
vn 0.4936 -0.866 -0.0798
vn 0.4936 -0.866 -0.0798
vn -0.4936 -0.866 0.0798
vn -0.4936 -0.866 0.0798
vn -0.4936 -0.866 0.0798
vn -0.4936 -0.866 0.0798
vn -0.4936 -0.866 0.0798
vn -0.4936 -0.866 0.0798
vn -0.9872 0.0 0.1596
vn -0.9872 0.0 0.1596
vn -0.9872 0.0 0.1596
vn -0.9872 0.0 0.1596
vn -0.9872 0.0 0.1596
vn -0.9872 0.0 0.1596
vn -0.4936 0.866 0.0798
vn -0.4936 0.866 0.0798
vn -0.4936 0.866 0.0798
vn -0.4936 0.866 0.0798
vn -0.4936 0.866 0.0798
vn -0.4936 0.866 0.0798
vn 0.1596 0.0 0.9872
vn 0.1596 0.0 0.9872
vn 0.1596 0.0 0.9872
vn 0.1596 0.0 0.9872
vn 0.1596 0.0 0.9872
vn 0.1596 0.0 0.9872
vn 0.1596 0.0 0.9872
vn 0.1596 0.0 0.9872
vn 0.1596 0.0 0.9872
vn 0.1596 0.0 0.9872
vn 0.1596 0.0 0.9872
vn 0.1596 0.0 0.9872
vn -0.1596 0.0 -0.9872
vn -0.1596 0.0 -0.9872
vn -0.1596 0.0 -0.9872
vn -0.1596 0.0 -0.9872
vn -0.1596 0.0 -0.9872
vn -0.1596 0.0 -0.9872
vn -0.1596 0.0 -0.9872
vn -0.1596 0.0 -0.9872
vn -0.1596 0.0 -0.9872
vn -0.1596 0.0 -0.9872
vn -0.1596 0.0 -0.9872
vn -0.1596 0.0 -0.9872
vn 0.4936 0.866 -0.0798
vn 0.4936 0.866 -0.0798
vn 0.4936 0.866 -0.0798
vn 0.4936 0.866 -0.0798
vn 0.4936 0.866 -0.0798
vn 0.4936 0.866 -0.0798
vn 0.9872 0.0 -0.1596
vn 0.9872 0.0 -0.1596
vn 0.9872 0.0 -0.1596
vn 0.9872 0.0 -0.1596
vn 0.9872 0.0 -0.1596
vn 0.9872 0.0 -0.1596
vn 0.4936 -0.866 -0.0798
vn 0.4936 -0.866 -0.0798
vn 0.4936 -0.866 -0.0798
vn 0.4936 -0.866 -0.0798
vn 0.4936 -0.866 -0.0798
vn 0.4936 -0.866 -0.0798
vn -0.4936 -0.866 0.0798
vn -0.4936 -0.866 0.0798
vn -0.4936 -0.866 0.0798
vn -0.4936 -0.866 0.0798
vn -0.4936 -0.866 0.0798
vn -0.4936 -0.866 0.0798
vn -0.9872 0.0 0.1596
vn -0.9872 0.0 0.1596
vn -0.9872 0.0 0.1596
vn -0.9872 0.0 0.1596
vn -0.9872 0.0 0.1596
vn -0.9872 0.0 0.1596
vn -0.4936 0.866 0.0798
vn -0.4936 0.866 0.0798
vn -0.4936 0.866 0.0798
vn -0.4936 0.866 0.0798
vn -0.4936 0.866 0.0798
vn -0.4936 0.866 0.0798
vn 0.1596 0.0 0.9872
vn 0.1596 0.0 0.9872
vn 0.1596 0.0 0.9872
vn 0.1596 0.0 0.9872
vn 0.1596 0.0 0.9872
vn 0.1596 0.0 0.9872
vn 0.1596 0.0 0.9872
vn 0.1596 0.0 0.9872
vn 0.1596 0.0 0.9872
vn 0.1596 0.0 0.9872
vn 0.1596 0.0 0.9872
vn 0.1596 0.0 0.9872
vn -0.1596 0.0 -0.9872
vn -0.1596 0.0 -0.9872
vn -0.1596 0.0 -0.9872
vn -0.1596 0.0 -0.9872
vn -0.1596 0.0 -0.9872
vn -0.1596 0.0 -0.9872
vn -0.1596 0.0 -0.9872
vn -0.1596 0.0 -0.9872
vn -0.1596 0.0 -0.9872
vn -0.1596 0.0 -0.9872
vn -0.1596 0.0 -0.9872
vn -0.1596 0.0 -0.9872
vn 1.0 0.0 0.0
vn 1.0 0.0 0.0
vn 1.0 0.0 0.0
vn 1.0 0.0 0.0
vn 1.0 0.0 0.0
vn 1.0 0.0 0.0
vn -1.0 0.0 0.0
vn -1.0 0.0 0.0
vn -1.0 0.0 0.0
vn -1.0 0.0 0.0
vn -1.0 0.0 0.0
vn -1.0 0.0 0.0
vn 0.0 1.0 0.0
vn 0.0 1.0 0.0
vn 0.0 1.0 0.0
vn 0.0 1.0 0.0
vn 0.0 1.0 0.0
vn 0.0 1.0 0.0
vn 0.0 -1.0 0.0
vn 0.0 -1.0 0.0
vn 0.0 -1.0 0.0
vn 0.0 -1.0 0.0
vn 0.0 -1.0 0.0
vn 0.0 -1.0 0.0
vn 0.0 0.0 1.0
vn 0.0 0.0 1.0
vn 0.0 0.0 1.0
vn 0.0 0.0 1.0
vn 0.0 0.0 1.0
vn 0.0 0.0 1.0
vn 0.0 0.0 -1.0
vn 0.0 0.0 -1.0
vn 0.0 0.0 -1.0
vn 0.0 0.0 -1.0
vn 0.0 0.0 -1.0
vn 0.0 0.0 -1.0
vn 1.0 0.0 0.0
vn 1.0 0.0 0.0
vn 1.0 0.0 0.0
vn 1.0 0.0 0.0
vn 1.0 0.0 0.0
vn 1.0 0.0 0.0
vn -1.0 0.0 0.0
vn -1.0 0.0 0.0
vn -1.0 0.0 0.0
vn -1.0 0.0 0.0
vn -1.0 0.0 0.0
vn -1.0 0.0 0.0
vn 0.0 1.0 0.0
vn 0.0 1.0 0.0
vn 0.0 1.0 0.0
vn 0.0 1.0 0.0
vn 0.0 1.0 0.0
vn 0.0 1.0 0.0
vn 0.0 -1.0 0.0
vn 0.0 -1.0 0.0
vn 0.0 -1.0 0.0
vn 0.0 -1.0 0.0
vn 0.0 -1.0 0.0
vn 0.0 -1.0 0.0
vn 0.0 0.0 1.0
vn 0.0 0.0 1.0
vn 0.0 0.0 1.0
vn 0.0 0.0 1.0
vn 0.0 0.0 1.0
vn 0.0 0.0 1.0
vn 0.0 0.0 -1.0
vn 0.0 0.0 -1.0
vn 0.0 0.0 -1.0
vn 0.0 0.0 -1.0
vn 0.0 0.0 -1.0
vn 0.0 0.0 -1.0
vn 1.0 0.0 0.0
vn 1.0 0.0 0.0
vn 1.0 0.0 0.0
vn 1.0 0.0 0.0
vn 1.0 0.0 0.0
vn 1.0 0.0 0.0
vn -1.0 0.0 0.0
vn -1.0 0.0 0.0
vn -1.0 0.0 0.0
vn -1.0 0.0 0.0
vn -1.0 0.0 0.0
vn -1.0 0.0 0.0
vn 0.0 1.0 0.0
vn 0.0 1.0 0.0
vn 0.0 1.0 0.0
vn 0.0 1.0 0.0
vn 0.0 1.0 0.0
vn 0.0 1.0 0.0
vn 0.0 -1.0 0.0
vn 0.0 -1.0 0.0
vn 0.0 -1.0 0.0
vn 0.0 -1.0 0.0
vn 0.0 -1.0 0.0
vn 0.0 -1.0 0.0
vn 0.0 0.0 1.0
vn 0.0 0.0 1.0
vn 0.0 0.0 1.0
vn 0.0 0.0 1.0
vn 0.0 0.0 1.0
vn 0.0 0.0 1.0
vn 0.0 0.0 -1.0
vn 0.0 0.0 -1.0
vn 0.0 0.0 -1.0
vn 0.0 0.0 -1.0
vn 0.0 0.0 -1.0
vn 0.0 0.0 -1.0
vn 1.0 0.0 0.0
vn 1.0 0.0 0.0
vn 1.0 0.0 0.0
vn 1.0 0.0 0.0
vn 1.0 0.0 0.0
vn 1.0 0.0 0.0
vn -1.0 0.0 0.0
vn -1.0 0.0 0.0
vn -1.0 0.0 0.0
vn -1.0 0.0 0.0
vn -1.0 0.0 0.0
vn -1.0 0.0 0.0
vn 0.0 1.0 0.0
vn 0.0 1.0 0.0
vn 0.0 1.0 0.0
vn 0.0 1.0 0.0
vn 0.0 1.0 0.0
vn 0.0 1.0 0.0
vn 0.0 -1.0 0.0
vn 0.0 -1.0 0.0
vn 0.0 -1.0 0.0
vn 0.0 -1.0 0.0
vn 0.0 -1.0 0.0
vn 0.0 -1.0 0.0
vn 0.0 0.0 1.0
vn 0.0 0.0 1.0
vn 0.0 0.0 1.0
vn 0.0 0.0 1.0
vn 0.0 0.0 1.0
vn 0.0 0.0 1.0
vn 0.0 0.0 -1.0
vn 0.0 0.0 -1.0
vn 0.0 0.0 -1.0
vn 0.0 0.0 -1.0
vn 0.0 0.0 -1.0
vn 0.0 0.0 -1.0
vn 1.0 0.0 0.0
vn 1.0 0.0 0.0
vn 1.0 0.0 0.0
vn 1.0 0.0 0.0
vn 1.0 0.0 0.0
vn 1.0 0.0 0.0
vn -1.0 0.0 0.0
vn -1.0 0.0 0.0
vn -1.0 0.0 0.0
vn -1.0 0.0 0.0
vn -1.0 0.0 0.0
vn -1.0 0.0 0.0
vn 0.0 1.0 0.0
vn 0.0 1.0 0.0
vn 0.0 1.0 0.0
vn 0.0 1.0 0.0
vn 0.0 1.0 0.0
vn 0.0 1.0 0.0
vn 0.0 -1.0 0.0
vn 0.0 -1.0 0.0
vn 0.0 -1.0 0.0
vn 0.0 -1.0 0.0
vn 0.0 -1.0 0.0
vn 0.0 -1.0 0.0
vn 0.0 0.0 1.0
vn 0.0 0.0 1.0
vn 0.0 0.0 1.0
vn 0.0 0.0 1.0
vn 0.0 0.0 1.0
vn 0.0 0.0 1.0
vn 0.0 0.0 -1.0
vn 0.0 0.0 -1.0
vn 0.0 0.0 -1.0
vn 0.0 0.0 -1.0
vn 0.0 0.0 -1.0
vn 0.0 0.0 -1.0
vn 0.0 0.866 0.5
vn 0.0 0.866 0.5
vn 0.0 0.866 0.5
vn 0.0 0.866 0.5
vn 0.0 0.866 0.5
vn 0.0 0.866 0.5
vn 0.0 0.0 1.0
vn 0.0 0.0 1.0
vn 0.0 0.0 1.0
vn 0.0 0.0 1.0
vn 0.0 0.0 1.0
vn 0.0 0.0 1.0
vn 0.0 -0.866 0.5
vn 0.0 -0.866 0.5
vn 0.0 -0.866 0.5
vn 0.0 -0.866 0.5
vn 0.0 -0.866 0.5
vn 0.0 -0.866 0.5
vn 0.0 -0.866 -0.5
vn 0.0 -0.866 -0.5
vn 0.0 -0.866 -0.5
vn 0.0 -0.866 -0.5
vn 0.0 -0.866 -0.5
vn 0.0 -0.866 -0.5
vn 0.0 0.0 -1.0
vn 0.0 0.0 -1.0
vn 0.0 0.0 -1.0
vn 0.0 0.0 -1.0
vn 0.0 0.0 -1.0
vn 0.0 0.0 -1.0
vn 0.0 0.866 -0.5
vn 0.0 0.866 -0.5
vn 0.0 0.866 -0.5
vn 0.0 0.866 -0.5
vn 0.0 0.866 -0.5
vn 0.0 0.866 -0.5
vn -1.0 0.0 0.0
vn -1.0 0.0 0.0
vn -1.0 0.0 0.0
vn -1.0 0.0 0.0
vn -1.0 0.0 0.0
vn -1.0 0.0 0.0
vn -1.0 0.0 0.0
vn -1.0 0.0 0.0
vn -1.0 0.0 0.0
vn -1.0 0.0 0.0
vn -1.0 0.0 0.0
vn -1.0 0.0 0.0
vn 1.0 0.0 0.0
vn 1.0 0.0 0.0
vn 1.0 0.0 0.0
vn 1.0 0.0 0.0
vn 1.0 0.0 0.0
vn 1.0 0.0 0.0
vn 1.0 0.0 0.0
vn 1.0 0.0 0.0
vn 1.0 0.0 0.0
vn 1.0 0.0 0.0
vn 1.0 0.0 0.0
vn 1.0 0.0 0.0
vn 1.0 0.0 0.0
vn 1.0 0.0 0.0
vn 1.0 0.0 0.0
vn 1.0 0.0 0.0
vn 1.0 0.0 0.0
vn 1.0 0.0 0.0
vn -1.0 0.0 0.0
vn -1.0 0.0 0.0
vn -1.0 0.0 0.0
vn -1.0 0.0 0.0
vn -1.0 0.0 0.0
vn -1.0 0.0 0.0
vn 0.0 1.0 0.0
vn 0.0 1.0 0.0
vn 0.0 1.0 0.0
vn 0.0 1.0 0.0
vn 0.0 1.0 0.0
vn 0.0 1.0 0.0
vn 0.0 -1.0 0.0
vn 0.0 -1.0 0.0
vn 0.0 -1.0 0.0
vn 0.0 -1.0 0.0
vn 0.0 -1.0 0.0
vn 0.0 -1.0 0.0
vn 0.0 0.0 1.0
vn 0.0 0.0 1.0
vn 0.0 0.0 1.0
vn 0.0 0.0 1.0
vn 0.0 0.0 1.0
vn 0.0 0.0 1.0
vn 0.0 0.0 -1.0
vn 0.0 0.0 -1.0
vn 0.0 0.0 -1.0
vn 0.0 0.0 -1.0
vn 0.0 0.0 -1.0
vn 0.0 0.0 -1.0
vn 1.0 0.0 0.0
vn 1.0 0.0 0.0
vn 1.0 0.0 0.0
vn 1.0 0.0 0.0
vn 1.0 0.0 0.0
vn 1.0 0.0 0.0
vn -1.0 0.0 0.0
vn -1.0 0.0 0.0
vn -1.0 0.0 0.0
vn -1.0 0.0 0.0
vn -1.0 0.0 0.0
vn -1.0 0.0 0.0
vn 0.0 1.0 0.0
vn 0.0 1.0 0.0
vn 0.0 1.0 0.0
vn 0.0 1.0 0.0
vn 0.0 1.0 0.0
vn 0.0 1.0 0.0
vn 0.0 -1.0 0.0
vn 0.0 -1.0 0.0
vn 0.0 -1.0 0.0
vn 0.0 -1.0 0.0
vn 0.0 -1.0 0.0
vn 0.0 -1.0 0.0
vn 0.0 0.0 1.0
vn 0.0 0.0 1.0
vn 0.0 0.0 1.0
vn 0.0 0.0 1.0
vn 0.0 0.0 1.0
vn 0.0 0.0 1.0
vn 0.0 0.0 -1.0
vn 0.0 0.0 -1.0
vn 0.0 0.0 -1.0
vn 0.0 0.0 -1.0
vn 0.0 0.0 -1.0
vn 0.0 0.0 -1.0
vn 0.0 0.866 0.5
vn 0.0 0.866 0.5
vn 0.0 0.866 0.5
vn 0.0 0.866 0.5
vn 0.0 0.866 0.5
vn 0.0 0.866 0.5
vn 0.0 0.0 1.0
vn 0.0 0.0 1.0
vn 0.0 0.0 1.0
vn 0.0 0.0 1.0
vn 0.0 0.0 1.0
vn 0.0 0.0 1.0
vn 0.0 -0.866 0.5
vn 0.0 -0.866 0.5
vn 0.0 -0.866 0.5
vn 0.0 -0.866 0.5
vn 0.0 -0.866 0.5
vn 0.0 -0.866 0.5
vn 0.0 -0.866 -0.5
vn 0.0 -0.866 -0.5
vn 0.0 -0.866 -0.5
vn 0.0 -0.866 -0.5
vn 0.0 -0.866 -0.5
vn 0.0 -0.866 -0.5
vn 0.0 0.0 -1.0
vn 0.0 0.0 -1.0
vn 0.0 0.0 -1.0
vn 0.0 0.0 -1.0
vn 0.0 0.0 -1.0
vn 0.0 0.0 -1.0
vn 0.0 0.866 -0.5
vn 0.0 0.866 -0.5
vn 0.0 0.866 -0.5
vn 0.0 0.866 -0.5
vn 0.0 0.866 -0.5
vn 0.0 0.866 -0.5
vn -1.0 0.0 0.0
vn -1.0 0.0 0.0
vn -1.0 0.0 0.0
vn -1.0 0.0 0.0
vn -1.0 0.0 0.0
vn -1.0 0.0 0.0
vn -1.0 0.0 0.0
vn -1.0 0.0 0.0
vn -1.0 0.0 0.0
vn -1.0 0.0 0.0
vn -1.0 0.0 0.0
vn -1.0 0.0 0.0
vn 1.0 0.0 0.0
vn 1.0 0.0 0.0
vn 1.0 0.0 0.0
vn 1.0 0.0 0.0
vn 1.0 0.0 0.0
vn 1.0 0.0 0.0
vn 1.0 0.0 0.0
vn 1.0 0.0 0.0
vn 1.0 0.0 0.0
vn 1.0 0.0 0.0
vn 1.0 0.0 0.0
vn 1.0 0.0 0.0
vn 1.0 0.0 0.0
vn 1.0 0.0 0.0
vn 1.0 0.0 0.0
vn 1.0 0.0 0.0
vn 1.0 0.0 0.0
vn 1.0 0.0 0.0
vn -1.0 0.0 0.0
vn -1.0 0.0 0.0
vn -1.0 0.0 0.0
vn -1.0 0.0 0.0
vn -1.0 0.0 0.0
vn -1.0 0.0 0.0
vn 0.0 1.0 0.0
vn 0.0 1.0 0.0
vn 0.0 1.0 0.0
vn 0.0 1.0 0.0
vn 0.0 1.0 0.0
vn 0.0 1.0 0.0
vn 0.0 -1.0 0.0
vn 0.0 -1.0 0.0
vn 0.0 -1.0 0.0
vn 0.0 -1.0 0.0
vn 0.0 -1.0 0.0
vn 0.0 -1.0 0.0
vn 0.0 0.0 1.0
vn 0.0 0.0 1.0
vn 0.0 0.0 1.0
vn 0.0 0.0 1.0
vn 0.0 0.0 1.0
vn 0.0 0.0 1.0
vn 0.0 0.0 -1.0
vn 0.0 0.0 -1.0
vn 0.0 0.0 -1.0
vn 0.0 0.0 -1.0
vn 0.0 0.0 -1.0
vn 0.0 0.0 -1.0
vn 1.0 0.0 0.0
vn 1.0 0.0 0.0
vn 1.0 0.0 0.0
vn 1.0 0.0 0.0
vn 1.0 0.0 0.0
vn 1.0 0.0 0.0
vn -1.0 0.0 0.0
vn -1.0 0.0 0.0
vn -1.0 0.0 0.0
vn -1.0 0.0 0.0
vn -1.0 0.0 0.0
vn -1.0 0.0 0.0
vn 0.0 1.0 0.0
vn 0.0 1.0 0.0
vn 0.0 1.0 0.0
vn 0.0 1.0 0.0
vn 0.0 1.0 0.0
vn 0.0 1.0 0.0
vn 0.0 -1.0 0.0
vn 0.0 -1.0 0.0
vn 0.0 -1.0 0.0
vn 0.0 -1.0 0.0
vn 0.0 -1.0 0.0
vn 0.0 -1.0 0.0
vn 0.0 0.0 1.0
vn 0.0 0.0 1.0
vn 0.0 0.0 1.0
vn 0.0 0.0 1.0
vn 0.0 0.0 1.0
vn 0.0 0.0 1.0
vn 0.0 0.0 -1.0
vn 0.0 0.0 -1.0
vn 0.0 0.0 -1.0
vn 0.0 0.0 -1.0
vn 0.0 0.0 -1.0
vn 0.0 0.0 -1.0
vn 1.0 0.0 0.0
vn 1.0 0.0 0.0
vn 1.0 0.0 0.0
vn 1.0 0.0 0.0
vn 1.0 0.0 0.0
vn 1.0 0.0 0.0
vn -1.0 0.0 0.0
vn -1.0 0.0 0.0
vn -1.0 0.0 0.0
vn -1.0 0.0 0.0
vn -1.0 0.0 0.0
vn -1.0 0.0 0.0
vn 0.0 1.0 0.0
vn 0.0 1.0 0.0
vn 0.0 1.0 0.0
vn 0.0 1.0 0.0
vn 0.0 1.0 0.0
vn 0.0 1.0 0.0
vn 0.0 -1.0 0.0
vn 0.0 -1.0 0.0
vn 0.0 -1.0 0.0
vn 0.0 -1.0 0.0
vn 0.0 -1.0 0.0
vn 0.0 -1.0 0.0
vn 0.0 0.0 1.0
vn 0.0 0.0 1.0
vn 0.0 0.0 1.0
vn 0.0 0.0 1.0
vn 0.0 0.0 1.0
vn 0.0 0.0 1.0
vn 0.0 0.0 -1.0
vn 0.0 0.0 -1.0
vn 0.0 0.0 -1.0
vn 0.0 0.0 -1.0
vn 0.0 0.0 -1.0
vn 0.0 0.0 -1.0
g leg_01_thigh
usemtl MI_EBS_MER_CeramicCivic
f 1/1/1 2/2/2 3/3/3
f 4/4/4 5/5/5 6/6/6
f 7/7/7 8/8/8 9/9/9
f 10/10/10 11/11/11 12/12/12
f 13/13/13 14/14/14 15/15/15
f 16/16/16 17/17/17 18/18/18
f 19/19/19 20/20/20 21/21/21
f 22/22/22 23/23/23 24/24/24
f 25/25/25 26/26/26 27/27/27
f 28/28/28 29/29/29 30/30/30
f 31/31/31 32/32/32 33/33/33
f 34/34/34 35/35/35 36/36/36
f 37/37/37 38/38/38 39/39/39
f 40/40/40 41/41/41 42/42/42
f 43/43/43 44/44/44 45/45/45
f 46/46/46 47/47/47 48/48/48
f 49/49/49 50/50/50 51/51/51
f 52/52/52 53/53/53 54/54/54
f 55/55/55 56/56/56 57/57/57
f 58/58/58 59/59/59 60/60/60
g leg_01_knee
usemtl MI_EBS_MER_CompactFrame
f 61/61/61 62/62/62 63/63/63
f 64/64/64 65/65/65 66/66/66
f 67/67/67 68/68/68 69/69/69
f 70/70/70 71/71/71 72/72/72
f 73/73/73 74/74/74 75/75/75
f 76/76/76 77/77/77 78/78/78
f 79/79/79 80/80/80 81/81/81
f 82/82/82 83/83/83 84/84/84
f 85/85/85 86/86/86 87/87/87
f 88/88/88 89/89/89 90/90/90
f 91/91/91 92/92/92 93/93/93
f 94/94/94 95/95/95 96/96/96
g leg_01_shin
f 97/97/97 98/98/98 99/99/99
f 100/100/100 101/101/101 102/102/102
f 103/103/103 104/104/104 105/105/105
f 106/106/106 107/107/107 108/108/108
f 109/109/109 110/110/110 111/111/111
f 112/112/112 113/113/113 114/114/114
f 115/115/115 116/116/116 117/117/117
f 118/118/118 119/119/119 120/120/120
f 121/121/121 122/122/122 123/123/123
f 124/124/124 125/125/125 126/126/126
f 127/127/127 128/128/128 129/129/129
f 130/130/130 131/131/131 132/132/132
f 133/133/133 134/134/134 135/135/135
f 136/136/136 137/137/137 138/138/138
f 139/139/139 140/140/140 141/141/141
f 142/142/142 143/143/143 144/144/144
f 145/145/145 146/146/146 147/147/147
f 148/148/148 149/149/149 150/150/150
f 151/151/151 152/152/152 153/153/153
f 154/154/154 155/155/155 156/156/156
g leg_01_pad
usemtl MI_EBS_MER_CeramicCivic
f 157/157/157 158/158/158 159/159/159
f 160/160/160 161/161/161 162/162/162
f 163/163/163 164/164/164 165/165/165
f 166/166/166 167/167/167 168/168/168
f 169/169/169 170/170/170 171/171/171
f 172/172/172 173/173/173 174/174/174
f 175/175/175 176/176/176 177/177/177
f 178/178/178 179/179/179 180/180/180
f 181/181/181 182/182/182 183/183/183
f 184/184/184 185/185/185 186/186/186
f 187/187/187 188/188/188 189/189/189
f 190/190/190 191/191/191 192/192/192
g leg_01_pad_boss
usemtl MI_EBS_MER_CompactFrame
f 193/193/193 194/194/194 195/195/195
f 196/196/196 197/197/197 198/198/198
f 199/199/199 200/200/200 201/201/201
f 202/202/202 203/203/203 204/204/204
f 205/205/205 206/206/206 207/207/207
f 208/208/208 209/209/209 210/210/210
f 211/211/211 212/212/212 213/213/213
f 214/214/214 215/215/215 216/216/216
f 217/217/217 218/218/218 219/219/219
f 220/220/220 221/221/221 222/222/222
f 223/223/223 224/224/224 225/225/225
f 226/226/226 227/227/227 228/228/228
g leg_02_thigh
usemtl MI_EBS_MER_CeramicCivic
f 229/229/229 230/230/230 231/231/231
f 232/232/232 233/233/233 234/234/234
f 235/235/235 236/236/236 237/237/237
f 238/238/238 239/239/239 240/240/240
f 241/241/241 242/242/242 243/243/243
f 244/244/244 245/245/245 246/246/246
f 247/247/247 248/248/248 249/249/249
f 250/250/250 251/251/251 252/252/252
f 253/253/253 254/254/254 255/255/255
f 256/256/256 257/257/257 258/258/258
f 259/259/259 260/260/260 261/261/261
f 262/262/262 263/263/263 264/264/264
f 265/265/265 266/266/266 267/267/267
f 268/268/268 269/269/269 270/270/270
f 271/271/271 272/272/272 273/273/273
f 274/274/274 275/275/275 276/276/276
f 277/277/277 278/278/278 279/279/279
f 280/280/280 281/281/281 282/282/282
f 283/283/283 284/284/284 285/285/285
f 286/286/286 287/287/287 288/288/288
g leg_02_knee
usemtl MI_EBS_MER_CompactFrame
f 289/289/289 290/290/290 291/291/291
f 292/292/292 293/293/293 294/294/294
f 295/295/295 296/296/296 297/297/297
f 298/298/298 299/299/299 300/300/300
f 301/301/301 302/302/302 303/303/303
f 304/304/304 305/305/305 306/306/306
f 307/307/307 308/308/308 309/309/309
f 310/310/310 311/311/311 312/312/312
f 313/313/313 314/314/314 315/315/315
f 316/316/316 317/317/317 318/318/318
f 319/319/319 320/320/320 321/321/321
f 322/322/322 323/323/323 324/324/324
g leg_02_shin
f 325/325/325 326/326/326 327/327/327
f 328/328/328 329/329/329 330/330/330
f 331/331/331 332/332/332 333/333/333
f 334/334/334 335/335/335 336/336/336
f 337/337/337 338/338/338 339/339/339
f 340/340/340 341/341/341 342/342/342
f 343/343/343 344/344/344 345/345/345
f 346/346/346 347/347/347 348/348/348
f 349/349/349 350/350/350 351/351/351
f 352/352/352 353/353/353 354/354/354
f 355/355/355 356/356/356 357/357/357
f 358/358/358 359/359/359 360/360/360
f 361/361/361 362/362/362 363/363/363
f 364/364/364 365/365/365 366/366/366
f 367/367/367 368/368/368 369/369/369
f 370/370/370 371/371/371 372/372/372
f 373/373/373 374/374/374 375/375/375
f 376/376/376 377/377/377 378/378/378
f 379/379/379 380/380/380 381/381/381
f 382/382/382 383/383/383 384/384/384
g leg_02_pad
usemtl MI_EBS_MER_CeramicCivic
f 385/385/385 386/386/386 387/387/387
f 388/388/388 389/389/389 390/390/390
f 391/391/391 392/392/392 393/393/393
f 394/394/394 395/395/395 396/396/396
f 397/397/397 398/398/398 399/399/399
f 400/400/400 401/401/401 402/402/402
f 403/403/403 404/404/404 405/405/405
f 406/406/406 407/407/407 408/408/408
f 409/409/409 410/410/410 411/411/411
f 412/412/412 413/413/413 414/414/414
f 415/415/415 416/416/416 417/417/417
f 418/418/418 419/419/419 420/420/420
g leg_02_pad_boss
usemtl MI_EBS_MER_CompactFrame
f 421/421/421 422/422/422 423/423/423
f 424/424/424 425/425/425 426/426/426
f 427/427/427 428/428/428 429/429/429
f 430/430/430 431/431/431 432/432/432
f 433/433/433 434/434/434 435/435/435
f 436/436/436 437/437/437 438/438/438
f 439/439/439 440/440/440 441/441/441
f 442/442/442 443/443/443 444/444/444
f 445/445/445 446/446/446 447/447/447
f 448/448/448 449/449/449 450/450/450
f 451/451/451 452/452/452 453/453/453
f 454/454/454 455/455/455 456/456/456
g leg_03_thigh
usemtl MI_EBS_MER_CeramicCivic
f 457/457/457 458/458/458 459/459/459
f 460/460/460 461/461/461 462/462/462
f 463/463/463 464/464/464 465/465/465
f 466/466/466 467/467/467 468/468/468
f 469/469/469 470/470/470 471/471/471
f 472/472/472 473/473/473 474/474/474
f 475/475/475 476/476/476 477/477/477
f 478/478/478 479/479/479 480/480/480
f 481/481/481 482/482/482 483/483/483
f 484/484/484 485/485/485 486/486/486
f 487/487/487 488/488/488 489/489/489
f 490/490/490 491/491/491 492/492/492
f 493/493/493 494/494/494 495/495/495
f 496/496/496 497/497/497 498/498/498
f 499/499/499 500/500/500 501/501/501
f 502/502/502 503/503/503 504/504/504
f 505/505/505 506/506/506 507/507/507
f 508/508/508 509/509/509 510/510/510
f 511/511/511 512/512/512 513/513/513
f 514/514/514 515/515/515 516/516/516
g leg_03_knee
usemtl MI_EBS_MER_CompactFrame
f 517/517/517 518/518/518 519/519/519
f 520/520/520 521/521/521 522/522/522
f 523/523/523 524/524/524 525/525/525
f 526/526/526 527/527/527 528/528/528
f 529/529/529 530/530/530 531/531/531
f 532/532/532 533/533/533 534/534/534
f 535/535/535 536/536/536 537/537/537
f 538/538/538 539/539/539 540/540/540
f 541/541/541 542/542/542 543/543/543
f 544/544/544 545/545/545 546/546/546
f 547/547/547 548/548/548 549/549/549
f 550/550/550 551/551/551 552/552/552
g leg_03_shin
f 553/553/553 554/554/554 555/555/555
f 556/556/556 557/557/557 558/558/558
f 559/559/559 560/560/560 561/561/561
f 562/562/562 563/563/563 564/564/564
f 565/565/565 566/566/566 567/567/567
f 568/568/568 569/569/569 570/570/570
f 571/571/571 572/572/572 573/573/573
f 574/574/574 575/575/575 576/576/576
f 577/577/577 578/578/578 579/579/579
f 580/580/580 581/581/581 582/582/582
f 583/583/583 584/584/584 585/585/585
f 586/586/586 587/587/587 588/588/588
f 589/589/589 590/590/590 591/591/591
f 592/592/592 593/593/593 594/594/594
f 595/595/595 596/596/596 597/597/597
f 598/598/598 599/599/599 600/600/600
f 601/601/601 602/602/602 603/603/603
f 604/604/604 605/605/605 606/606/606
f 607/607/607 608/608/608 609/609/609
f 610/610/610 611/611/611 612/612/612
g leg_03_pad
usemtl MI_EBS_MER_CeramicCivic
f 613/613/613 614/614/614 615/615/615
f 616/616/616 617/617/617 618/618/618
f 619/619/619 620/620/620 621/621/621
f 622/622/622 623/623/623 624/624/624
f 625/625/625 626/626/626 627/627/627
f 628/628/628 629/629/629 630/630/630
f 631/631/631 632/632/632 633/633/633
f 634/634/634 635/635/635 636/636/636
f 637/637/637 638/638/638 639/639/639
f 640/640/640 641/641/641 642/642/642
f 643/643/643 644/644/644 645/645/645
f 646/646/646 647/647/647 648/648/648
g leg_03_pad_boss
usemtl MI_EBS_MER_CompactFrame
f 649/649/649 650/650/650 651/651/651
f 652/652/652 653/653/653 654/654/654
f 655/655/655 656/656/656 657/657/657
f 658/658/658 659/659/659 660/660/660
f 661/661/661 662/662/662 663/663/663
f 664/664/664 665/665/665 666/666/666
f 667/667/667 668/668/668 669/669/669
f 670/670/670 671/671/671 672/672/672
f 673/673/673 674/674/674 675/675/675
f 676/676/676 677/677/677 678/678/678
f 679/679/679 680/680/680 681/681/681
f 682/682/682 683/683/683 684/684/684
g hub
f 685/685/685 686/686/686 687/687/687
f 688/688/688 689/689/689 690/690/690
f 691/691/691 692/692/692 693/693/693
f 694/694/694 695/695/695 696/696/696
f 697/697/697 698/698/698 699/699/699
f 700/700/700 701/701/701 702/702/702
f 703/703/703 704/704/704 705/705/705
f 706/706/706 707/707/707 708/708/708
f 709/709/709 710/710/710 711/711/711
f 712/712/712 713/713/713 714/714/714
f 715/715/715 716/716/716 717/717/717
f 718/718/718 719/719/719 720/720/720
f 721/721/721 722/722/722 723/723/723
f 724/724/724 725/725/725 726/726/726
f 727/727/727 728/728/728 729/729/729
f 730/730/730 731/731/731 732/732/732
f 733/733/733 734/734/734 735/735/735
f 736/736/736 737/737/737 738/738/738
f 739/739/739 740/740/740 741/741/741
f 742/742/742 743/743/743 744/744/744
f 745/745/745 746/746/746 747/747/747
f 748/748/748 749/749/749 750/750/750
f 751/751/751 752/752/752 753/753/753
f 754/754/754 755/755/755 756/756/756
f 757/757/757 758/758/758 759/759/759
f 760/760/760 761/761/761 762/762/762
f 763/763/763 764/764/764 765/765/765
f 766/766/766 767/767/767 768/768/768
g hub_collar
usemtl MI_EBS_MER_CeramicCivic
f 769/769/769 770/770/770 771/771/771
f 772/772/772 773/773/773 774/774/774
f 775/775/775 776/776/776 777/777/777
f 778/778/778 779/779/779 780/780/780
f 781/781/781 782/782/782 783/783/783
f 784/784/784 785/785/785 786/786/786
f 787/787/787 788/788/788 789/789/789
f 790/790/790 791/791/791 792/792/792
f 793/793/793 794/794/794 795/795/795
f 796/796/796 797/797/797 798/798/798
f 799/799/799 800/800/800 801/801/801
f 802/802/802 803/803/803 804/804/804
f 805/805/805 806/806/806 807/807/807
f 808/808/808 809/809/809 810/810/810
f 811/811/811 812/812/812 813/813/813
f 814/814/814 815/815/815 816/816/816
f 817/817/817 818/818/818 819/819/819
f 820/820/820 821/821/821 822/822/822
f 823/823/823 824/824/824 825/825/825
f 826/826/826 827/827/827 828/828/828
f 829/829/829 830/830/830 831/831/831
f 832/832/832 833/833/833 834/834/834
f 835/835/835 836/836/836 837/837/837
f 838/838/838 839/839/839 840/840/840
f 841/841/841 842/842/842 843/843/843
f 844/844/844 845/845/845 846/846/846
f 847/847/847 848/848/848 849/849/849
f 850/850/850 851/851/851 852/852/852
g power_coupling
usemtl MI_EBS_MER_CompactFrame
f 853/853/853 854/854/854 855/855/855
f 856/856/856 857/857/857 858/858/858
f 859/859/859 860/860/860 861/861/861
f 862/862/862 863/863/863 864/864/864
f 865/865/865 866/866/866 867/867/867
f 868/868/868 869/869/869 870/870/870
f 871/871/871 872/872/872 873/873/873
f 874/874/874 875/875/875 876/876/876
f 877/877/877 878/878/878 879/879/879
f 880/880/880 881/881/881 882/882/882
f 883/883/883 884/884/884 885/885/885
f 886/886/886 887/887/887 888/888/888
g power_cable_01
f 889/889/889 890/890/890 891/891/891
f 892/892/892 893/893/893 894/894/894
f 895/895/895 896/896/896 897/897/897
f 898/898/898 899/899/899 900/900/900
f 901/901/901 902/902/902 903/903/903
f 904/904/904 905/905/905 906/906/906
f 907/907/907 908/908/908 909/909/909
f 910/910/910 911/911/911 912/912/912
f 913/913/913 914/914/914 915/915/915
f 916/916/916 917/917/917 918/918/918
f 919/919/919 920/920/920 921/921/921
f 922/922/922 923/923/923 924/924/924
f 925/925/925 926/926/926 927/927/927
f 928/928/928 929/929/929 930/930/930
f 931/931/931 932/932/932 933/933/933
f 934/934/934 935/935/935 936/936/936
f 937/937/937 938/938/938 939/939/939
f 940/940/940 941/941/941 942/942/942
f 943/943/943 944/944/944 945/945/945
f 946/946/946 947/947/947 948/948/948
g power_cable_02
f 949/949/949 950/950/950 951/951/951
f 952/952/952 953/953/953 954/954/954
f 955/955/955 956/956/956 957/957/957
f 958/958/958 959/959/959 960/960/960
f 961/961/961 962/962/962 963/963/963
f 964/964/964 965/965/965 966/966/966
f 967/967/967 968/968/968 969/969/969
f 970/970/970 971/971/971 972/972/972
f 973/973/973 974/974/974 975/975/975
f 976/976/976 977/977/977 978/978/978
f 979/979/979 980/980/980 981/981/981
f 982/982/982 983/983/983 984/984/984
f 985/985/985 986/986/986 987/987/987
f 988/988/988 989/989/989 990/990/990
f 991/991/991 992/992/992 993/993/993
f 994/994/994 995/995/995 996/996/996
f 997/997/997 998/998/998 999/999/999
f 1000/1000/1000 1001/1001/1001 1002/1002/1002
f 1003/1003/1003 1004/1004/1004 1005/1005/1005
f 1006/1006/1006 1007/1007/1007 1008/1008/1008
g head_shell
usemtl MI_EBS_MER_CeramicCivic
f 1009/1009/1009 1010/1010/1010 1011/1011/1011
f 1012/1012/1012 1013/1013/1013 1014/1014/1014
f 1015/1015/1015 1016/1016/1016 1017/1017/1017
f 1018/1018/1018 1019/1019/1019 1020/1020/1020
f 1021/1021/1021 1022/1022/1022 1023/1023/1023
f 1024/1024/1024 1025/1025/1025 1026/1026/1026
f 1027/1027/1027 1028/1028/1028 1029/1029/1029
f 1030/1030/1030 1031/1031/1031 1032/1032/1032
f 1033/1033/1033 1034/1034/1034 1035/1035/1035
f 1036/1036/1036 1037/1037/1037 1038/1038/1038
f 1039/1039/1039 1040/1040/1040 1041/1041/1041
f 1042/1042/1042 1043/1043/1043 1044/1044/1044
g head_yoke
usemtl MI_EBS_MER_CompactFrame
f 1045/1045/1045 1046/1046/1046 1047/1047/1047
f 1048/1048/1048 1049/1049/1049 1050/1050/1050
f 1051/1051/1051 1052/1052/1052 1053/1053/1053
f 1054/1054/1054 1055/1055/1055 1056/1056/1056
f 1057/1057/1057 1058/1058/1058 1059/1059/1059
f 1060/1060/1060 1061/1061/1061 1062/1062/1062
f 1063/1063/1063 1064/1064/1064 1065/1065/1065
f 1066/1066/1066 1067/1067/1067 1068/1068/1068
f 1069/1069/1069 1070/1070/1070 1071/1071/1071
f 1072/1072/1072 1073/1073/1073 1074/1074/1074
f 1075/1075/1075 1076/1076/1076 1077/1077/1077
f 1078/1078/1078 1079/1079/1079 1080/1080/1080
g supply_band_l
usemtl MI_EBS_MER_StatusCyan
f 1081/1081/1081 1082/1082/1082 1083/1083/1083
f 1084/1084/1084 1085/1085/1085 1086/1086/1086
f 1087/1087/1087 1088/1088/1088 1089/1089/1089
f 1090/1090/1090 1091/1091/1091 1092/1092/1092
f 1093/1093/1093 1094/1094/1094 1095/1095/1095
f 1096/1096/1096 1097/1097/1097 1098/1098/1098
f 1099/1099/1099 1100/1100/1100 1101/1101/1101
f 1102/1102/1102 1103/1103/1103 1104/1104/1104
f 1105/1105/1105 1106/1106/1106 1107/1107/1107
f 1108/1108/1108 1109/1109/1109 1110/1110/1110
f 1111/1111/1111 1112/1112/1112 1113/1113/1113
f 1114/1114/1114 1115/1115/1115 1116/1116/1116
g supply_band_r
f 1117/1117/1117 1118/1118/1118 1119/1119/1119
f 1120/1120/1120 1121/1121/1121 1122/1122/1122
f 1123/1123/1123 1124/1124/1124 1125/1125/1125
f 1126/1126/1126 1127/1127/1127 1128/1128/1128
f 1129/1129/1129 1130/1130/1130 1131/1131/1131
f 1132/1132/1132 1133/1133/1133 1134/1134/1134
f 1135/1135/1135 1136/1136/1136 1137/1137/1137
f 1138/1138/1138 1139/1139/1139 1140/1140/1140
f 1141/1141/1141 1142/1142/1142 1143/1143/1143
f 1144/1144/1144 1145/1145/1145 1146/1146/1146
f 1147/1147/1147 1148/1148/1148 1149/1149/1149
f 1150/1150/1150 1151/1151/1151 1152/1152/1152
g supply_band_f
f 1153/1153/1153 1154/1154/1154 1155/1155/1155
f 1156/1156/1156 1157/1157/1157 1158/1158/1158
f 1159/1159/1159 1160/1160/1160 1161/1161/1161
f 1162/1162/1162 1163/1163/1163 1164/1164/1164
f 1165/1165/1165 1166/1166/1166 1167/1167/1167
f 1168/1168/1168 1169/1169/1169 1170/1170/1170
f 1171/1171/1171 1172/1172/1172 1173/1173/1173
f 1174/1174/1174 1175/1175/1175 1176/1176/1176
f 1177/1177/1177 1178/1178/1178 1179/1179/1179
f 1180/1180/1180 1181/1181/1181 1182/1182/1182
f 1183/1183/1183 1184/1184/1184 1185/1185/1185
f 1186/1186/1186 1187/1187/1187 1188/1188/1188
g barrel_l
usemtl MI_EBS_MER_CeramicCivic
f 1189/1189/1189 1190/1190/1190 1191/1191/1191
f 1192/1192/1192 1193/1193/1193 1194/1194/1194
f 1195/1195/1195 1196/1196/1196 1197/1197/1197
f 1198/1198/1198 1199/1199/1199 1200/1200/1200
f 1201/1201/1201 1202/1202/1202 1203/1203/1203
f 1204/1204/1204 1205/1205/1205 1206/1206/1206
f 1207/1207/1207 1208/1208/1208 1209/1209/1209
f 1210/1210/1210 1211/1211/1211 1212/1212/1212
f 1213/1213/1213 1214/1214/1214 1215/1215/1215
f 1216/1216/1216 1217/1217/1217 1218/1218/1218
f 1219/1219/1219 1220/1220/1220 1221/1221/1221
f 1222/1222/1222 1223/1223/1223 1224/1224/1224
f 1225/1225/1225 1226/1226/1226 1227/1227/1227
f 1228/1228/1228 1229/1229/1229 1230/1230/1230
f 1231/1231/1231 1232/1232/1232 1233/1233/1233
f 1234/1234/1234 1235/1235/1235 1236/1236/1236
f 1237/1237/1237 1238/1238/1238 1239/1239/1239
f 1240/1240/1240 1241/1241/1241 1242/1242/1242
f 1243/1243/1243 1244/1244/1244 1245/1245/1245
f 1246/1246/1246 1247/1247/1247 1248/1248/1248
g muzzle_l
usemtl MI_EBS_MER_CompactFrame
f 1249/1249/1249 1250/1250/1250 1251/1251/1251
f 1252/1252/1252 1253/1253/1253 1254/1254/1254
f 1255/1255/1255 1256/1256/1256 1257/1257/1257
f 1258/1258/1258 1259/1259/1259 1260/1260/1260
f 1261/1261/1261 1262/1262/1262 1263/1263/1263
f 1264/1264/1264 1265/1265/1265 1266/1266/1266
f 1267/1267/1267 1268/1268/1268 1269/1269/1269
f 1270/1270/1270 1271/1271/1271 1272/1272/1272
f 1273/1273/1273 1274/1274/1274 1275/1275/1275
f 1276/1276/1276 1277/1277/1277 1278/1278/1278
f 1279/1279/1279 1280/1280/1280 1281/1281/1281
f 1282/1282/1282 1283/1283/1283 1284/1284/1284
g muzzle_core_l
usemtl MI_EBS_MER_StatusCyan
f 1285/1285/1285 1286/1286/1286 1287/1287/1287
f 1288/1288/1288 1289/1289/1289 1290/1290/1290
f 1291/1291/1291 1292/1292/1292 1293/1293/1293
f 1294/1294/1294 1295/1295/1295 1296/1296/1296
f 1297/1297/1297 1298/1298/1298 1299/1299/1299
f 1300/1300/1300 1301/1301/1301 1302/1302/1302
f 1303/1303/1303 1304/1304/1304 1305/1305/1305
f 1306/1306/1306 1307/1307/1307 1308/1308/1308
f 1309/1309/1309 1310/1310/1310 1311/1311/1311
f 1312/1312/1312 1313/1313/1313 1314/1314/1314
f 1315/1315/1315 1316/1316/1316 1317/1317/1317
f 1318/1318/1318 1319/1319/1319 1320/1320/1320
g barrel_r
usemtl MI_EBS_MER_CeramicCivic
f 1321/1321/1321 1322/1322/1322 1323/1323/1323
f 1324/1324/1324 1325/1325/1325 1326/1326/1326
f 1327/1327/1327 1328/1328/1328 1329/1329/1329
f 1330/1330/1330 1331/1331/1331 1332/1332/1332
f 1333/1333/1333 1334/1334/1334 1335/1335/1335
f 1336/1336/1336 1337/1337/1337 1338/1338/1338
f 1339/1339/1339 1340/1340/1340 1341/1341/1341
f 1342/1342/1342 1343/1343/1343 1344/1344/1344
f 1345/1345/1345 1346/1346/1346 1347/1347/1347
f 1348/1348/1348 1349/1349/1349 1350/1350/1350
f 1351/1351/1351 1352/1352/1352 1353/1353/1353
f 1354/1354/1354 1355/1355/1355 1356/1356/1356
f 1357/1357/1357 1358/1358/1358 1359/1359/1359
f 1360/1360/1360 1361/1361/1361 1362/1362/1362
f 1363/1363/1363 1364/1364/1364 1365/1365/1365
f 1366/1366/1366 1367/1367/1367 1368/1368/1368
f 1369/1369/1369 1370/1370/1370 1371/1371/1371
f 1372/1372/1372 1373/1373/1373 1374/1374/1374
f 1375/1375/1375 1376/1376/1376 1377/1377/1377
f 1378/1378/1378 1379/1379/1379 1380/1380/1380
g muzzle_r
usemtl MI_EBS_MER_CompactFrame
f 1381/1381/1381 1382/1382/1382 1383/1383/1383
f 1384/1384/1384 1385/1385/1385 1386/1386/1386
f 1387/1387/1387 1388/1388/1388 1389/1389/1389
f 1390/1390/1390 1391/1391/1391 1392/1392/1392
f 1393/1393/1393 1394/1394/1394 1395/1395/1395
f 1396/1396/1396 1397/1397/1397 1398/1398/1398
f 1399/1399/1399 1400/1400/1400 1401/1401/1401
f 1402/1402/1402 1403/1403/1403 1404/1404/1404
f 1405/1405/1405 1406/1406/1406 1407/1407/1407
f 1408/1408/1408 1409/1409/1409 1410/1410/1410
f 1411/1411/1411 1412/1412/1412 1413/1413/1413
f 1414/1414/1414 1415/1415/1415 1416/1416/1416
g muzzle_core_r
usemtl MI_EBS_MER_StatusCyan
f 1417/1417/1417 1418/1418/1418 1419/1419/1419
f 1420/1420/1420 1421/1421/1421 1422/1422/1422
f 1423/1423/1423 1424/1424/1424 1425/1425/1425
f 1426/1426/1426 1427/1427/1427 1428/1428/1428
f 1429/1429/1429 1430/1430/1430 1431/1431/1431
f 1432/1432/1432 1433/1433/1433 1434/1434/1434
f 1435/1435/1435 1436/1436/1436 1437/1437/1437
f 1438/1438/1438 1439/1439/1439 1440/1440/1440
f 1441/1441/1441 1442/1442/1442 1443/1443/1443
f 1444/1444/1444 1445/1445/1445 1446/1446/1446
f 1447/1447/1447 1448/1448/1448 1449/1449/1449
f 1450/1450/1450 1451/1451/1451 1452/1452/1452
g head_rear_sight
usemtl MI_EBS_MER_CompactFrame
f 1453/1453/1453 1454/1454/1454 1455/1455/1455
f 1456/1456/1456 1457/1457/1457 1458/1458/1458
f 1459/1459/1459 1460/1460/1460 1461/1461/1461
f 1462/1462/1462 1463/1463/1463 1464/1464/1464
f 1465/1465/1465 1466/1466/1466 1467/1467/1467
f 1468/1468/1468 1469/1469/1469 1470/1470/1470
f 1471/1471/1471 1472/1472/1472 1473/1473/1473
f 1474/1474/1474 1475/1475/1475 1476/1476/1476
f 1477/1477/1477 1478/1478/1478 1479/1479/1479
f 1480/1480/1480 1481/1481/1481 1482/1482/1482
f 1483/1483/1483 1484/1484/1484 1485/1485/1485
f 1486/1486/1486 1487/1487/1487 1488/1488/1488
