# SK_EBS_KHA_UNT_004
# Author: Angelis Pseftis
# Frame: Unreal +X forward, +Y right, +Z up; centimeters; no axis conversion
# Kit: ebs-meshkit-v3
# SK_EBS_KHA_UNT_004 LOD0 rest pose (intact)
# Revision ebs-kha-unt-004-concept-v1
# Unreal +X forward, +Y right, +Z up; centimetres
o SK_EBS_KHA_UNT_004
v 47.52 -26.0 126.0
v 47.52 26.0 126.0
v 47.52 26.0 166.0
v 47.52 -26.0 126.0
v 47.52 26.0 166.0
v 47.52 -26.0 166.0
v -47.52 -26.0 126.0
v -47.52 -26.0 166.0
v -47.52 26.0 166.0
v -47.52 -26.0 126.0
v -47.52 26.0 166.0
v -47.52 26.0 126.0
v -47.52 26.0 126.0
v -47.52 26.0 166.0
v 47.52 26.0 166.0
v -47.52 26.0 126.0
v 47.52 26.0 166.0
v 47.52 26.0 126.0
v -47.52 -26.0 126.0
v 47.52 -26.0 126.0
v 47.52 -26.0 166.0
v -47.52 -26.0 126.0
v 47.52 -26.0 166.0
v -47.52 -26.0 166.0
v -47.52 -26.0 166.0
v 47.52 -26.0 166.0
v 47.52 26.0 166.0
v -47.52 -26.0 166.0
v 47.52 26.0 166.0
v -47.52 26.0 166.0
v -47.52 -26.0 126.0
v -47.52 26.0 126.0
v 47.52 26.0 126.0
v -47.52 -26.0 126.0
v 47.52 26.0 126.0
v 47.52 -26.0 126.0
v -55.44 11.0 150.0
v -57.4597 5.5 159.3097
v -44.9197 5.5 162.0302
v -55.44 11.0 150.0
v -44.9197 5.5 162.0302
v -42.9 11.0 152.7205
v -57.4597 5.5 159.3097
v -57.4597 -5.5 159.3097
v -44.9197 -5.5 162.0302
v -57.4597 5.5 159.3097
v -44.9197 -5.5 162.0302
v -44.9197 5.5 162.0302
v -57.4597 -5.5 159.3097
v -55.44 -11.0 150.0
v -42.9 -11.0 152.7205
v -57.4597 -5.5 159.3097
v -42.9 -11.0 152.7205
v -44.9197 -5.5 162.0302
v -55.44 -11.0 150.0
v -53.4203 -5.5 140.6903
v -40.8803 -5.5 143.4108
v -55.44 -11.0 150.0
v -40.8803 -5.5 143.4108
v -42.9 -11.0 152.7205
v -53.4203 -5.5 140.6903
v -53.4203 5.5 140.6903
v -40.8803 5.5 143.4108
v -53.4203 -5.5 140.6903
v -40.8803 5.5 143.4108
v -40.8803 -5.5 143.4108
v -53.4203 5.5 140.6903
v -55.44 11.0 150.0
v -42.9 11.0 152.7205
v -53.4203 5.5 140.6903
v -42.9 11.0 152.7205
v -40.8803 5.5 143.4108
v -53.4203 5.5 140.6903
v -53.4203 -5.5 140.6903
v -55.44 -11.0 150.0
v -53.4203 5.5 140.6903
v -55.44 -11.0 150.0
v -57.4597 -5.5 159.3097
v -53.4203 5.5 140.6903
v -57.4597 -5.5 159.3097
v -57.4597 5.5 159.3097
v -53.4203 5.5 140.6903
v -57.4597 5.5 159.3097
v -55.44 11.0 150.0
v -42.9 11.0 152.7205
v -44.9197 5.5 162.0302
v -44.9197 -5.5 162.0302
v -42.9 11.0 152.7205
v -44.9197 -5.5 162.0302
v -42.9 -11.0 152.7205
v -42.9 11.0 152.7205
v -42.9 -11.0 152.7205
v -40.8803 -5.5 143.4108
v -42.9 11.0 152.7205
v -40.8803 -5.5 143.4108
v -40.8803 5.5 143.4108
v -42.9 10.75 152.7205
v -46.019 5.375 161.4922
v -33.479 5.375 165.9511
v -42.9 10.75 152.7205
v -33.479 5.375 165.9511
v -30.36 10.75 157.1794
v -46.019 5.375 161.4922
v -46.019 -5.375 161.4922
v -33.479 -5.375 165.9511
v -46.019 5.375 161.4922
v -33.479 -5.375 165.9511
v -33.479 5.375 165.9511
v -46.019 -5.375 161.4922
v -42.9 -10.75 152.7205
v -30.36 -10.75 157.1794
v -46.019 -5.375 161.4922
v -30.36 -10.75 157.1794
v -33.479 -5.375 165.9511
v -42.9 -10.75 152.7205
v -39.781 -5.375 143.9487
v -27.241 -5.375 148.4076
v -42.9 -10.75 152.7205
v -27.241 -5.375 148.4076
v -30.36 -10.75 157.1794
v -39.781 -5.375 143.9487
v -39.781 5.375 143.9487
v -27.241 5.375 148.4076
v -39.781 -5.375 143.9487
v -27.241 5.375 148.4076
v -27.241 -5.375 148.4076
v -39.781 5.375 143.9487
v -42.9 10.75 152.7205
v -30.36 10.75 157.1794
v -39.781 5.375 143.9487
v -30.36 10.75 157.1794
v -27.241 5.375 148.4076
v -39.781 5.375 143.9487
v -39.781 -5.375 143.9487
v -42.9 -10.75 152.7205
v -39.781 5.375 143.9487
v -42.9 -10.75 152.7205
v -46.019 -5.375 161.4922
v -39.781 5.375 143.9487
v -46.019 -5.375 161.4922
v -46.019 5.375 161.4922
v -39.781 5.375 143.9487
v -46.019 5.375 161.4922
v -42.9 10.75 152.7205
v -30.36 10.75 157.1794
v -33.479 5.375 165.9511
v -33.479 -5.375 165.9511
v -30.36 10.75 157.1794
v -33.479 -5.375 165.9511
v -30.36 -10.75 157.1794
v -30.36 10.75 157.1794
v -30.36 -10.75 157.1794
v -27.241 -5.375 148.4076
v -30.36 10.75 157.1794
v -27.241 -5.375 148.4076
v -27.241 5.375 148.4076
v -30.36 10.5 157.1794
v -34.0045 5.25 165.5103
v -21.4645 5.25 170.9962
v -30.36 10.5 157.1794
v -21.4645 5.25 170.9962
v -17.82 10.5 162.6653
v -34.0045 5.25 165.5103
v -34.0045 -5.25 165.5103
v -21.4645 -5.25 170.9962
v -34.0045 5.25 165.5103
v -21.4645 -5.25 170.9962
v -21.4645 5.25 170.9962
v -34.0045 -5.25 165.5103
v -30.36 -10.5 157.1794
v -17.82 -10.5 162.6653
v -34.0045 -5.25 165.5103
v -17.82 -10.5 162.6653
v -21.4645 -5.25 170.9962
v -30.36 -10.5 157.1794
v -26.7155 -5.25 148.8484
v -14.1755 -5.25 154.3343
v -30.36 -10.5 157.1794
v -14.1755 -5.25 154.3343
v -17.82 -10.5 162.6653
v -26.7155 -5.25 148.8484
v -26.7155 5.25 148.8484
v -14.1755 5.25 154.3343
v -26.7155 -5.25 148.8484
v -14.1755 5.25 154.3343
v -14.1755 -5.25 154.3343
v -26.7155 5.25 148.8484
v -30.36 10.5 157.1794
v -17.82 10.5 162.6653
v -26.7155 5.25 148.8484
v -17.82 10.5 162.6653
v -14.1755 5.25 154.3343
v -26.7155 5.25 148.8484
v -26.7155 -5.25 148.8484
v -30.36 -10.5 157.1794
v -26.7155 5.25 148.8484
v -30.36 -10.5 157.1794
v -34.0045 -5.25 165.5103
v -26.7155 5.25 148.8484
v -34.0045 -5.25 165.5103
v -34.0045 5.25 165.5103
v -26.7155 5.25 148.8484
v -34.0045 5.25 165.5103
v -30.36 10.5 157.1794
v -17.82 10.5 162.6653
v -21.4645 5.25 170.9962
v -21.4645 -5.25 170.9962
v -17.82 10.5 162.6653
v -21.4645 -5.25 170.9962
v -17.82 -10.5 162.6653
v -17.82 10.5 162.6653
v -17.82 -10.5 162.6653
v -14.1755 -5.25 154.3343
v -17.82 10.5 162.6653
v -14.1755 -5.25 154.3343
v -14.1755 5.25 154.3343
v -17.82 10.25 162.6653
v -21.7955 5.125 170.602
v -9.2555 5.125 176.8832
v -17.82 10.25 162.6653
v -9.2555 5.125 176.8832
v -5.28 10.25 168.9465
v -21.7955 5.125 170.602
v -21.7955 -5.125 170.602
v -9.2555 -5.125 176.8832
v -21.7955 5.125 170.602
v -9.2555 -5.125 176.8832
v -9.2555 5.125 176.8832
v -21.7955 -5.125 170.602
v -17.82 -10.25 162.6653
v -5.28 -10.25 168.9465
v -21.7955 -5.125 170.602
v -5.28 -10.25 168.9465
v -9.2555 -5.125 176.8832
v -17.82 -10.25 162.6653
v -13.8445 -5.125 154.7285
v -1.3045 -5.125 161.0097
v -17.82 -10.25 162.6653
v -1.3045 -5.125 161.0097
v -5.28 -10.25 168.9465
v -13.8445 -5.125 154.7285
v -13.8445 5.125 154.7285
v -1.3045 5.125 161.0097
v -13.8445 -5.125 154.7285
v -1.3045 5.125 161.0097
v -1.3045 -5.125 161.0097
v -13.8445 5.125 154.7285
v -17.82 10.25 162.6653
v -5.28 10.25 168.9465
v -13.8445 5.125 154.7285
v -5.28 10.25 168.9465
v -1.3045 5.125 161.0097
v -13.8445 5.125 154.7285
v -13.8445 -5.125 154.7285
v -17.82 -10.25 162.6653
v -13.8445 5.125 154.7285
v -17.82 -10.25 162.6653
v -21.7955 -5.125 170.602
v -13.8445 5.125 154.7285
v -21.7955 -5.125 170.602
v -21.7955 5.125 170.602
v -13.8445 5.125 154.7285
v -21.7955 5.125 170.602
v -17.82 10.25 162.6653
v -5.28 10.25 168.9465
v -9.2555 5.125 176.8832
v -9.2555 -5.125 176.8832
v -5.28 10.25 168.9465
v -9.2555 -5.125 176.8832
v -5.28 -10.25 168.9465
v -5.28 10.25 168.9465
v -5.28 -10.25 168.9465
v -1.3045 -5.125 161.0097
v -5.28 10.25 168.9465
v -1.3045 -5.125 161.0097
v -1.3045 5.125 161.0097
v -5.28 10.0 168.9465
v -9.477 5.0 176.5217
v 3.063 5.0 183.4695
v -5.28 10.0 168.9465
v 3.063 5.0 183.4695
v 7.26 10.0 175.8942
v -9.477 5.0 176.5217
v -9.477 -5.0 176.5217
v 3.063 -5.0 183.4695
v -9.477 5.0 176.5217
v 3.063 -5.0 183.4695
v 3.063 5.0 183.4695
v -9.477 -5.0 176.5217
v -5.28 -10.0 168.9465
v 7.26 -10.0 175.8942
v -9.477 -5.0 176.5217
v 7.26 -10.0 175.8942
v 3.063 -5.0 183.4695
v -5.28 -10.0 168.9465
v -1.083 -5.0 161.3712
v 11.457 -5.0 168.3189
v -5.28 -10.0 168.9465
v 11.457 -5.0 168.3189
v 7.26 -10.0 175.8942
v -1.083 -5.0 161.3712
v -1.083 5.0 161.3712
v 11.457 5.0 168.3189
v -1.083 -5.0 161.3712
v 11.457 5.0 168.3189
v 11.457 -5.0 168.3189
v -1.083 5.0 161.3712
v -5.28 10.0 168.9465
v 7.26 10.0 175.8942
v -1.083 5.0 161.3712
v 7.26 10.0 175.8942
v 11.457 5.0 168.3189
v -1.083 5.0 161.3712
v -1.083 -5.0 161.3712
v -5.28 -10.0 168.9465
v -1.083 5.0 161.3712
v -5.28 -10.0 168.9465
v -9.477 -5.0 176.5217
v -1.083 5.0 161.3712
v -9.477 -5.0 176.5217
v -9.477 5.0 176.5217
v -1.083 5.0 161.3712
v -9.477 5.0 176.5217
v -5.28 10.0 168.9465
v 7.26 10.0 175.8942
v 3.063 5.0 183.4695
v 3.063 -5.0 183.4695
v 7.26 10.0 175.8942
v 3.063 -5.0 183.4695
v 7.26 -10.0 175.8942
v 7.26 10.0 175.8942
v 7.26 -10.0 175.8942
v 11.457 -5.0 168.3189
v 7.26 10.0 175.8942
v 11.457 -5.0 168.3189
v 11.457 5.0 168.3189
v 7.26 9.75 175.8942
v 2.9133 4.875 183.1332
v 15.4533 4.875 190.6628
v 7.26 9.75 175.8942
v 15.4533 4.875 190.6628
v 19.8 9.75 183.4238
v 2.9133 4.875 183.1332
v 2.9133 -4.875 183.1332
v 15.4533 -4.875 190.6628
v 2.9133 4.875 183.1332
v 15.4533 -4.875 190.6628
v 15.4533 4.875 190.6628
v 2.9133 -4.875 183.1332
v 7.26 -9.75 175.8942
v 19.8 -9.75 183.4238
v 2.9133 -4.875 183.1332
v 19.8 -9.75 183.4238
v 15.4533 -4.875 190.6628
v 7.26 -9.75 175.8942
v 11.6067 -4.875 168.6552
v 24.1467 -4.875 176.1848
v 7.26 -9.75 175.8942
v 24.1467 -4.875 176.1848
v 19.8 -9.75 183.4238
v 11.6067 -4.875 168.6552
v 11.6067 4.875 168.6552
v 24.1467 4.875 176.1848
v 11.6067 -4.875 168.6552
v 24.1467 4.875 176.1848
v 24.1467 -4.875 176.1848
v 11.6067 4.875 168.6552
v 7.26 9.75 175.8942
v 19.8 9.75 183.4238
v 11.6067 4.875 168.6552
v 19.8 9.75 183.4238
v 24.1467 4.875 176.1848
v 11.6067 4.875 168.6552
v 11.6067 -4.875 168.6552
v 7.26 -9.75 175.8942
v 11.6067 4.875 168.6552
v 7.26 -9.75 175.8942
v 2.9133 -4.875 183.1332
v 11.6067 4.875 168.6552
v 2.9133 -4.875 183.1332
v 2.9133 4.875 183.1332
v 11.6067 4.875 168.6552
v 2.9133 4.875 183.1332
v 7.26 9.75 175.8942
v 19.8 9.75 183.4238
v 15.4533 4.875 190.6628
v 15.4533 -4.875 190.6628
v 19.8 9.75 183.4238
v 15.4533 -4.875 190.6628
v 19.8 -9.75 183.4238
v 19.8 9.75 183.4238
v 19.8 -9.75 183.4238
v 24.1467 -4.875 176.1848
v 19.8 9.75 183.4238
v 24.1467 -4.875 176.1848
v 24.1467 4.875 176.1848
v 19.8 9.5 183.4238
v 15.3552 4.75 190.3471
v 27.8952 4.75 198.3978
v 19.8 9.5 183.4238
v 27.8952 4.75 198.3978
v 32.34 9.5 191.4745
v 15.3552 4.75 190.3471
v 15.3552 -4.75 190.3471
v 27.8952 -4.75 198.3978
v 15.3552 4.75 190.3471
v 27.8952 -4.75 198.3978
v 27.8952 4.75 198.3978
v 15.3552 -4.75 190.3471
v 19.8 -9.5 183.4238
v 32.34 -9.5 191.4745
v 15.3552 -4.75 190.3471
v 32.34 -9.5 191.4745
v 27.8952 -4.75 198.3978
v 19.8 -9.5 183.4238
v 24.2448 -4.75 176.5005
v 36.7848 -4.75 184.5512
v 19.8 -9.5 183.4238
v 36.7848 -4.75 184.5512
v 32.34 -9.5 191.4745
v 24.2448 -4.75 176.5005
v 24.2448 4.75 176.5005
v 36.7848 4.75 184.5512
v 24.2448 -4.75 176.5005
v 36.7848 4.75 184.5512
v 36.7848 -4.75 184.5512
v 24.2448 4.75 176.5005
v 19.8 9.5 183.4238
v 32.34 9.5 191.4745
v 24.2448 4.75 176.5005
v 32.34 9.5 191.4745
v 36.7848 4.75 184.5512
v 24.2448 4.75 176.5005
v 24.2448 -4.75 176.5005
v 19.8 -9.5 183.4238
v 24.2448 4.75 176.5005
v 19.8 -9.5 183.4238
v 15.3552 -4.75 190.3471
v 24.2448 4.75 176.5005
v 15.3552 -4.75 190.3471
v 15.3552 4.75 190.3471
v 24.2448 4.75 176.5005
v 15.3552 4.75 190.3471
v 19.8 9.5 183.4238
v 32.34 9.5 191.4745
v 27.8952 4.75 198.3978
v 27.8952 -4.75 198.3978
v 32.34 9.5 191.4745
v 27.8952 -4.75 198.3978
v 32.34 -9.5 191.4745
v 32.34 9.5 191.4745
v 32.34 -9.5 191.4745
v 36.7848 -4.75 184.5512
v 32.34 9.5 191.4745
v 36.7848 -4.75 184.5512
v 36.7848 4.75 184.5512
v 32.34 9.25 191.4745
v 27.8361 4.625 198.0992
v 40.3761 4.625 206.6247
v 32.34 9.25 191.4745
v 40.3761 4.625 206.6247
v 44.88 9.25 200.0
v 27.8361 4.625 198.0992
v 27.8361 -4.625 198.0992
v 40.3761 -4.625 206.6247
v 27.8361 4.625 198.0992
v 40.3761 -4.625 206.6247
v 40.3761 4.625 206.6247
v 27.8361 -4.625 198.0992
v 32.34 -9.25 191.4745
v 44.88 -9.25 200.0
v 27.8361 -4.625 198.0992
v 44.88 -9.25 200.0
v 40.3761 -4.625 206.6247
v 32.34 -9.25 191.4745
v 36.8439 -4.625 184.8498
v 49.3839 -4.625 193.3753
v 32.34 -9.25 191.4745
v 49.3839 -4.625 193.3753
v 44.88 -9.25 200.0
v 36.8439 -4.625 184.8498
v 36.8439 4.625 184.8498
v 49.3839 4.625 193.3753
v 36.8439 -4.625 184.8498
v 49.3839 4.625 193.3753
v 49.3839 -4.625 193.3753
v 36.8439 4.625 184.8498
v 32.34 9.25 191.4745
v 44.88 9.25 200.0
v 36.8439 4.625 184.8498
v 44.88 9.25 200.0
v 49.3839 4.625 193.3753
v 36.8439 4.625 184.8498
v 36.8439 -4.625 184.8498
v 32.34 -9.25 191.4745
v 36.8439 4.625 184.8498
v 32.34 -9.25 191.4745
v 27.8361 -4.625 198.0992
v 36.8439 4.625 184.8498
v 27.8361 -4.625 198.0992
v 27.8361 4.625 198.0992
v 36.8439 4.625 184.8498
v 27.8361 4.625 198.0992
v 32.34 9.25 191.4745
v 44.88 9.25 200.0
v 40.3761 4.625 206.6247
v 40.3761 -4.625 206.6247
v 44.88 9.25 200.0
v 40.3761 -4.625 206.6247
v 44.88 -9.25 200.0
v 44.88 9.25 200.0
v 44.88 -9.25 200.0
v 49.3839 -4.625 193.3753
v 44.88 9.25 200.0
v 49.3839 -4.625 193.3753
v 49.3839 4.625 193.3753
v 44.88 8.0 200.0
v 38.8351 4.0 203.3851
v 57.3151 4.0 236.3851
v 44.88 8.0 200.0
v 57.3151 4.0 236.3851
v 63.36 8.0 233.0
v 38.8351 4.0 203.3851
v 38.8351 -4.0 203.3851
v 57.3151 -4.0 236.3851
v 38.8351 4.0 203.3851
v 57.3151 -4.0 236.3851
v 57.3151 4.0 236.3851
v 38.8351 -4.0 203.3851
v 44.88 -8.0 200.0
v 63.36 -8.0 233.0
v 38.8351 -4.0 203.3851
v 63.36 -8.0 233.0
v 57.3151 -4.0 236.3851
v 44.88 -8.0 200.0
v 50.9249 -4.0 196.6149
v 69.4049 -4.0 229.6149
v 44.88 -8.0 200.0
v 69.4049 -4.0 229.6149
v 63.36 -8.0 233.0
v 50.9249 -4.0 196.6149
v 50.9249 4.0 196.6149
v 69.4049 4.0 229.6149
v 50.9249 -4.0 196.6149
v 69.4049 4.0 229.6149
v 69.4049 -4.0 229.6149
v 50.9249 4.0 196.6149
v 44.88 8.0 200.0
v 63.36 8.0 233.0
v 50.9249 4.0 196.6149
v 63.36 8.0 233.0
v 69.4049 4.0 229.6149
v 50.9249 4.0 196.6149
v 50.9249 -4.0 196.6149
v 44.88 -8.0 200.0
v 50.9249 4.0 196.6149
v 44.88 -8.0 200.0
v 38.8351 -4.0 203.3851
v 50.9249 4.0 196.6149
v 38.8351 -4.0 203.3851
v 38.8351 4.0 203.3851
v 50.9249 4.0 196.6149
v 38.8351 4.0 203.3851
v 44.88 8.0 200.0
v 63.36 8.0 233.0
v 57.3151 4.0 236.3851
v 57.3151 -4.0 236.3851
v 63.36 8.0 233.0
v 57.3151 -4.0 236.3851
v 63.36 -8.0 233.0
v 63.36 8.0 233.0
v 63.36 -8.0 233.0
v 69.4049 -4.0 229.6149
v 63.36 8.0 233.0
v 69.4049 -4.0 229.6149
v 69.4049 4.0 229.6149
v 90.64 -13.0 231.0
v 90.64 13.0 231.0
v 90.64 13.0 255.0
v 90.64 -13.0 231.0
v 90.64 13.0 255.0
v 90.64 -13.0 255.0
v 46.64 -13.0 231.0
v 46.64 -13.0 255.0
v 46.64 13.0 255.0
v 46.64 -13.0 231.0
v 46.64 13.0 255.0
v 46.64 13.0 231.0
v 46.64 13.0 231.0
v 46.64 13.0 255.0
v 90.64 13.0 255.0
v 46.64 13.0 231.0
v 90.64 13.0 255.0
v 90.64 13.0 231.0
v 46.64 -13.0 231.0
v 90.64 -13.0 231.0
v 90.64 -13.0 255.0
v 46.64 -13.0 231.0
v 90.64 -13.0 255.0
v 46.64 -13.0 255.0
v 46.64 -13.0 255.0
v 90.64 -13.0 255.0
v 90.64 13.0 255.0
v 46.64 -13.0 255.0
v 90.64 13.0 255.0
v 46.64 13.0 255.0
v 46.64 -13.0 231.0
v 46.64 13.0 231.0
v 90.64 13.0 231.0
v 46.64 -13.0 231.0
v 90.64 13.0 231.0
v 90.64 -13.0 231.0
v 91.64 -8.0 234.0
v 91.64 8.0 234.0
v 91.64 8.0 246.0
v 91.64 -8.0 234.0
v 91.64 8.0 246.0
v 91.64 -8.0 246.0
v 77.64 -8.0 234.0
v 77.64 -8.0 246.0
v 77.64 8.0 246.0
v 77.64 -8.0 234.0
v 77.64 8.0 246.0
v 77.64 8.0 234.0
v 77.64 8.0 234.0
v 77.64 8.0 246.0
v 91.64 8.0 246.0
v 77.64 8.0 234.0
v 91.64 8.0 246.0
v 91.64 8.0 234.0
v 77.64 -8.0 234.0
v 91.64 -8.0 234.0
v 91.64 -8.0 246.0
v 77.64 -8.0 234.0
v 91.64 -8.0 246.0
v 77.64 -8.0 246.0
v 77.64 -8.0 246.0
v 91.64 -8.0 246.0
v 91.64 8.0 246.0
v 77.64 -8.0 246.0
v 91.64 8.0 246.0
v 77.64 8.0 246.0
v 77.64 -8.0 234.0
v 77.64 8.0 234.0
v 91.64 8.0 234.0
v 77.64 -8.0 234.0
v 91.64 8.0 234.0
v 91.64 -8.0 234.0
v -53.4848 -2.0 151.0
v -53.4848 2.0 151.0
v -53.4848 2.0 184.3583
v -53.4848 -2.0 151.0
v -53.4848 2.0 184.3583
v -53.4848 -2.0 184.3583
v -67.4505 -2.0 151.0
v -67.4505 -2.0 184.3583
v -67.4505 2.0 184.3583
v -67.4505 -2.0 151.0
v -67.4505 2.0 184.3583
v -67.4505 2.0 151.0
v -67.4505 2.0 151.0
v -67.4505 2.0 184.3583
v -53.4848 2.0 184.3583
v -67.4505 2.0 151.0
v -53.4848 2.0 184.3583
v -53.4848 2.0 151.0
v -67.4505 -2.0 151.0
v -53.4848 -2.0 151.0
v -53.4848 -2.0 184.3583
v -67.4505 -2.0 151.0
v -53.4848 -2.0 184.3583
v -67.4505 -2.0 184.3583
v -67.4505 -2.0 184.3583
v -53.4848 -2.0 184.3583
v -53.4848 2.0 184.3583
v -67.4505 -2.0 184.3583
v -53.4848 2.0 184.3583
v -67.4505 2.0 184.3583
v -67.4505 -2.0 151.0
v -67.4505 2.0 151.0
v -53.4848 2.0 151.0
v -67.4505 -2.0 151.0
v -53.4848 2.0 151.0
v -53.4848 -2.0 151.0
v -58.2331 -2.5 158.0
v -58.2331 2.5 158.0
v -58.2331 2.5 181.3583
v -58.2331 -2.5 158.0
v -58.2331 2.5 181.3583
v -58.2331 -2.5 181.3583
v -62.7022 -2.5 158.0
v -62.7022 -2.5 181.3583
v -62.7022 2.5 181.3583
v -62.7022 -2.5 158.0
v -62.7022 2.5 181.3583
v -62.7022 2.5 158.0
v -62.7022 2.5 158.0
v -62.7022 2.5 181.3583
v -58.2331 2.5 181.3583
v -62.7022 2.5 158.0
v -58.2331 2.5 181.3583
v -58.2331 2.5 158.0
v -62.7022 -2.5 158.0
v -58.2331 -2.5 158.0
v -58.2331 -2.5 181.3583
v -62.7022 -2.5 158.0
v -58.2331 -2.5 181.3583
v -62.7022 -2.5 181.3583
v -62.7022 -2.5 181.3583
v -58.2331 -2.5 181.3583
v -58.2331 2.5 181.3583
v -62.7022 -2.5 181.3583
v -58.2331 2.5 181.3583
v -62.7022 2.5 181.3583
v -62.7022 -2.5 158.0
v -62.7022 2.5 158.0
v -58.2331 2.5 158.0
v -62.7022 -2.5 158.0
v -58.2331 2.5 158.0
v -58.2331 -2.5 158.0
v -44.8822 -2.0 152.5421
v -44.8822 2.0 152.5421
v -44.8822 2.0 187.2334
v -44.8822 -2.0 152.5421
v -44.8822 2.0 187.2334
v -44.8822 -2.0 187.2334
v -60.5809 -2.0 152.5421
v -60.5809 -2.0 187.2334
v -60.5809 2.0 187.2334
v -60.5809 -2.0 152.5421
v -60.5809 2.0 187.2334
v -60.5809 2.0 152.5421
v -60.5809 2.0 152.5421
v -60.5809 2.0 187.2334
v -44.8822 2.0 187.2334
v -60.5809 2.0 152.5421
v -44.8822 2.0 187.2334
v -44.8822 2.0 152.5421
v -60.5809 -2.0 152.5421
v -44.8822 -2.0 152.5421
v -44.8822 -2.0 187.2334
v -60.5809 -2.0 152.5421
v -44.8822 -2.0 187.2334
v -60.5809 -2.0 187.2334
v -60.5809 -2.0 187.2334
v -44.8822 -2.0 187.2334
v -44.8822 2.0 187.2334
v -60.5809 -2.0 187.2334
v -44.8822 2.0 187.2334
v -60.5809 2.0 187.2334
v -60.5809 -2.0 152.5421
v -60.5809 2.0 152.5421
v -44.8822 2.0 152.5421
v -60.5809 -2.0 152.5421
v -44.8822 2.0 152.5421
v -44.8822 -2.0 152.5421
v -50.2197 -2.5 159.5421
v -50.2197 2.5 159.5421
v -50.2197 2.5 184.2334
v -50.2197 -2.5 159.5421
v -50.2197 2.5 184.2334
v -50.2197 -2.5 184.2334
v -55.2433 -2.5 159.5421
v -55.2433 -2.5 184.2334
v -55.2433 2.5 184.2334
v -55.2433 -2.5 159.5421
v -55.2433 2.5 184.2334
v -55.2433 2.5 159.5421
v -55.2433 2.5 159.5421
v -55.2433 2.5 184.2334
v -50.2197 2.5 184.2334
v -55.2433 2.5 159.5421
v -50.2197 2.5 184.2334
v -50.2197 2.5 159.5421
v -55.2433 -2.5 159.5421
v -50.2197 -2.5 159.5421
v -50.2197 -2.5 184.2334
v -55.2433 -2.5 159.5421
v -50.2197 -2.5 184.2334
v -55.2433 -2.5 184.2334
v -55.2433 -2.5 184.2334
v -50.2197 -2.5 184.2334
v -50.2197 2.5 184.2334
v -55.2433 -2.5 184.2334
v -50.2197 2.5 184.2334
v -55.2433 2.5 184.2334
v -55.2433 -2.5 159.5421
v -55.2433 2.5 159.5421
v -50.2197 2.5 159.5421
v -55.2433 -2.5 159.5421
v -50.2197 2.5 159.5421
v -50.2197 -2.5 159.5421
v -36.3137 -2.0 155.0697
v -36.3137 2.0 155.0697
v -36.3137 2.0 190.9066
v -36.3137 -2.0 155.0697
v -36.3137 2.0 190.9066
v -36.3137 -2.0 190.9066
v -53.5017 -2.0 155.0697
v -53.5017 -2.0 190.9066
v -53.5017 2.0 190.9066
v -53.5017 -2.0 155.0697
v -53.5017 2.0 190.9066
v -53.5017 2.0 155.0697
v -53.5017 2.0 155.0697
v -53.5017 2.0 190.9066
v -36.3137 2.0 190.9066
v -53.5017 2.0 155.0697
v -36.3137 2.0 190.9066
v -36.3137 2.0 155.0697
v -53.5017 -2.0 155.0697
v -36.3137 -2.0 155.0697
v -36.3137 -2.0 190.9066
v -53.5017 -2.0 155.0697
v -36.3137 -2.0 190.9066
v -53.5017 -2.0 190.9066
v -53.5017 -2.0 190.9066
v -36.3137 -2.0 190.9066
v -36.3137 2.0 190.9066
v -53.5017 -2.0 190.9066
v -36.3137 2.0 190.9066
v -53.5017 2.0 190.9066
v -53.5017 -2.0 155.0697
v -53.5017 2.0 155.0697
v -36.3137 2.0 155.0697
v -53.5017 -2.0 155.0697
v -36.3137 2.0 155.0697
v -36.3137 -2.0 155.0697
v -42.1576 -2.5 162.0697
v -42.1576 2.5 162.0697
v -42.1576 2.5 187.9066
v -42.1576 -2.5 162.0697
v -42.1576 2.5 187.9066
v -42.1576 -2.5 187.9066
v -47.6578 -2.5 162.0697
v -47.6578 -2.5 187.9066
v -47.6578 2.5 187.9066
v -47.6578 -2.5 162.0697
v -47.6578 2.5 187.9066
v -47.6578 2.5 162.0697
v -47.6578 2.5 162.0697
v -47.6578 2.5 187.9066
v -42.1576 2.5 187.9066
v -47.6578 2.5 162.0697
v -42.1576 2.5 187.9066
v -42.1576 2.5 162.0697
v -47.6578 -2.5 162.0697
v -42.1576 -2.5 162.0697
v -42.1576 -2.5 187.9066
v -47.6578 -2.5 162.0697
v -42.1576 -2.5 187.9066
v -47.6578 -2.5 187.9066
v -47.6578 -2.5 187.9066
v -42.1576 -2.5 187.9066
v -42.1576 2.5 187.9066
v -47.6578 -2.5 187.9066
v -42.1576 2.5 187.9066
v -47.6578 2.5 187.9066
v -47.6578 -2.5 162.0697
v -47.6578 2.5 162.0697
v -42.1576 2.5 162.0697
v -47.6578 -2.5 162.0697
v -42.1576 2.5 162.0697
v -42.1576 -2.5 162.0697
v -27.7851 -2.0 158.1794
v -27.7851 2.0 158.1794
v -27.7851 2.0 194.9424
v -27.7851 -2.0 158.1794
v -27.7851 2.0 194.9424
v -27.7851 -2.0 194.9424
v -46.1771 -2.0 158.1794
v -46.1771 -2.0 194.9424
v -46.1771 2.0 194.9424
v -46.1771 -2.0 158.1794
v -46.1771 2.0 194.9424
v -46.1771 2.0 158.1794
v -46.1771 2.0 158.1794
v -46.1771 2.0 194.9424
v -27.7851 2.0 194.9424
v -46.1771 2.0 158.1794
v -27.7851 2.0 194.9424
v -27.7851 2.0 158.1794
v -46.1771 -2.0 158.1794
v -27.7851 -2.0 158.1794
v -27.7851 -2.0 194.9424
v -46.1771 -2.0 158.1794
v -27.7851 -2.0 194.9424
v -46.1771 -2.0 194.9424
v -46.1771 -2.0 194.9424
v -27.7851 -2.0 194.9424
v -27.7851 2.0 194.9424
v -46.1771 -2.0 194.9424
v -27.7851 2.0 194.9424
v -46.1771 2.0 194.9424
v -46.1771 -2.0 158.1794
v -46.1771 2.0 158.1794
v -27.7851 2.0 158.1794
v -46.1771 -2.0 158.1794
v -27.7851 2.0 158.1794
v -27.7851 -2.0 158.1794
v -34.0384 -2.5 165.1794
v -34.0384 2.5 165.1794
v -34.0384 2.5 191.9424
v -34.0384 -2.5 165.1794
v -34.0384 2.5 191.9424
v -34.0384 -2.5 191.9424
v -39.9238 -2.5 165.1794
v -39.9238 -2.5 191.9424
v -39.9238 2.5 191.9424
v -39.9238 -2.5 165.1794
v -39.9238 2.5 191.9424
v -39.9238 2.5 165.1794
v -39.9238 2.5 165.1794
v -39.9238 2.5 191.9424
v -34.0384 2.5 191.9424
v -39.9238 2.5 165.1794
v -34.0384 2.5 191.9424
v -34.0384 2.5 165.1794
v -39.9238 -2.5 165.1794
v -34.0384 -2.5 165.1794
v -34.0384 -2.5 191.9424
v -39.9238 -2.5 165.1794
v -34.0384 -2.5 191.9424
v -39.9238 -2.5 191.9424
v -39.9238 -2.5 191.9424
v -34.0384 -2.5 191.9424
v -34.0384 2.5 191.9424
v -39.9238 -2.5 191.9424
v -34.0384 2.5 191.9424
v -39.9238 2.5 191.9424
v -39.9238 -2.5 165.1794
v -39.9238 2.5 165.1794
v -34.0384 2.5 165.1794
v -39.9238 -2.5 165.1794
v -34.0384 2.5 165.1794
v -34.0384 -2.5 165.1794
v -19.3012 -2.0 161.7399
v -19.3012 2.0 161.7399
v -19.3012 2.0 199.1837
v -19.3012 -2.0 161.7399
v -19.3012 2.0 199.1837
v -19.3012 -2.0 199.1837
v -38.5781 -2.0 161.7399
v -38.5781 -2.0 199.1837
v -38.5781 2.0 199.1837
v -38.5781 -2.0 161.7399
v -38.5781 2.0 199.1837
v -38.5781 2.0 161.7399
v -38.5781 2.0 161.7399
v -38.5781 2.0 199.1837
v -19.3012 2.0 199.1837
v -38.5781 2.0 161.7399
v -19.3012 2.0 199.1837
v -19.3012 2.0 161.7399
v -38.5781 -2.0 161.7399
v -19.3012 -2.0 161.7399
v -19.3012 -2.0 199.1837
v -38.5781 -2.0 161.7399
v -19.3012 -2.0 199.1837
v -38.5781 -2.0 199.1837
v -38.5781 -2.0 199.1837
v -19.3012 -2.0 199.1837
v -19.3012 2.0 199.1837
v -38.5781 -2.0 199.1837
v -19.3012 2.0 199.1837
v -38.5781 2.0 199.1837
v -38.5781 -2.0 161.7399
v -38.5781 2.0 161.7399
v -19.3012 2.0 161.7399
v -38.5781 -2.0 161.7399
v -19.3012 2.0 161.7399
v -19.3012 -2.0 161.7399
v -25.8554 -2.5 168.7399
v -25.8554 2.5 168.7399
v -25.8554 2.5 196.1837
v -25.8554 -2.5 168.7399
v -25.8554 2.5 196.1837
v -25.8554 -2.5 196.1837
v -32.024 -2.5 168.7399
v -32.024 -2.5 196.1837
v -32.024 2.5 196.1837
v -32.024 -2.5 168.7399
v -32.024 2.5 196.1837
v -32.024 2.5 168.7399
v -32.024 2.5 168.7399
v -32.024 2.5 196.1837
v -25.8554 2.5 196.1837
v -32.024 2.5 168.7399
v -25.8554 2.5 196.1837
v -25.8554 2.5 168.7399
v -32.024 -2.5 168.7399
v -25.8554 -2.5 168.7399
v -25.8554 -2.5 196.1837
v -32.024 -2.5 168.7399
v -25.8554 -2.5 196.1837
v -32.024 -2.5 196.1837
v -32.024 -2.5 196.1837
v -25.8554 -2.5 196.1837
v -25.8554 2.5 196.1837
v -32.024 -2.5 196.1837
v -25.8554 2.5 196.1837
v -32.024 2.5 196.1837
v -32.024 -2.5 168.7399
v -32.024 2.5 168.7399
v -25.8554 2.5 168.7399
v -32.024 -2.5 168.7399
v -25.8554 2.5 168.7399
v -25.8554 -2.5 168.7399
v -10.8655 -2.0 165.6782
v -10.8655 2.0 165.6782
v -10.8655 2.0 203.5382
v -10.8655 -2.0 165.6782
v -10.8655 2.0 203.5382
v -10.8655 -2.0 203.5382
v -30.6834 -2.0 165.6782
v -30.6834 -2.0 203.5382
v -30.6834 2.0 203.5382
v -30.6834 -2.0 165.6782
v -30.6834 2.0 203.5382
v -30.6834 2.0 165.6782
v -30.6834 2.0 165.6782
v -30.6834 2.0 203.5382
v -10.8655 2.0 203.5382
v -30.6834 2.0 165.6782
v -10.8655 2.0 203.5382
v -10.8655 2.0 165.6782
v -30.6834 -2.0 165.6782
v -10.8655 -2.0 165.6782
v -10.8655 -2.0 203.5382
v -30.6834 -2.0 165.6782
v -10.8655 -2.0 203.5382
v -30.6834 -2.0 203.5382
v -30.6834 -2.0 203.5382
v -10.8655 -2.0 203.5382
v -10.8655 2.0 203.5382
v -30.6834 -2.0 203.5382
v -10.8655 2.0 203.5382
v -30.6834 2.0 203.5382
v -30.6834 -2.0 165.6782
v -30.6834 2.0 165.6782
v -10.8655 2.0 165.6782
v -30.6834 -2.0 165.6782
v -10.8655 2.0 165.6782
v -10.8655 -2.0 165.6782
v -17.6036 -2.5 172.6782
v -17.6036 2.5 172.6782
v -17.6036 2.5 200.5382
v -17.6036 -2.5 172.6782
v -17.6036 2.5 200.5382
v -17.6036 -2.5 200.5382
v -23.9453 -2.5 172.6782
v -23.9453 -2.5 200.5382
v -23.9453 2.5 200.5382
v -23.9453 -2.5 172.6782
v -23.9453 2.5 200.5382
v -23.9453 2.5 172.6782
v -23.9453 2.5 172.6782
v -23.9453 2.5 200.5382
v -17.6036 2.5 200.5382
v -23.9453 2.5 172.6782
v -17.6036 2.5 200.5382
v -17.6036 2.5 172.6782
v -23.9453 -2.5 172.6782
v -17.6036 -2.5 172.6782
v -17.6036 -2.5 200.5382
v -23.9453 -2.5 172.6782
v -17.6036 -2.5 200.5382
v -23.9453 -2.5 200.5382
v -23.9453 -2.5 200.5382
v -17.6036 -2.5 200.5382
v -17.6036 2.5 200.5382
v -23.9453 -2.5 200.5382
v -17.6036 2.5 200.5382
v -23.9453 2.5 200.5382
v -23.9453 -2.5 172.6782
v -23.9453 2.5 172.6782
v -17.6036 2.5 172.6782
v -23.9453 -2.5 172.6782
v -17.6036 2.5 172.6782
v -17.6036 -2.5 172.6782
v -2.48 -2.0 169.9465
v -2.48 2.0 169.9465
v -2.48 2.0 207.9465
v -2.48 -2.0 169.9465
v -2.48 2.0 207.9465
v -2.48 -2.0 207.9465
v -22.48 -2.0 169.9465
v -22.48 -2.0 207.9465
v -22.48 2.0 207.9465
v -22.48 -2.0 169.9465
v -22.48 2.0 207.9465
v -22.48 2.0 169.9465
v -22.48 2.0 169.9465
v -22.48 2.0 207.9465
v -2.48 2.0 207.9465
v -22.48 2.0 169.9465
v -2.48 2.0 207.9465
v -2.48 2.0 169.9465
v -22.48 -2.0 169.9465
v -2.48 -2.0 169.9465
v -2.48 -2.0 207.9465
v -22.48 -2.0 169.9465
v -2.48 -2.0 207.9465
v -22.48 -2.0 207.9465
v -22.48 -2.0 207.9465
v -2.48 -2.0 207.9465
v -2.48 2.0 207.9465
v -22.48 -2.0 207.9465
v -2.48 2.0 207.9465
v -22.48 2.0 207.9465
v -22.48 -2.0 169.9465
v -22.48 2.0 169.9465
v -2.48 2.0 169.9465
v -22.48 -2.0 169.9465
v -2.48 2.0 169.9465
v -2.48 -2.0 169.9465
v -9.28 -2.5 176.9465
v -9.28 2.5 176.9465
v -9.28 2.5 204.9465
v -9.28 -2.5 176.9465
v -9.28 2.5 204.9465
v -9.28 -2.5 204.9465
v -15.68 -2.5 176.9465
v -15.68 -2.5 204.9465
v -15.68 2.5 204.9465
v -15.68 -2.5 176.9465
v -15.68 2.5 204.9465
v -15.68 2.5 176.9465
v -15.68 2.5 176.9465
v -15.68 2.5 204.9465
v -9.28 2.5 204.9465
v -15.68 2.5 176.9465
v -9.28 2.5 204.9465
v -9.28 2.5 176.9465
v -15.68 -2.5 176.9465
v -9.28 -2.5 176.9465
v -9.28 -2.5 204.9465
v -15.68 -2.5 176.9465
v -9.28 -2.5 204.9465
v -15.68 -2.5 204.9465
v -15.68 -2.5 204.9465
v -9.28 -2.5 204.9465
v -9.28 2.5 204.9465
v -15.68 -2.5 204.9465
v -9.28 2.5 204.9465
v -15.68 2.5 204.9465
v -15.68 -2.5 176.9465
v -15.68 2.5 176.9465
v -9.28 2.5 176.9465
v -15.68 -2.5 176.9465
v -9.28 2.5 176.9465
v -9.28 -2.5 176.9465
v 5.8545 -2.0 174.51
v 5.8545 2.0 174.51
v 5.8545 2.0 212.37
v 5.8545 -2.0 174.51
v 5.8545 2.0 212.37
v 5.8545 -2.0 212.37
v -13.9634 -2.0 174.51
v -13.9634 -2.0 212.37
v -13.9634 2.0 212.37
v -13.9634 -2.0 174.51
v -13.9634 2.0 212.37
v -13.9634 2.0 174.51
v -13.9634 2.0 174.51
v -13.9634 2.0 212.37
v 5.8545 2.0 212.37
v -13.9634 2.0 174.51
v 5.8545 2.0 212.37
v 5.8545 2.0 174.51
v -13.9634 -2.0 174.51
v 5.8545 -2.0 174.51
v 5.8545 -2.0 212.37
v -13.9634 -2.0 174.51
v 5.8545 -2.0 212.37
v -13.9634 -2.0 212.37
v -13.9634 -2.0 212.37
v 5.8545 -2.0 212.37
v 5.8545 2.0 212.37
v -13.9634 -2.0 212.37
v 5.8545 2.0 212.37
v -13.9634 2.0 212.37
v -13.9634 -2.0 174.51
v -13.9634 2.0 174.51
v 5.8545 2.0 174.51
v -13.9634 -2.0 174.51
v 5.8545 2.0 174.51
v 5.8545 -2.0 174.51
v -0.8836 -2.5 181.51
v -0.8836 2.5 181.51
v -0.8836 2.5 209.37
v -0.8836 -2.5 181.51
v -0.8836 2.5 209.37
v -0.8836 -2.5 209.37
v -7.2253 -2.5 181.51
v -7.2253 -2.5 209.37
v -7.2253 2.5 209.37
v -7.2253 -2.5 181.51
v -7.2253 2.5 209.37
v -7.2253 2.5 181.51
v -7.2253 2.5 181.51
v -7.2253 2.5 209.37
v -0.8836 2.5 209.37
v -7.2253 2.5 181.51
v -0.8836 2.5 209.37
v -0.8836 2.5 181.51
v -7.2253 -2.5 181.51
v -0.8836 -2.5 181.51
v -0.8836 -2.5 209.37
v -7.2253 -2.5 181.51
v -0.8836 -2.5 209.37
v -7.2253 -2.5 209.37
v -7.2253 -2.5 209.37
v -0.8836 -2.5 209.37
v -0.8836 2.5 209.37
v -7.2253 -2.5 209.37
v -0.8836 2.5 209.37
v -7.2253 2.5 209.37
v -7.2253 -2.5 181.51
v -7.2253 2.5 181.51
v -0.8836 2.5 181.51
v -7.2253 -2.5 181.51
v -0.8836 2.5 181.51
v -0.8836 -2.5 181.51
v 14.1388 -2.0 179.3428
v 14.1388 2.0 179.3428
v 14.1388 2.0 216.7865
v 14.1388 -2.0 179.3428
v 14.1388 2.0 216.7865
v 14.1388 -2.0 216.7865
v -5.1381 -2.0 179.3428
v -5.1381 -2.0 216.7865
v -5.1381 2.0 216.7865
v -5.1381 -2.0 179.3428
v -5.1381 2.0 216.7865
v -5.1381 2.0 179.3428
v -5.1381 2.0 179.3428
v -5.1381 2.0 216.7865
v 14.1388 2.0 216.7865
v -5.1381 2.0 179.3428
v 14.1388 2.0 216.7865
v 14.1388 2.0 179.3428
v -5.1381 -2.0 179.3428
v 14.1388 -2.0 179.3428
v 14.1388 -2.0 216.7865
v -5.1381 -2.0 179.3428
v 14.1388 -2.0 216.7865
v -5.1381 -2.0 216.7865
v -5.1381 -2.0 216.7865
v 14.1388 -2.0 216.7865
v 14.1388 2.0 216.7865
v -5.1381 -2.0 216.7865
v 14.1388 2.0 216.7865
v -5.1381 2.0 216.7865
v -5.1381 -2.0 179.3428
v -5.1381 2.0 179.3428
v 14.1388 2.0 179.3428
v -5.1381 -2.0 179.3428
v 14.1388 2.0 179.3428
v 14.1388 -2.0 179.3428
v 7.5846 -2.5 186.3428
v 7.5846 2.5 186.3428
v 7.5846 2.5 213.7865
v 7.5846 -2.5 186.3428
v 7.5846 2.5 213.7865
v 7.5846 -2.5 213.7865
v 1.416 -2.5 186.3428
v 1.416 -2.5 213.7865
v 1.416 2.5 213.7865
v 1.416 -2.5 186.3428
v 1.416 2.5 213.7865
v 1.416 2.5 186.3428
v 1.416 2.5 186.3428
v 1.416 2.5 213.7865
v 7.5846 2.5 213.7865
v 1.416 2.5 186.3428
v 7.5846 2.5 213.7865
v 7.5846 2.5 186.3428
v 1.416 -2.5 186.3428
v 7.5846 -2.5 186.3428
v 7.5846 -2.5 213.7865
v 1.416 -2.5 186.3428
v 7.5846 -2.5 213.7865
v 1.416 -2.5 213.7865
v 1.416 -2.5 213.7865
v 7.5846 -2.5 213.7865
v 7.5846 2.5 213.7865
v 1.416 -2.5 213.7865
v 7.5846 2.5 213.7865
v 1.416 2.5 213.7865
v 1.416 -2.5 186.3428
v 1.416 2.5 186.3428
v 7.5846 2.5 186.3428
v 1.416 -2.5 186.3428
v 7.5846 2.5 186.3428
v 7.5846 -2.5 186.3428
v 22.3749 -2.0 184.4238
v 22.3749 2.0 184.4238
v 22.3749 2.0 221.1869
v 22.3749 -2.0 184.4238
v 22.3749 2.0 221.1869
v 22.3749 -2.0 221.1869
v 3.9829 -2.0 184.4238
v 3.9829 -2.0 221.1869
v 3.9829 2.0 221.1869
v 3.9829 -2.0 184.4238
v 3.9829 2.0 221.1869
v 3.9829 2.0 184.4238
v 3.9829 2.0 184.4238
v 3.9829 2.0 221.1869
v 22.3749 2.0 221.1869
v 3.9829 2.0 184.4238
v 22.3749 2.0 221.1869
v 22.3749 2.0 184.4238
v 3.9829 -2.0 184.4238
v 22.3749 -2.0 184.4238
v 22.3749 -2.0 221.1869
v 3.9829 -2.0 184.4238
v 22.3749 -2.0 221.1869
v 3.9829 -2.0 221.1869
v 3.9829 -2.0 221.1869
v 22.3749 -2.0 221.1869
v 22.3749 2.0 221.1869
v 3.9829 -2.0 221.1869
v 22.3749 2.0 221.1869
v 3.9829 2.0 221.1869
v 3.9829 -2.0 184.4238
v 3.9829 2.0 184.4238
v 22.3749 2.0 184.4238
v 3.9829 -2.0 184.4238
v 22.3749 2.0 184.4238
v 22.3749 -2.0 184.4238
v 16.1216 -2.5 191.4238
v 16.1216 2.5 191.4238
v 16.1216 2.5 218.1869
v 16.1216 -2.5 191.4238
v 16.1216 2.5 218.1869
v 16.1216 -2.5 218.1869
v 10.2362 -2.5 191.4238
v 10.2362 -2.5 218.1869
v 10.2362 2.5 218.1869
v 10.2362 -2.5 191.4238
v 10.2362 2.5 218.1869
v 10.2362 2.5 191.4238
v 10.2362 2.5 191.4238
v 10.2362 2.5 218.1869
v 16.1216 2.5 218.1869
v 10.2362 2.5 191.4238
v 16.1216 2.5 218.1869
v 16.1216 2.5 191.4238
v 10.2362 -2.5 191.4238
v 16.1216 -2.5 191.4238
v 16.1216 -2.5 218.1869
v 10.2362 -2.5 191.4238
v 16.1216 -2.5 218.1869
v 10.2362 -2.5 218.1869
v 10.2362 -2.5 218.1869
v 16.1216 -2.5 218.1869
v 16.1216 2.5 218.1869
v 10.2362 -2.5 218.1869
v 16.1216 2.5 218.1869
v 10.2362 2.5 218.1869
v 10.2362 -2.5 191.4238
v 10.2362 2.5 191.4238
v 16.1216 2.5 191.4238
v 10.2362 -2.5 191.4238
v 16.1216 2.5 191.4238
v 16.1216 -2.5 191.4238
v 30.5663 -2.0 189.7361
v 30.5663 2.0 189.7361
v 30.5663 2.0 225.5731
v 30.5663 -2.0 189.7361
v 30.5663 2.0 225.5731
v 30.5663 -2.0 225.5731
v 13.3783 -2.0 189.7361
v 13.3783 -2.0 225.5731
v 13.3783 2.0 225.5731
v 13.3783 -2.0 189.7361
v 13.3783 2.0 225.5731
v 13.3783 2.0 189.7361
v 13.3783 2.0 189.7361
v 13.3783 2.0 225.5731
v 30.5663 2.0 225.5731
v 13.3783 2.0 189.7361
v 30.5663 2.0 225.5731
v 30.5663 2.0 189.7361
v 13.3783 -2.0 189.7361
v 30.5663 -2.0 189.7361
v 30.5663 -2.0 225.5731
v 13.3783 -2.0 189.7361
v 30.5663 -2.0 225.5731
v 13.3783 -2.0 225.5731
v 13.3783 -2.0 225.5731
v 30.5663 -2.0 225.5731
v 30.5663 2.0 225.5731
v 13.3783 -2.0 225.5731
v 30.5663 2.0 225.5731
v 13.3783 2.0 225.5731
v 13.3783 -2.0 189.7361
v 13.3783 2.0 189.7361
v 30.5663 2.0 189.7361
v 13.3783 -2.0 189.7361
v 30.5663 2.0 189.7361
v 30.5663 -2.0 189.7361
v 24.7224 -2.5 196.7361
v 24.7224 2.5 196.7361
v 24.7224 2.5 222.5731
v 24.7224 -2.5 196.7361
v 24.7224 2.5 222.5731
v 24.7224 -2.5 222.5731
v 19.2222 -2.5 196.7361
v 19.2222 -2.5 222.5731
v 19.2222 2.5 222.5731
v 19.2222 -2.5 196.7361
v 19.2222 2.5 222.5731
v 19.2222 2.5 196.7361
v 19.2222 2.5 196.7361
v 19.2222 2.5 222.5731
v 24.7224 2.5 222.5731
v 19.2222 2.5 196.7361
v 24.7224 2.5 222.5731
v 24.7224 2.5 196.7361
v 19.2222 -2.5 196.7361
v 24.7224 -2.5 196.7361
v 24.7224 -2.5 222.5731
v 19.2222 -2.5 196.7361
v 24.7224 -2.5 222.5731
v 19.2222 -2.5 222.5731
v 19.2222 -2.5 222.5731
v 24.7224 -2.5 222.5731
v 24.7224 2.5 222.5731
v 19.2222 -2.5 222.5731
v 24.7224 2.5 222.5731
v 19.2222 2.5 222.5731
v 19.2222 -2.5 196.7361
v 19.2222 2.5 196.7361
v 24.7224 2.5 196.7361
v 19.2222 -2.5 196.7361
v 24.7224 2.5 196.7361
v 24.7224 -2.5 196.7361
v 38.7178 -2.0 195.2656
v 38.7178 2.0 195.2656
v 38.7178 2.0 229.9569
v 38.7178 -2.0 195.2656
v 38.7178 2.0 229.9569
v 38.7178 -2.0 229.9569
v 23.0191 -2.0 195.2656
v 23.0191 -2.0 229.9569
v 23.0191 2.0 229.9569
v 23.0191 -2.0 195.2656
v 23.0191 2.0 229.9569
v 23.0191 2.0 195.2656
v 23.0191 2.0 195.2656
v 23.0191 2.0 229.9569
v 38.7178 2.0 229.9569
v 23.0191 2.0 195.2656
v 38.7178 2.0 229.9569
v 38.7178 2.0 195.2656
v 23.0191 -2.0 195.2656
v 38.7178 -2.0 195.2656
v 38.7178 -2.0 229.9569
v 23.0191 -2.0 195.2656
v 38.7178 -2.0 229.9569
v 23.0191 -2.0 229.9569
v 23.0191 -2.0 229.9569
v 38.7178 -2.0 229.9569
v 38.7178 2.0 229.9569
v 23.0191 -2.0 229.9569
v 38.7178 2.0 229.9569
v 23.0191 2.0 229.9569
v 23.0191 -2.0 195.2656
v 23.0191 2.0 195.2656
v 38.7178 2.0 195.2656
v 23.0191 -2.0 195.2656
v 38.7178 2.0 195.2656
v 38.7178 -2.0 195.2656
v 33.3803 -2.5 202.2656
v 33.3803 2.5 202.2656
v 33.3803 2.5 226.9569
v 33.3803 -2.5 202.2656
v 33.3803 2.5 226.9569
v 33.3803 -2.5 226.9569
v 28.3567 -2.5 202.2656
v 28.3567 -2.5 226.9569
v 28.3567 2.5 226.9569
v 28.3567 -2.5 202.2656
v 28.3567 2.5 226.9569
v 28.3567 2.5 202.2656
v 28.3567 2.5 202.2656
v 28.3567 2.5 226.9569
v 33.3803 2.5 226.9569
v 28.3567 2.5 202.2656
v 33.3803 2.5 226.9569
v 33.3803 2.5 202.2656
v 28.3567 -2.5 202.2656
v 33.3803 -2.5 202.2656
v 33.3803 -2.5 226.9569
v 28.3567 -2.5 202.2656
v 33.3803 -2.5 226.9569
v 28.3567 -2.5 226.9569
v 28.3567 -2.5 226.9569
v 33.3803 -2.5 226.9569
v 33.3803 2.5 226.9569
v 28.3567 -2.5 226.9569
v 33.3803 2.5 226.9569
v 28.3567 2.5 226.9569
v 28.3567 -2.5 202.2656
v 28.3567 2.5 202.2656
v 33.3803 2.5 202.2656
v 28.3567 -2.5 202.2656
v 33.3803 2.5 202.2656
v 33.3803 -2.5 202.2656
v 46.8352 -2.0 201.0
v 46.8352 2.0 201.0
v 46.8352 2.0 234.3583
v 46.8352 -2.0 201.0
v 46.8352 2.0 234.3583
v 46.8352 -2.0 234.3583
v 32.8695 -2.0 201.0
v 32.8695 -2.0 234.3583
v 32.8695 2.0 234.3583
v 32.8695 -2.0 201.0
v 32.8695 2.0 234.3583
v 32.8695 2.0 201.0
v 32.8695 2.0 201.0
v 32.8695 2.0 234.3583
v 46.8352 2.0 234.3583
v 32.8695 2.0 201.0
v 46.8352 2.0 234.3583
v 46.8352 2.0 201.0
v 32.8695 -2.0 201.0
v 46.8352 -2.0 201.0
v 46.8352 -2.0 234.3583
v 32.8695 -2.0 201.0
v 46.8352 -2.0 234.3583
v 32.8695 -2.0 234.3583
v 32.8695 -2.0 234.3583
v 46.8352 -2.0 234.3583
v 46.8352 2.0 234.3583
v 32.8695 -2.0 234.3583
v 46.8352 2.0 234.3583
v 32.8695 2.0 234.3583
v 32.8695 -2.0 201.0
v 32.8695 2.0 201.0
v 46.8352 2.0 201.0
v 32.8695 -2.0 201.0
v 46.8352 2.0 201.0
v 46.8352 -2.0 201.0
v 42.0869 -2.5 208.0
v 42.0869 2.5 208.0
v 42.0869 2.5 231.3583
v 42.0869 -2.5 208.0
v 42.0869 2.5 231.3583
v 42.0869 -2.5 231.3583
v 37.6178 -2.5 208.0
v 37.6178 -2.5 231.3583
v 37.6178 2.5 231.3583
v 37.6178 -2.5 208.0
v 37.6178 2.5 231.3583
v 37.6178 2.5 208.0
v 37.6178 2.5 208.0
v 37.6178 2.5 231.3583
v 42.0869 2.5 231.3583
v 37.6178 2.5 208.0
v 42.0869 2.5 231.3583
v 42.0869 2.5 208.0
v 37.6178 -2.5 208.0
v 42.0869 -2.5 208.0
v 42.0869 -2.5 231.3583
v 37.6178 -2.5 208.0
v 42.0869 -2.5 231.3583
v 37.6178 -2.5 231.3583
v 37.6178 -2.5 231.3583
v 42.0869 -2.5 231.3583
v 42.0869 2.5 231.3583
v 37.6178 -2.5 231.3583
v 42.0869 2.5 231.3583
v 37.6178 2.5 231.3583
v 37.6178 -2.5 208.0
v 37.6178 2.5 208.0
v 42.0869 2.5 208.0
v 37.6178 -2.5 208.0
v 42.0869 2.5 208.0
v 42.0869 -2.5 208.0
v 52.0 -22.8849 131.6283
v 58.4364 -26.1666 133.6417
v 64.4364 -40.1666 91.6417
v 52.0 -22.8849 131.6283
v 64.4364 -40.1666 91.6417
v 58.0 -36.8849 89.6283
v 58.4364 -26.1666 133.6417
v 58.4364 -33.2817 136.0134
v 64.4364 -47.2817 94.0134
v 58.4364 -26.1666 133.6417
v 64.4364 -47.2817 94.0134
v 64.4364 -40.1666 91.6417
v 58.4364 -33.2817 136.0134
v 52.0 -37.1151 136.3717
v 58.0 -51.1151 94.3717
v 58.4364 -33.2817 136.0134
v 58.0 -51.1151 94.3717
v 64.4364 -47.2817 94.0134
v 52.0 -37.1151 136.3717
v 45.5636 -33.8334 134.3583
v 51.5636 -47.8334 92.3583
v 52.0 -37.1151 136.3717
v 51.5636 -47.8334 92.3583
v 58.0 -51.1151 94.3717
v 45.5636 -33.8334 134.3583
v 45.5636 -26.7183 131.9866
v 51.5636 -40.7183 89.9866
v 45.5636 -33.8334 134.3583
v 51.5636 -40.7183 89.9866
v 51.5636 -47.8334 92.3583
v 45.5636 -26.7183 131.9866
v 52.0 -22.8849 131.6283
v 58.0 -36.8849 89.6283
v 45.5636 -26.7183 131.9866
v 58.0 -36.8849 89.6283
v 51.5636 -40.7183 89.9866
v 45.5636 -26.7183 131.9866
v 45.5636 -33.8334 134.3583
v 52.0 -37.1151 136.3717
v 45.5636 -26.7183 131.9866
v 52.0 -37.1151 136.3717
v 58.4364 -33.2817 136.0134
v 45.5636 -26.7183 131.9866
v 58.4364 -33.2817 136.0134
v 58.4364 -26.1666 133.6417
v 45.5636 -26.7183 131.9866
v 58.4364 -26.1666 133.6417
v 52.0 -22.8849 131.6283
v 58.0 -36.8849 89.6283
v 64.4364 -40.1666 91.6417
v 64.4364 -47.2817 94.0134
v 58.0 -36.8849 89.6283
v 64.4364 -47.2817 94.0134
v 58.0 -51.1151 94.3717
v 58.0 -36.8849 89.6283
v 58.0 -51.1151 94.3717
v 51.5636 -47.8334 92.3583
v 58.0 -36.8849 89.6283
v 51.5636 -47.8334 92.3583
v 51.5636 -40.7183 89.9866
v 58.0 -37.642 90.9145
v 63.5714 -40.7534 91.8534
v 69.5714 -54.7534 9.8534
v 58.0 -37.642 90.9145
v 69.5714 -54.7534 9.8534
v 64.0 -51.642 8.9145
v 63.5714 -40.7534 91.8534
v 63.5714 -47.1114 92.9389
v 69.5714 -61.1114 10.9389
v 63.5714 -40.7534 91.8534
v 69.5714 -61.1114 10.9389
v 69.5714 -54.7534 9.8534
v 63.5714 -47.1114 92.9389
v 58.0 -50.358 93.0855
v 64.0 -64.358 11.0855
v 63.5714 -47.1114 92.9389
v 64.0 -64.358 11.0855
v 69.5714 -61.1114 10.9389
v 58.0 -50.358 93.0855
v 52.4286 -47.2466 92.1466
v 58.4286 -61.2466 10.1466
v 58.0 -50.358 93.0855
v 58.4286 -61.2466 10.1466
v 64.0 -64.358 11.0855
v 52.4286 -47.2466 92.1466
v 52.4286 -40.8886 91.0611
v 58.4286 -54.8886 9.0611
v 52.4286 -47.2466 92.1466
v 58.4286 -54.8886 9.0611
v 58.4286 -61.2466 10.1466
v 52.4286 -40.8886 91.0611
v 58.0 -37.642 90.9145
v 64.0 -51.642 8.9145
v 52.4286 -40.8886 91.0611
v 64.0 -51.642 8.9145
v 58.4286 -54.8886 9.0611
v 52.4286 -40.8886 91.0611
v 52.4286 -47.2466 92.1466
v 58.0 -50.358 93.0855
v 52.4286 -40.8886 91.0611
v 58.0 -50.358 93.0855
v 63.5714 -47.1114 92.9389
v 52.4286 -40.8886 91.0611
v 63.5714 -47.1114 92.9389
v 63.5714 -40.7534 91.8534
v 52.4286 -40.8886 91.0611
v 63.5714 -40.7534 91.8534
v 58.0 -37.642 90.9145
v 64.0 -51.642 8.9145
v 69.5714 -54.7534 9.8534
v 69.5714 -61.1114 10.9389
v 64.0 -51.642 8.9145
v 69.5714 -61.1114 10.9389
v 64.0 -64.358 11.0855
v 64.0 -51.642 8.9145
v 64.0 -64.358 11.0855
v 58.4286 -61.2466 10.1466
v 64.0 -51.642 8.9145
v 58.4286 -61.2466 10.1466
v 58.4286 -54.8886 9.0611
v 83.0 -67.0 0.0
v 83.0 -49.0 0.0
v 83.0 -49.0 10.0
v 83.0 -67.0 0.0
v 83.0 -49.0 10.0
v 83.0 -67.0 10.0
v 53.0 -67.0 0.0
v 53.0 -67.0 10.0
v 53.0 -49.0 10.0
v 53.0 -67.0 0.0
v 53.0 -49.0 10.0
v 53.0 -49.0 0.0
v 53.0 -49.0 0.0
v 53.0 -49.0 10.0
v 83.0 -49.0 10.0
v 53.0 -49.0 0.0
v 83.0 -49.0 10.0
v 83.0 -49.0 0.0
v 53.0 -67.0 0.0
v 83.0 -67.0 0.0
v 83.0 -67.0 10.0
v 53.0 -67.0 0.0
v 83.0 -67.0 10.0
v 53.0 -67.0 10.0
v 53.0 -67.0 10.0
v 83.0 -67.0 10.0
v 83.0 -49.0 10.0
v 53.0 -67.0 10.0
v 83.0 -49.0 10.0
v 53.0 -49.0 10.0
v 53.0 -67.0 0.0
v 53.0 -49.0 0.0
v 83.0 -49.0 0.0
v 53.0 -67.0 0.0
v 83.0 -49.0 0.0
v 83.0 -67.0 0.0
v 52.0 37.1151 136.3717
v 58.4364 33.2817 136.0134
v 64.4364 47.2817 94.0134
v 52.0 37.1151 136.3717
v 64.4364 47.2817 94.0134
v 58.0 51.1151 94.3717
v 58.4364 33.2817 136.0134
v 58.4364 26.1666 133.6417
v 64.4364 40.1666 91.6417
v 58.4364 33.2817 136.0134
v 64.4364 40.1666 91.6417
v 64.4364 47.2817 94.0134
v 58.4364 26.1666 133.6417
v 52.0 22.8849 131.6283
v 58.0 36.8849 89.6283
v 58.4364 26.1666 133.6417
v 58.0 36.8849 89.6283
v 64.4364 40.1666 91.6417
v 52.0 22.8849 131.6283
v 45.5636 26.7183 131.9866
v 51.5636 40.7183 89.9866
v 52.0 22.8849 131.6283
v 51.5636 40.7183 89.9866
v 58.0 36.8849 89.6283
v 45.5636 26.7183 131.9866
v 45.5636 33.8334 134.3583
v 51.5636 47.8334 92.3583
v 45.5636 26.7183 131.9866
v 51.5636 47.8334 92.3583
v 51.5636 40.7183 89.9866
v 45.5636 33.8334 134.3583
v 52.0 37.1151 136.3717
v 58.0 51.1151 94.3717
v 45.5636 33.8334 134.3583
v 58.0 51.1151 94.3717
v 51.5636 47.8334 92.3583
v 45.5636 33.8334 134.3583
v 45.5636 26.7183 131.9866
v 52.0 22.8849 131.6283
v 45.5636 33.8334 134.3583
v 52.0 22.8849 131.6283
v 58.4364 26.1666 133.6417
v 45.5636 33.8334 134.3583
v 58.4364 26.1666 133.6417
v 58.4364 33.2817 136.0134
v 45.5636 33.8334 134.3583
v 58.4364 33.2817 136.0134
v 52.0 37.1151 136.3717
v 58.0 51.1151 94.3717
v 64.4364 47.2817 94.0134
v 64.4364 40.1666 91.6417
v 58.0 51.1151 94.3717
v 64.4364 40.1666 91.6417
v 58.0 36.8849 89.6283
v 58.0 51.1151 94.3717
v 58.0 36.8849 89.6283
v 51.5636 40.7183 89.9866
v 58.0 51.1151 94.3717
v 51.5636 40.7183 89.9866
v 51.5636 47.8334 92.3583
v 58.0 50.358 93.0855
v 63.5714 47.1114 92.9389
v 69.5714 61.1114 10.9389
v 58.0 50.358 93.0855
v 69.5714 61.1114 10.9389
v 64.0 64.358 11.0855
v 63.5714 47.1114 92.9389
v 63.5714 40.7534 91.8534
v 69.5714 54.7534 9.8534
v 63.5714 47.1114 92.9389
v 69.5714 54.7534 9.8534
v 69.5714 61.1114 10.9389
v 63.5714 40.7534 91.8534
v 58.0 37.642 90.9145
v 64.0 51.642 8.9145
v 63.5714 40.7534 91.8534
v 64.0 51.642 8.9145
v 69.5714 54.7534 9.8534
v 58.0 37.642 90.9145
v 52.4286 40.8886 91.0611
v 58.4286 54.8886 9.0611
v 58.0 37.642 90.9145
v 58.4286 54.8886 9.0611
v 64.0 51.642 8.9145
v 52.4286 40.8886 91.0611
v 52.4286 47.2466 92.1466
v 58.4286 61.2466 10.1466
v 52.4286 40.8886 91.0611
v 58.4286 61.2466 10.1466
v 58.4286 54.8886 9.0611
v 52.4286 47.2466 92.1466
v 58.0 50.358 93.0855
v 64.0 64.358 11.0855
v 52.4286 47.2466 92.1466
v 64.0 64.358 11.0855
v 58.4286 61.2466 10.1466
v 52.4286 47.2466 92.1466
v 52.4286 40.8886 91.0611
v 58.0 37.642 90.9145
v 52.4286 47.2466 92.1466
v 58.0 37.642 90.9145
v 63.5714 40.7534 91.8534
v 52.4286 47.2466 92.1466
v 63.5714 40.7534 91.8534
v 63.5714 47.1114 92.9389
v 52.4286 47.2466 92.1466
v 63.5714 47.1114 92.9389
v 58.0 50.358 93.0855
v 64.0 64.358 11.0855
v 69.5714 61.1114 10.9389
v 69.5714 54.7534 9.8534
v 64.0 64.358 11.0855
v 69.5714 54.7534 9.8534
v 64.0 51.642 8.9145
v 64.0 64.358 11.0855
v 64.0 51.642 8.9145
v 58.4286 54.8886 9.0611
v 64.0 64.358 11.0855
v 58.4286 54.8886 9.0611
v 58.4286 61.2466 10.1466
v 83.0 49.0 0.0
v 83.0 67.0 0.0
v 83.0 67.0 10.0
v 83.0 49.0 0.0
v 83.0 67.0 10.0
v 83.0 49.0 10.0
v 53.0 49.0 0.0
v 53.0 49.0 10.0
v 53.0 67.0 10.0
v 53.0 49.0 0.0
v 53.0 67.0 10.0
v 53.0 67.0 0.0
v 53.0 67.0 0.0
v 53.0 67.0 10.0
v 83.0 67.0 10.0
v 53.0 67.0 0.0
v 83.0 67.0 10.0
v 83.0 67.0 0.0
v 53.0 49.0 0.0
v 83.0 49.0 0.0
v 83.0 49.0 10.0
v 53.0 49.0 0.0
v 83.0 49.0 10.0
v 53.0 49.0 10.0
v 53.0 49.0 10.0
v 83.0 49.0 10.0
v 83.0 67.0 10.0
v 53.0 49.0 10.0
v 83.0 67.0 10.0
v 53.0 67.0 10.0
v 53.0 49.0 0.0
v 53.0 67.0 0.0
v 83.0 67.0 0.0
v 53.0 49.0 0.0
v 83.0 67.0 0.0
v 83.0 49.0 0.0
v -52.0 -22.8849 131.6283
v -45.5636 -26.7183 131.9866
v -51.5636 -40.7183 89.9866
v -52.0 -22.8849 131.6283
v -51.5636 -40.7183 89.9866
v -58.0 -36.8849 89.6283
v -45.5636 -26.7183 131.9866
v -45.5636 -33.8334 134.3583
v -51.5636 -47.8334 92.3583
v -45.5636 -26.7183 131.9866
v -51.5636 -47.8334 92.3583
v -51.5636 -40.7183 89.9866
v -45.5636 -33.8334 134.3583
v -52.0 -37.1151 136.3717
v -58.0 -51.1151 94.3717
v -45.5636 -33.8334 134.3583
v -58.0 -51.1151 94.3717
v -51.5636 -47.8334 92.3583
v -52.0 -37.1151 136.3717
v -58.4364 -33.2817 136.0134
v -64.4364 -47.2817 94.0134
v -52.0 -37.1151 136.3717
v -64.4364 -47.2817 94.0134
v -58.0 -51.1151 94.3717
v -58.4364 -33.2817 136.0134
v -58.4364 -26.1666 133.6417
v -64.4364 -40.1666 91.6417
v -58.4364 -33.2817 136.0134
v -64.4364 -40.1666 91.6417
v -64.4364 -47.2817 94.0134
v -58.4364 -26.1666 133.6417
v -52.0 -22.8849 131.6283
v -58.0 -36.8849 89.6283
v -58.4364 -26.1666 133.6417
v -58.0 -36.8849 89.6283
v -64.4364 -40.1666 91.6417
v -58.4364 -26.1666 133.6417
v -58.4364 -33.2817 136.0134
v -52.0 -37.1151 136.3717
v -58.4364 -26.1666 133.6417
v -52.0 -37.1151 136.3717
v -45.5636 -33.8334 134.3583
v -58.4364 -26.1666 133.6417
v -45.5636 -33.8334 134.3583
v -45.5636 -26.7183 131.9866
v -58.4364 -26.1666 133.6417
v -45.5636 -26.7183 131.9866
v -52.0 -22.8849 131.6283
v -58.0 -36.8849 89.6283
v -51.5636 -40.7183 89.9866
v -51.5636 -47.8334 92.3583
v -58.0 -36.8849 89.6283
v -51.5636 -47.8334 92.3583
v -58.0 -51.1151 94.3717
v -58.0 -36.8849 89.6283
v -58.0 -51.1151 94.3717
v -64.4364 -47.2817 94.0134
v -58.0 -36.8849 89.6283
v -64.4364 -47.2817 94.0134
v -64.4364 -40.1666 91.6417
v -58.0 -37.642 90.9145
v -52.4286 -40.8886 91.0611
v -58.4286 -54.8886 9.0611
v -58.0 -37.642 90.9145
v -58.4286 -54.8886 9.0611
v -64.0 -51.642 8.9145
v -52.4286 -40.8886 91.0611
v -52.4286 -47.2466 92.1466
v -58.4286 -61.2466 10.1466
v -52.4286 -40.8886 91.0611
v -58.4286 -61.2466 10.1466
v -58.4286 -54.8886 9.0611
v -52.4286 -47.2466 92.1466
v -58.0 -50.358 93.0855
v -64.0 -64.358 11.0855
v -52.4286 -47.2466 92.1466
v -64.0 -64.358 11.0855
v -58.4286 -61.2466 10.1466
v -58.0 -50.358 93.0855
v -63.5714 -47.1114 92.9389
v -69.5714 -61.1114 10.9389
v -58.0 -50.358 93.0855
v -69.5714 -61.1114 10.9389
v -64.0 -64.358 11.0855
v -63.5714 -47.1114 92.9389
v -63.5714 -40.7534 91.8534
v -69.5714 -54.7534 9.8534
v -63.5714 -47.1114 92.9389
v -69.5714 -54.7534 9.8534
v -69.5714 -61.1114 10.9389
v -63.5714 -40.7534 91.8534
v -58.0 -37.642 90.9145
v -64.0 -51.642 8.9145
v -63.5714 -40.7534 91.8534
v -64.0 -51.642 8.9145
v -69.5714 -54.7534 9.8534
v -63.5714 -40.7534 91.8534
v -63.5714 -47.1114 92.9389
v -58.0 -50.358 93.0855
v -63.5714 -40.7534 91.8534
v -58.0 -50.358 93.0855
v -52.4286 -47.2466 92.1466
v -63.5714 -40.7534 91.8534
v -52.4286 -47.2466 92.1466
v -52.4286 -40.8886 91.0611
v -63.5714 -40.7534 91.8534
v -52.4286 -40.8886 91.0611
v -58.0 -37.642 90.9145
v -64.0 -51.642 8.9145
v -58.4286 -54.8886 9.0611
v -58.4286 -61.2466 10.1466
v -64.0 -51.642 8.9145
v -58.4286 -61.2466 10.1466
v -64.0 -64.358 11.0855
v -64.0 -51.642 8.9145
v -64.0 -64.358 11.0855
v -69.5714 -61.1114 10.9389
v -64.0 -51.642 8.9145
v -69.5714 -61.1114 10.9389
v -69.5714 -54.7534 9.8534
v -45.0 -67.0 0.0
v -45.0 -49.0 0.0
v -45.0 -49.0 10.0
v -45.0 -67.0 0.0
v -45.0 -49.0 10.0
v -45.0 -67.0 10.0
v -75.0 -67.0 0.0
v -75.0 -67.0 10.0
v -75.0 -49.0 10.0
v -75.0 -67.0 0.0
v -75.0 -49.0 10.0
v -75.0 -49.0 0.0
v -75.0 -49.0 0.0
v -75.0 -49.0 10.0
v -45.0 -49.0 10.0
v -75.0 -49.0 0.0
v -45.0 -49.0 10.0
v -45.0 -49.0 0.0
v -75.0 -67.0 0.0
v -45.0 -67.0 0.0
v -45.0 -67.0 10.0
v -75.0 -67.0 0.0
v -45.0 -67.0 10.0
v -75.0 -67.0 10.0
v -75.0 -67.0 10.0
v -45.0 -67.0 10.0
v -45.0 -49.0 10.0
v -75.0 -67.0 10.0
v -45.0 -49.0 10.0
v -75.0 -49.0 10.0
v -75.0 -67.0 0.0
v -75.0 -49.0 0.0
v -45.0 -49.0 0.0
v -75.0 -67.0 0.0
v -45.0 -49.0 0.0
v -45.0 -67.0 0.0
v -52.0 37.1151 136.3717
v -45.5636 33.8334 134.3583
v -51.5636 47.8334 92.3583
v -52.0 37.1151 136.3717
v -51.5636 47.8334 92.3583
v -58.0 51.1151 94.3717
v -45.5636 33.8334 134.3583
v -45.5636 26.7183 131.9866
v -51.5636 40.7183 89.9866
v -45.5636 33.8334 134.3583
v -51.5636 40.7183 89.9866
v -51.5636 47.8334 92.3583
v -45.5636 26.7183 131.9866
v -52.0 22.8849 131.6283
v -58.0 36.8849 89.6283
v -45.5636 26.7183 131.9866
v -58.0 36.8849 89.6283
v -51.5636 40.7183 89.9866
v -52.0 22.8849 131.6283
v -58.4364 26.1666 133.6417
v -64.4364 40.1666 91.6417
v -52.0 22.8849 131.6283
v -64.4364 40.1666 91.6417
v -58.0 36.8849 89.6283
v -58.4364 26.1666 133.6417
v -58.4364 33.2817 136.0134
v -64.4364 47.2817 94.0134
v -58.4364 26.1666 133.6417
v -64.4364 47.2817 94.0134
v -64.4364 40.1666 91.6417
v -58.4364 33.2817 136.0134
v -52.0 37.1151 136.3717
v -58.0 51.1151 94.3717
v -58.4364 33.2817 136.0134
v -58.0 51.1151 94.3717
v -64.4364 47.2817 94.0134
v -58.4364 33.2817 136.0134
v -58.4364 26.1666 133.6417
v -52.0 22.8849 131.6283
v -58.4364 33.2817 136.0134
v -52.0 22.8849 131.6283
v -45.5636 26.7183 131.9866
v -58.4364 33.2817 136.0134
v -45.5636 26.7183 131.9866
v -45.5636 33.8334 134.3583
v -58.4364 33.2817 136.0134
v -45.5636 33.8334 134.3583
v -52.0 37.1151 136.3717
v -58.0 51.1151 94.3717
v -51.5636 47.8334 92.3583
v -51.5636 40.7183 89.9866
v -58.0 51.1151 94.3717
v -51.5636 40.7183 89.9866
v -58.0 36.8849 89.6283
v -58.0 51.1151 94.3717
v -58.0 36.8849 89.6283
v -64.4364 40.1666 91.6417
v -58.0 51.1151 94.3717
v -64.4364 40.1666 91.6417
v -64.4364 47.2817 94.0134
v -58.0 50.358 93.0855
v -52.4286 47.2466 92.1466
v -58.4286 61.2466 10.1466
v -58.0 50.358 93.0855
v -58.4286 61.2466 10.1466
v -64.0 64.358 11.0855
v -52.4286 47.2466 92.1466
v -52.4286 40.8886 91.0611
v -58.4286 54.8886 9.0611
v -52.4286 47.2466 92.1466
v -58.4286 54.8886 9.0611
v -58.4286 61.2466 10.1466
v -52.4286 40.8886 91.0611
v -58.0 37.642 90.9145
v -64.0 51.642 8.9145
v -52.4286 40.8886 91.0611
v -64.0 51.642 8.9145
v -58.4286 54.8886 9.0611
v -58.0 37.642 90.9145
v -63.5714 40.7534 91.8534
v -69.5714 54.7534 9.8534
v -58.0 37.642 90.9145
v -69.5714 54.7534 9.8534
v -64.0 51.642 8.9145
v -63.5714 40.7534 91.8534
v -63.5714 47.1114 92.9389
v -69.5714 61.1114 10.9389
v -63.5714 40.7534 91.8534
v -69.5714 61.1114 10.9389
v -69.5714 54.7534 9.8534
v -63.5714 47.1114 92.9389
v -58.0 50.358 93.0855
v -64.0 64.358 11.0855
v -63.5714 47.1114 92.9389
v -64.0 64.358 11.0855
v -69.5714 61.1114 10.9389
v -63.5714 47.1114 92.9389
v -63.5714 40.7534 91.8534
v -58.0 37.642 90.9145
v -63.5714 47.1114 92.9389
v -58.0 37.642 90.9145
v -52.4286 40.8886 91.0611
v -63.5714 47.1114 92.9389
v -52.4286 40.8886 91.0611
v -52.4286 47.2466 92.1466
v -63.5714 47.1114 92.9389
v -52.4286 47.2466 92.1466
v -58.0 50.358 93.0855
v -64.0 64.358 11.0855
v -58.4286 61.2466 10.1466
v -58.4286 54.8886 9.0611
v -64.0 64.358 11.0855
v -58.4286 54.8886 9.0611
v -64.0 51.642 8.9145
v -64.0 64.358 11.0855
v -64.0 51.642 8.9145
v -69.5714 54.7534 9.8534
v -64.0 64.358 11.0855
v -69.5714 54.7534 9.8534
v -69.5714 61.1114 10.9389
v -45.0 49.0 0.0
v -45.0 67.0 0.0
v -45.0 67.0 10.0
v -45.0 49.0 0.0
v -45.0 67.0 10.0
v -45.0 49.0 10.0
v -75.0 49.0 0.0
v -75.0 49.0 10.0
v -75.0 67.0 10.0
v -75.0 49.0 0.0
v -75.0 67.0 10.0
v -75.0 67.0 0.0
v -75.0 67.0 0.0
v -75.0 67.0 10.0
v -45.0 67.0 10.0
v -75.0 67.0 0.0
v -45.0 67.0 10.0
v -45.0 67.0 0.0
v -75.0 49.0 0.0
v -45.0 49.0 0.0
v -45.0 49.0 10.0
v -75.0 49.0 0.0
v -45.0 49.0 10.0
v -75.0 49.0 10.0
v -75.0 49.0 10.0
v -45.0 49.0 10.0
v -45.0 67.0 10.0
v -75.0 49.0 10.0
v -45.0 67.0 10.0
v -75.0 67.0 10.0
v -75.0 49.0 0.0
v -75.0 67.0 0.0
v -45.0 67.0 0.0
v -75.0 49.0 0.0
v -45.0 67.0 0.0
v -45.0 49.0 0.0
vt -0.1016 1.4922
vt 0.1016 1.4922
vt 0.1016 1.6484
vt -0.1016 1.4922
vt 0.1016 1.6484
vt -0.1016 1.6484
vt -0.1016 1.4922
vt -0.1016 1.6484
vt 0.1016 1.6484
vt -0.1016 1.4922
vt 0.1016 1.6484
vt 0.1016 1.4922
vt -0.1856 1.4922
vt -0.1856 1.6484
vt 0.1856 1.6484
vt -0.1856 1.4922
vt 0.1856 1.6484
vt 0.1856 1.4922
vt -0.1856 1.4922
vt 0.1856 1.4922
vt 0.1856 1.6484
vt -0.1856 1.4922
vt 0.1856 1.6484
vt -0.1856 1.6484
vt -0.1856 1.1016
vt 0.1856 1.1016
vt 0.1856 0.8984
vt -0.1856 1.1016
vt 0.1856 0.8984
vt -0.1856 0.8984
vt -0.1856 1.1016
vt -0.1856 0.8984
vt 0.1856 0.8984
vt -0.1856 1.1016
vt 0.1856 0.8984
vt 0.1856 1.1016
vt -0.2166 1.5859
vt -0.2245 1.6223
vt -0.1755 1.6329
vt -0.2166 1.5859
vt -0.1755 1.6329
vt -0.1676 1.5966
vt -0.2245 0.9785
vt -0.2245 1.0215
vt -0.1755 1.0215
vt -0.2245 0.9785
vt -0.1755 1.0215
vt -0.1755 0.9785
vt -0.2245 1.6223
vt -0.2166 1.5859
vt -0.1676 1.5966
vt -0.2245 1.6223
vt -0.1676 1.5966
vt -0.1755 1.6329
vt -0.2166 1.5859
vt -0.2087 1.5496
vt -0.1597 1.5602
vt -0.2166 1.5859
vt -0.1597 1.5602
vt -0.1676 1.5966
vt -0.2087 1.0215
vt -0.2087 0.9785
vt -0.1597 0.9785
vt -0.2087 1.0215
vt -0.1597 0.9785
vt -0.1597 1.0215
vt -0.2087 1.5496
vt -0.2166 1.5859
vt -0.1676 1.5966
vt -0.2087 1.5496
vt -0.1676 1.5966
vt -0.1597 1.5602
vt 0.0215 1.5496
vt -0.0215 1.5496
vt -0.043 1.5859
vt 0.0215 1.5496
vt -0.043 1.5859
vt -0.0215 1.6223
vt 0.0215 1.5496
vt -0.0215 1.6223
vt 0.0215 1.6223
vt 0.0215 1.5496
vt 0.0215 1.6223
vt 0.043 1.5859
vt 0.043 1.5966
vt 0.0215 1.6329
vt -0.0215 1.6329
vt 0.043 1.5966
vt -0.0215 1.6329
vt -0.043 1.5966
vt 0.043 1.5966
vt -0.043 1.5966
vt -0.0215 1.5602
vt 0.043 1.5966
vt -0.0215 1.5602
vt 0.0215 1.5602
vt -0.1676 1.5966
vt -0.1798 1.6308
vt -0.1308 1.6482
vt -0.1676 1.5966
vt -0.1308 1.6482
vt -0.1186 1.614
vt -0.1798 0.979
vt -0.1798 1.021
vt -0.1308 1.021
vt -0.1798 0.979
vt -0.1308 1.021
vt -0.1308 0.979
vt -0.1798 1.6308
vt -0.1676 1.5966
vt -0.1186 1.614
vt -0.1798 1.6308
vt -0.1186 1.614
vt -0.1308 1.6482
vt -0.1676 1.5966
vt -0.1554 1.5623
vt -0.1064 1.5797
vt -0.1676 1.5966
vt -0.1064 1.5797
vt -0.1186 1.614
vt -0.1554 1.021
vt -0.1554 0.979
vt -0.1064 0.979
vt -0.1554 1.021
vt -0.1064 0.979
vt -0.1064 1.021
vt -0.1554 1.5623
vt -0.1676 1.5966
vt -0.1186 1.614
vt -0.1554 1.5623
vt -0.1186 1.614
vt -0.1064 1.5797
vt 0.021 1.5623
vt -0.021 1.5623
vt -0.042 1.5966
vt 0.021 1.5623
vt -0.042 1.5966
vt -0.021 1.6308
vt 0.021 1.5623
vt -0.021 1.6308
vt 0.021 1.6308
vt 0.021 1.5623
vt 0.021 1.6308
vt 0.042 1.5966
vt 0.042 1.614
vt 0.021 1.6482
vt -0.021 1.6482
vt 0.042 1.614
vt -0.021 1.6482
vt -0.042 1.614
vt 0.042 1.614
vt -0.042 1.614
vt -0.021 1.5797
vt 0.042 1.614
vt -0.021 1.5797
vt 0.021 1.5797
vt -0.1186 1.614
vt -0.1328 1.6465
vt -0.0838 1.668
vt -0.1186 1.614
vt -0.0838 1.668
vt -0.0696 1.6354
vt -0.1328 0.9795
vt -0.1328 1.0205
vt -0.0838 1.0205
vt -0.1328 0.9795
vt -0.0838 1.0205
vt -0.0838 0.9795
vt -0.1328 1.6465
vt -0.1186 1.614
vt -0.0696 1.6354
vt -0.1328 1.6465
vt -0.0696 1.6354
vt -0.0838 1.668
vt -0.1186 1.614
vt -0.1044 1.5814
vt -0.0554 1.6029
vt -0.1186 1.614
vt -0.0554 1.6029
vt -0.0696 1.6354
vt -0.1044 1.0205
vt -0.1044 0.9795
vt -0.0554 0.9795
vt -0.1044 1.0205
vt -0.0554 0.9795
vt -0.0554 1.0205
vt -0.1044 1.5814
vt -0.1186 1.614
vt -0.0696 1.6354
vt -0.1044 1.5814
vt -0.0696 1.6354
vt -0.0554 1.6029
vt 0.0205 1.5814
vt -0.0205 1.5814
vt -0.041 1.614
vt 0.0205 1.5814
vt -0.041 1.614
vt -0.0205 1.6465
vt 0.0205 1.5814
vt -0.0205 1.6465
vt 0.0205 1.6465
vt 0.0205 1.5814
vt 0.0205 1.6465
vt 0.041 1.614
vt 0.041 1.6354
vt 0.0205 1.668
vt -0.0205 1.668
vt 0.041 1.6354
vt -0.0205 1.668
vt -0.041 1.6354
vt 0.041 1.6354
vt -0.041 1.6354
vt -0.0205 1.6029
vt 0.041 1.6354
vt -0.0205 1.6029
vt 0.0205 1.6029
vt -0.0696 1.6354
vt -0.0851 1.6664
vt -0.0362 1.691
vt -0.0696 1.6354
vt -0.0362 1.691
vt -0.0206 1.6599
vt -0.0851 0.98
vt -0.0851 1.02
vt -0.0362 1.02
vt -0.0851 0.98
vt -0.0362 1.02
vt -0.0362 0.98
vt -0.0851 1.6664
vt -0.0696 1.6354
vt -0.0206 1.6599
vt -0.0851 1.6664
vt -0.0206 1.6599
vt -0.0362 1.691
vt -0.0696 1.6354
vt -0.0541 1.6044
vt -0.0051 1.6289
vt -0.0696 1.6354
vt -0.0051 1.6289
vt -0.0206 1.6599
vt -0.0541 1.02
vt -0.0541 0.98
vt -0.0051 0.98
vt -0.0541 1.02
vt -0.0051 0.98
vt -0.0051 1.02
vt -0.0541 1.6044
vt -0.0696 1.6354
vt -0.0206 1.6599
vt -0.0541 1.6044
vt -0.0206 1.6599
vt -0.0051 1.6289
vt 0.02 1.6044
vt -0.02 1.6044
vt -0.04 1.6354
vt 0.02 1.6044
vt -0.04 1.6354
vt -0.02 1.6664
vt 0.02 1.6044
vt -0.02 1.6664
vt 0.02 1.6664
vt 0.02 1.6044
vt 0.02 1.6664
vt 0.04 1.6354
vt 0.04 1.6599
vt 0.02 1.691
vt -0.02 1.691
vt 0.04 1.6599
vt -0.02 1.691
vt -0.04 1.6599
vt 0.04 1.6599
vt -0.04 1.6599
vt -0.02 1.6289
vt 0.04 1.6599
vt -0.02 1.6289
vt 0.02 1.6289
vt -0.0206 1.6599
vt -0.037 1.6895
vt 0.012 1.7167
vt -0.0206 1.6599
vt 0.012 1.7167
vt 0.0284 1.6871
vt -0.037 0.9805
vt -0.037 1.0195
vt 0.012 1.0195
vt -0.037 0.9805
vt 0.012 1.0195
vt 0.012 0.9805
vt -0.037 1.6895
vt -0.0206 1.6599
vt 0.0284 1.6871
vt -0.037 1.6895
vt 0.0284 1.6871
vt 0.012 1.7167
vt -0.0206 1.6599
vt -0.0042 1.6304
vt 0.0448 1.6575
vt -0.0206 1.6599
vt 0.0448 1.6575
vt 0.0284 1.6871
vt -0.0042 1.0195
vt -0.0042 0.9805
vt 0.0448 0.9805
vt -0.0042 1.0195
vt 0.0448 0.9805
vt 0.0448 1.0195
vt -0.0042 1.6304
vt -0.0206 1.6599
vt 0.0284 1.6871
vt -0.0042 1.6304
vt 0.0284 1.6871
vt 0.0448 1.6575
vt 0.0195 1.6304
vt -0.0195 1.6304
vt -0.0391 1.6599
vt 0.0195 1.6304
vt -0.0391 1.6599
vt -0.0195 1.6895
vt 0.0195 1.6304
vt -0.0195 1.6895
vt 0.0195 1.6895
vt 0.0195 1.6304
vt 0.0195 1.6895
vt 0.0391 1.6599
vt 0.0391 1.6871
vt 0.0195 1.7167
vt -0.0195 1.7167
vt 0.0391 1.6871
vt -0.0195 1.7167
vt -0.0391 1.6871
vt 0.0391 1.6871
vt -0.0391 1.6871
vt -0.0195 1.6575
vt 0.0391 1.6871
vt -0.0195 1.6575
vt 0.0195 1.6575
vt 0.0284 1.6871
vt 0.0114 1.7154
vt 0.0604 1.7448
vt 0.0284 1.6871
vt 0.0604 1.7448
vt 0.0773 1.7165
vt 0.0114 0.981
vt 0.0114 1.019
vt 0.0604 1.019
vt 0.0114 0.981
vt 0.0604 1.019
vt 0.0604 0.981
vt 0.0114 1.7154
vt 0.0284 1.6871
vt 0.0773 1.7165
vt 0.0114 1.7154
vt 0.0773 1.7165
vt 0.0604 1.7448
vt 0.0284 1.6871
vt 0.0453 1.6588
vt 0.0943 1.6882
vt 0.0284 1.6871
vt 0.0943 1.6882
vt 0.0773 1.7165
vt 0.0453 1.019
vt 0.0453 0.981
vt 0.0943 0.981
vt 0.0453 1.019
vt 0.0943 0.981
vt 0.0943 1.019
vt 0.0453 1.6588
vt 0.0284 1.6871
vt 0.0773 1.7165
vt 0.0453 1.6588
vt 0.0773 1.7165
vt 0.0943 1.6882
vt 0.019 1.6588
vt -0.019 1.6588
vt -0.0381 1.6871
vt 0.019 1.6588
vt -0.0381 1.6871
vt -0.019 1.7154
vt 0.019 1.6588
vt -0.019 1.7154
vt 0.019 1.7154
vt 0.019 1.6588
vt 0.019 1.7154
vt 0.0381 1.6871
vt 0.0381 1.7165
vt 0.019 1.7448
vt -0.019 1.7448
vt 0.0381 1.7165
vt -0.019 1.7448
vt -0.0381 1.7165
vt 0.0381 1.7165
vt -0.0381 1.7165
vt -0.019 1.6882
vt 0.0381 1.7165
vt -0.019 1.6882
vt 0.019 1.6882
vt 0.0773 1.7165
vt 0.06 1.7435
vt 0.109 1.775
vt 0.0773 1.7165
vt 0.109 1.775
vt 0.1263 1.7479
vt 0.06 0.9814
vt 0.06 1.0186
vt 0.109 1.0186
vt 0.06 0.9814
vt 0.109 1.0186
vt 0.109 0.9814
vt 0.06 1.7435
vt 0.0773 1.7165
vt 0.1263 1.7479
vt 0.06 1.7435
vt 0.1263 1.7479
vt 0.109 1.775
vt 0.0773 1.7165
vt 0.0947 1.6895
vt 0.1437 1.7209
vt 0.0773 1.7165
vt 0.1437 1.7209
vt 0.1263 1.7479
vt 0.0947 1.0186
vt 0.0947 0.9814
vt 0.1437 0.9814
vt 0.0947 1.0186
vt 0.1437 0.9814
vt 0.1437 1.0186
vt 0.0947 1.6895
vt 0.0773 1.7165
vt 0.1263 1.7479
vt 0.0947 1.6895
vt 0.1263 1.7479
vt 0.1437 1.7209
vt 0.0186 1.6895
vt -0.0186 1.6895
vt -0.0371 1.7165
vt 0.0186 1.6895
vt -0.0371 1.7165
vt -0.0186 1.7435
vt 0.0186 1.6895
vt -0.0186 1.7435
vt 0.0186 1.7435
vt 0.0186 1.6895
vt 0.0186 1.7435
vt 0.0371 1.7165
vt 0.0371 1.7479
vt 0.0186 1.775
vt -0.0186 1.775
vt 0.0371 1.7479
vt -0.0186 1.775
vt -0.0371 1.7479
vt 0.0371 1.7479
vt -0.0371 1.7479
vt -0.0186 1.7209
vt 0.0371 1.7479
vt -0.0186 1.7209
vt 0.0186 1.7209
vt 0.1263 1.7479
vt 0.1087 1.7738
vt 0.1577 1.8071
vt 0.1263 1.7479
vt 0.1577 1.8071
vt 0.1753 1.7812
vt 0.1087 0.9819
vt 0.1087 1.0181
vt 0.1577 1.0181
vt 0.1087 0.9819
vt 0.1577 1.0181
vt 0.1577 0.9819
vt 0.1087 1.7738
vt 0.1263 1.7479
vt 0.1753 1.7812
vt 0.1087 1.7738
vt 0.1753 1.7812
vt 0.1577 1.8071
vt 0.1263 1.7479
vt 0.1439 1.7221
vt 0.1929 1.7554
vt 0.1263 1.7479
vt 0.1929 1.7554
vt 0.1753 1.7812
vt 0.1439 1.0181
vt 0.1439 0.9819
vt 0.1929 0.9819
vt 0.1439 1.0181
vt 0.1929 0.9819
vt 0.1929 1.0181
vt 0.1439 1.7221
vt 0.1263 1.7479
vt 0.1753 1.7812
vt 0.1439 1.7221
vt 0.1753 1.7812
vt 0.1929 1.7554
vt 0.0181 1.7221
vt -0.0181 1.7221
vt -0.0361 1.7479
vt 0.0181 1.7221
vt -0.0361 1.7479
vt -0.0181 1.7738
vt 0.0181 1.7221
vt -0.0181 1.7738
vt 0.0181 1.7738
vt 0.0181 1.7221
vt 0.0181 1.7738
vt 0.0361 1.7479
vt 0.0361 1.7812
vt 0.0181 1.8071
vt -0.0181 1.8071
vt 0.0361 1.7812
vt -0.0181 1.8071
vt -0.0361 1.7812
vt 0.0361 1.7812
vt -0.0361 1.7812
vt -0.0181 1.7554
vt 0.0361 1.7812
vt -0.0181 1.7554
vt 0.0181 1.7554
vt 0.1753 1.7812
vt 0.1517 1.7945
vt 0.2239 1.9234
vt 0.1753 1.7812
vt 0.2239 1.9234
vt 0.2475 1.9102
vt 0.0156 1.7945
vt -0.0156 1.7945
vt -0.0156 1.9234
vt 0.0156 1.7945
vt -0.0156 1.9234
vt 0.0156 1.9234
vt 0.1517 1.7945
vt 0.1753 1.7812
vt 0.2475 1.9102
vt 0.1517 1.7945
vt 0.2475 1.9102
vt 0.2239 1.9234
vt 0.1753 1.7812
vt 0.1989 1.768
vt 0.2711 1.8969
vt 0.1753 1.7812
vt 0.2711 1.8969
vt 0.2475 1.9102
vt -0.0156 1.768
vt 0.0156 1.768
vt 0.0156 1.8969
vt -0.0156 1.768
vt 0.0156 1.8969
vt -0.0156 1.8969
vt 0.1989 1.768
vt 0.1753 1.7812
vt 0.2475 1.9102
vt 0.1989 1.768
vt 0.2475 1.9102
vt 0.2711 1.8969
vt 0.1989 0.9844
vt 0.1989 1.0156
vt 0.1753 1.0312
vt 0.1989 0.9844
vt 0.1753 1.0312
vt 0.1517 1.0156
vt 0.1989 0.9844
vt 0.1517 1.0156
vt 0.1517 0.9844
vt 0.1989 0.9844
vt 0.1517 0.9844
vt 0.1753 0.9688
vt 0.2475 0.9688
vt 0.2239 0.9844
vt 0.2239 1.0156
vt 0.2475 0.9688
vt 0.2239 1.0156
vt 0.2475 1.0312
vt 0.2475 0.9688
vt 0.2475 1.0312
vt 0.2711 1.0156
vt 0.2475 0.9688
vt 0.2711 1.0156
vt 0.2711 0.9844
vt -0.0508 1.9023
vt 0.0508 1.9023
vt 0.0508 1.9961
vt -0.0508 1.9023
vt 0.0508 1.9961
vt -0.0508 1.9961
vt -0.0508 1.9023
vt -0.0508 1.9961
vt 0.0508 1.9961
vt -0.0508 1.9023
vt 0.0508 1.9961
vt 0.0508 1.9023
vt 0.1822 1.9023
vt 0.1822 1.9961
vt 0.3541 1.9961
vt 0.1822 1.9023
vt 0.3541 1.9961
vt 0.3541 1.9023
vt 0.1822 1.9023
vt 0.3541 1.9023
vt 0.3541 1.9961
vt 0.1822 1.9023
vt 0.3541 1.9961
vt 0.1822 1.9961
vt 0.1822 1.0508
vt 0.3541 1.0508
vt 0.3541 0.9492
vt 0.1822 1.0508
vt 0.3541 0.9492
vt 0.1822 0.9492
vt 0.1822 1.0508
vt 0.1822 0.9492
vt 0.3541 0.9492
vt 0.1822 1.0508
vt 0.3541 0.9492
vt 0.3541 1.0508
vt -0.0312 1.9141
vt 0.0312 1.9141
vt 0.0312 1.9609
vt -0.0312 1.9141
vt 0.0312 1.9609
vt -0.0312 1.9609
vt -0.0312 1.9141
vt -0.0312 1.9609
vt 0.0312 1.9609
vt -0.0312 1.9141
vt 0.0312 1.9609
vt 0.0312 1.9141
vt 0.3033 1.9141
vt 0.3033 1.9609
vt 0.358 1.9609
vt 0.3033 1.9141
vt 0.358 1.9609
vt 0.358 1.9141
vt 0.3033 1.9141
vt 0.358 1.9141
vt 0.358 1.9609
vt 0.3033 1.9141
vt 0.358 1.9609
vt 0.3033 1.9609
vt 0.3033 1.0312
vt 0.358 1.0312
vt 0.358 0.9688
vt 0.3033 1.0312
vt 0.358 0.9688
vt 0.3033 0.9688
vt 0.3033 1.0312
vt 0.3033 0.9688
vt 0.358 0.9688
vt 0.3033 1.0312
vt 0.358 0.9688
vt 0.358 1.0312
vt -0.0078 1.5898
vt 0.0078 1.5898
vt 0.0078 1.7201
vt -0.0078 1.5898
vt 0.0078 1.7201
vt -0.0078 1.7201
vt -0.0078 1.5898
vt -0.0078 1.7201
vt 0.0078 1.7201
vt -0.0078 1.5898
vt 0.0078 1.7201
vt 0.0078 1.5898
vt -0.2635 1.5898
vt -0.2635 1.7201
vt -0.2089 1.7201
vt -0.2635 1.5898
vt -0.2089 1.7201
vt -0.2089 1.5898
vt -0.2635 1.5898
vt -0.2089 1.5898
vt -0.2089 1.7201
vt -0.2635 1.5898
vt -0.2089 1.7201
vt -0.2635 1.7201
vt -0.2635 1.0078
vt -0.2089 1.0078
vt -0.2089 0.9922
vt -0.2635 1.0078
vt -0.2089 0.9922
vt -0.2635 0.9922
vt -0.2635 1.0078
vt -0.2635 0.9922
vt -0.2089 0.9922
vt -0.2635 1.0078
vt -0.2089 0.9922
vt -0.2089 1.0078
vt -0.0098 1.6172
vt 0.0098 1.6172
vt 0.0098 1.7084
vt -0.0098 1.6172
vt 0.0098 1.7084
vt -0.0098 1.7084
vt -0.0098 1.6172
vt -0.0098 1.7084
vt 0.0098 1.7084
vt -0.0098 1.6172
vt 0.0098 1.7084
vt 0.0098 1.6172
vt -0.2449 1.6172
vt -0.2449 1.7084
vt -0.2275 1.7084
vt -0.2449 1.6172
vt -0.2275 1.7084
vt -0.2275 1.6172
vt -0.2449 1.6172
vt -0.2275 1.6172
vt -0.2275 1.7084
vt -0.2449 1.6172
vt -0.2275 1.7084
vt -0.2449 1.7084
vt -0.2449 1.0098
vt -0.2275 1.0098
vt -0.2275 0.9902
vt -0.2449 1.0098
vt -0.2275 0.9902
vt -0.2449 0.9902
vt -0.2449 1.0098
vt -0.2449 0.9902
vt -0.2275 0.9902
vt -0.2449 1.0098
vt -0.2275 0.9902
vt -0.2275 1.0098
vt -0.0078 1.5959
vt 0.0078 1.5959
vt 0.0078 1.7314
vt -0.0078 1.5959
vt 0.0078 1.7314
vt -0.0078 1.7314
vt -0.0078 1.5959
vt -0.0078 1.7314
vt 0.0078 1.7314
vt -0.0078 1.5959
vt 0.0078 1.7314
vt 0.0078 1.5959
vt -0.2366 1.5959
vt -0.2366 1.7314
vt -0.1753 1.7314
vt -0.2366 1.5959
vt -0.1753 1.7314
vt -0.1753 1.5959
vt -0.2366 1.5959
vt -0.1753 1.5959
vt -0.1753 1.7314
vt -0.2366 1.5959
vt -0.1753 1.7314
vt -0.2366 1.7314
vt -0.2366 1.0078
vt -0.1753 1.0078
vt -0.1753 0.9922
vt -0.2366 1.0078
vt -0.1753 0.9922
vt -0.2366 0.9922
vt -0.2366 1.0078
vt -0.2366 0.9922
vt -0.1753 0.9922
vt -0.2366 1.0078
vt -0.1753 0.9922
vt -0.1753 1.0078
vt -0.0098 1.6232
vt 0.0098 1.6232
vt 0.0098 1.7197
vt -0.0098 1.6232
vt 0.0098 1.7197
vt -0.0098 1.7197
vt -0.0098 1.6232
vt -0.0098 1.7197
vt 0.0098 1.7197
vt -0.0098 1.6232
vt 0.0098 1.7197
vt 0.0098 1.6232
vt -0.2158 1.6232
vt -0.2158 1.7197
vt -0.1962 1.7197
vt -0.2158 1.6232
vt -0.1962 1.7197
vt -0.1962 1.6232
vt -0.2158 1.6232
vt -0.1962 1.6232
vt -0.1962 1.7197
vt -0.2158 1.6232
vt -0.1962 1.7197
vt -0.2158 1.7197
vt -0.2158 1.0098
vt -0.1962 1.0098
vt -0.1962 0.9902
vt -0.2158 1.0098
vt -0.1962 0.9902
vt -0.2158 0.9902
vt -0.2158 1.0098
vt -0.2158 0.9902
vt -0.1962 0.9902
vt -0.2158 1.0098
vt -0.1962 0.9902
vt -0.1962 1.0098
vt -0.0078 1.6057
vt 0.0078 1.6057
vt 0.0078 1.7457
vt -0.0078 1.6057
vt 0.0078 1.7457
vt -0.0078 1.7457
vt -0.0078 1.6057
vt -0.0078 1.7457
vt 0.0078 1.7457
vt -0.0078 1.6057
vt 0.0078 1.7457
vt 0.0078 1.6057
vt -0.209 1.6057
vt -0.209 1.7457
vt -0.1419 1.7457
vt -0.209 1.6057
vt -0.1419 1.7457
vt -0.1419 1.6057
vt -0.209 1.6057
vt -0.1419 1.6057
vt -0.1419 1.7457
vt -0.209 1.6057
vt -0.1419 1.7457
vt -0.209 1.7457
vt -0.209 1.0078
vt -0.1419 1.0078
vt -0.1419 0.9922
vt -0.209 1.0078
vt -0.1419 0.9922
vt -0.209 0.9922
vt -0.209 1.0078
vt -0.209 0.9922
vt -0.1419 0.9922
vt -0.209 1.0078
vt -0.1419 0.9922
vt -0.1419 1.0078
vt -0.0098 1.6331
vt 0.0098 1.6331
vt 0.0098 1.734
vt -0.0098 1.6331
vt 0.0098 1.734
vt -0.0098 1.734
vt -0.0098 1.6331
vt -0.0098 1.734
vt 0.0098 1.734
vt -0.0098 1.6331
vt 0.0098 1.734
vt 0.0098 1.6331
vt -0.1862 1.6331
vt -0.1862 1.734
vt -0.1647 1.734
vt -0.1862 1.6331
vt -0.1647 1.734
vt -0.1647 1.6331
vt -0.1862 1.6331
vt -0.1647 1.6331
vt -0.1647 1.734
vt -0.1862 1.6331
vt -0.1647 1.734
vt -0.1862 1.734
vt -0.1862 1.0098
vt -0.1647 1.0098
vt -0.1647 0.9902
vt -0.1862 1.0098
vt -0.1647 0.9902
vt -0.1862 0.9902
vt -0.1862 1.0098
vt -0.1862 0.9902
vt -0.1647 0.9902
vt -0.1862 1.0098
vt -0.1647 0.9902
vt -0.1647 1.0098
vt -0.0078 1.6179
vt 0.0078 1.6179
vt 0.0078 1.7615
vt -0.0078 1.6179
vt 0.0078 1.7615
vt -0.0078 1.7615
vt -0.0078 1.6179
vt -0.0078 1.7615
vt 0.0078 1.7615
vt -0.0078 1.6179
vt 0.0078 1.7615
vt 0.0078 1.6179
vt -0.1804 1.6179
vt -0.1804 1.7615
vt -0.1085 1.7615
vt -0.1804 1.6179
vt -0.1085 1.7615
vt -0.1085 1.6179
vt -0.1804 1.6179
vt -0.1085 1.6179
vt -0.1085 1.7615
vt -0.1804 1.6179
vt -0.1085 1.7615
vt -0.1804 1.7615
vt -0.1804 1.0078
vt -0.1085 1.0078
vt -0.1085 0.9922
vt -0.1804 1.0078
vt -0.1085 0.9922
vt -0.1804 0.9922
vt -0.1804 1.0078
vt -0.1804 0.9922
vt -0.1085 0.9922
vt -0.1804 1.0078
vt -0.1085 0.9922
vt -0.1085 1.0078
vt -0.0098 1.6452
vt 0.0098 1.6452
vt 0.0098 1.7498
vt -0.0098 1.6452
vt 0.0098 1.7498
vt -0.0098 1.7498
vt -0.0098 1.6452
vt -0.0098 1.7498
vt 0.0098 1.7498
vt -0.0098 1.6452
vt 0.0098 1.7498
vt 0.0098 1.6452
vt -0.156 1.6452
vt -0.156 1.7498
vt -0.133 1.7498
vt -0.156 1.6452
vt -0.133 1.7498
vt -0.133 1.6452
vt -0.156 1.6452
vt -0.133 1.6452
vt -0.133 1.7498
vt -0.156 1.6452
vt -0.133 1.7498
vt -0.156 1.7498
vt -0.156 1.0098
vt -0.133 1.0098
vt -0.133 0.9902
vt -0.156 1.0098
vt -0.133 0.9902
vt -0.156 0.9902
vt -0.156 1.0098
vt -0.156 0.9902
vt -0.133 0.9902
vt -0.156 1.0098
vt -0.133 0.9902
vt -0.133 1.0098
vt -0.0078 1.6318
vt 0.0078 1.6318
vt 0.0078 1.7781
vt -0.0078 1.6318
vt 0.0078 1.7781
vt -0.0078 1.7781
vt -0.0078 1.6318
vt -0.0078 1.7781
vt 0.0078 1.7781
vt -0.0078 1.6318
vt 0.0078 1.7781
vt 0.0078 1.6318
vt -0.1507 1.6318
vt -0.1507 1.7781
vt -0.0754 1.7781
vt -0.1507 1.6318
vt -0.0754 1.7781
vt -0.0754 1.6318
vt -0.1507 1.6318
vt -0.0754 1.6318
vt -0.0754 1.7781
vt -0.1507 1.6318
vt -0.0754 1.7781
vt -0.1507 1.7781
vt -0.1507 1.0078
vt -0.0754 1.0078
vt -0.0754 0.9922
vt -0.1507 1.0078
vt -0.0754 0.9922
vt -0.1507 0.9922
vt -0.1507 1.0078
vt -0.1507 0.9922
vt -0.0754 0.9922
vt -0.1507 1.0078
vt -0.0754 0.9922
vt -0.0754 1.0078
vt -0.0098 1.6591
vt 0.0098 1.6591
vt 0.0098 1.7663
vt -0.0098 1.6591
vt 0.0098 1.7663
vt -0.0098 1.7663
vt -0.0098 1.6591
vt -0.0098 1.7663
vt 0.0098 1.7663
vt -0.0098 1.6591
vt 0.0098 1.7663
vt 0.0098 1.6591
vt -0.1251 1.6591
vt -0.1251 1.7663
vt -0.101 1.7663
vt -0.1251 1.6591
vt -0.101 1.7663
vt -0.101 1.6591
vt -0.1251 1.6591
vt -0.101 1.6591
vt -0.101 1.7663
vt -0.1251 1.6591
vt -0.101 1.7663
vt -0.1251 1.7663
vt -0.1251 1.0098
vt -0.101 1.0098
vt -0.101 0.9902
vt -0.1251 1.0098
vt -0.101 0.9902
vt -0.1251 0.9902
vt -0.1251 1.0098
vt -0.1251 0.9902
vt -0.101 0.9902
vt -0.1251 1.0098
vt -0.101 0.9902
vt -0.101 1.0098
vt -0.0078 1.6472
vt 0.0078 1.6472
vt 0.0078 1.7951
vt -0.0078 1.6472
vt 0.0078 1.7951
vt -0.0078 1.7951
vt -0.0078 1.6472
vt -0.0078 1.7951
vt 0.0078 1.7951
vt -0.0078 1.6472
vt 0.0078 1.7951
vt 0.0078 1.6472
vt -0.1199 1.6472
vt -0.1199 1.7951
vt -0.0424 1.7951
vt -0.1199 1.6472
vt -0.0424 1.7951
vt -0.0424 1.6472
vt -0.1199 1.6472
vt -0.0424 1.6472
vt -0.0424 1.7951
vt -0.1199 1.6472
vt -0.0424 1.7951
vt -0.1199 1.7951
vt -0.1199 1.0078
vt -0.0424 1.0078
vt -0.0424 0.9922
vt -0.1199 1.0078
vt -0.0424 0.9922
vt -0.1199 0.9922
vt -0.1199 1.0078
vt -0.1199 0.9922
vt -0.0424 0.9922
vt -0.1199 1.0078
vt -0.0424 0.9922
vt -0.0424 1.0078
vt -0.0098 1.6745
vt 0.0098 1.6745
vt 0.0098 1.7834
vt -0.0098 1.6745
vt 0.0098 1.7834
vt -0.0098 1.7834
vt -0.0098 1.6745
vt -0.0098 1.7834
vt 0.0098 1.7834
vt -0.0098 1.6745
vt 0.0098 1.7834
vt 0.0098 1.6745
vt -0.0935 1.6745
vt -0.0935 1.7834
vt -0.0688 1.7834
vt -0.0935 1.6745
vt -0.0688 1.7834
vt -0.0688 1.6745
vt -0.0935 1.6745
vt -0.0688 1.6745
vt -0.0688 1.7834
vt -0.0935 1.6745
vt -0.0688 1.7834
vt -0.0935 1.7834
vt -0.0935 1.0098
vt -0.0688 1.0098
vt -0.0688 0.9902
vt -0.0935 1.0098
vt -0.0688 0.9902
vt -0.0935 0.9902
vt -0.0935 1.0098
vt -0.0935 0.9902
vt -0.0688 0.9902
vt -0.0935 1.0098
vt -0.0688 0.9902
vt -0.0688 1.0098
vt -0.0078 1.6639
vt 0.0078 1.6639
vt 0.0078 1.8123
vt -0.0078 1.6639
vt 0.0078 1.8123
vt -0.0078 1.8123
vt -0.0078 1.6639
vt -0.0078 1.8123
vt 0.0078 1.8123
vt -0.0078 1.6639
vt 0.0078 1.8123
vt 0.0078 1.6639
vt -0.0878 1.6639
vt -0.0878 1.8123
vt -0.0097 1.8123
vt -0.0878 1.6639
vt -0.0097 1.8123
vt -0.0097 1.6639
vt -0.0878 1.6639
vt -0.0097 1.6639
vt -0.0097 1.8123
vt -0.0878 1.6639
vt -0.0097 1.8123
vt -0.0878 1.8123
vt -0.0878 1.0078
vt -0.0097 1.0078
vt -0.0097 0.9922
vt -0.0878 1.0078
vt -0.0097 0.9922
vt -0.0878 0.9922
vt -0.0878 1.0078
vt -0.0878 0.9922
vt -0.0097 0.9922
vt -0.0878 1.0078
vt -0.0097 0.9922
vt -0.0097 1.0078
vt -0.0098 1.6912
vt 0.0098 1.6912
vt 0.0098 1.8006
vt -0.0098 1.6912
vt 0.0098 1.8006
vt -0.0098 1.8006
vt -0.0098 1.6912
vt -0.0098 1.8006
vt 0.0098 1.8006
vt -0.0098 1.6912
vt 0.0098 1.8006
vt 0.0098 1.6912
vt -0.0612 1.6912
vt -0.0612 1.8006
vt -0.0362 1.8006
vt -0.0612 1.6912
vt -0.0362 1.8006
vt -0.0362 1.6912
vt -0.0612 1.6912
vt -0.0362 1.6912
vt -0.0362 1.8006
vt -0.0612 1.6912
vt -0.0362 1.8006
vt -0.0612 1.8006
vt -0.0612 1.0098
vt -0.0362 1.0098
vt -0.0362 0.9902
vt -0.0612 1.0098
vt -0.0362 0.9902
vt -0.0612 0.9902
vt -0.0612 1.0098
vt -0.0612 0.9902
vt -0.0362 0.9902
vt -0.0612 1.0098
vt -0.0362 0.9902
vt -0.0362 1.0098
vt -0.0078 1.6817
vt 0.0078 1.6817
vt 0.0078 1.8296
vt -0.0078 1.6817
vt 0.0078 1.8296
vt -0.0078 1.8296
vt -0.0078 1.6817
vt -0.0078 1.8296
vt 0.0078 1.8296
vt -0.0078 1.6817
vt 0.0078 1.8296
vt 0.0078 1.6817
vt -0.0545 1.6817
vt -0.0545 1.8296
vt 0.0229 1.8296
vt -0.0545 1.6817
vt 0.0229 1.8296
vt 0.0229 1.6817
vt -0.0545 1.6817
vt 0.0229 1.6817
vt 0.0229 1.8296
vt -0.0545 1.6817
vt 0.0229 1.8296
vt -0.0545 1.8296
vt -0.0545 1.0078
vt 0.0229 1.0078
vt 0.0229 0.9922
vt -0.0545 1.0078
vt 0.0229 0.9922
vt -0.0545 0.9922
vt -0.0545 1.0078
vt -0.0545 0.9922
vt 0.0229 0.9922
vt -0.0545 1.0078
vt 0.0229 0.9922
vt 0.0229 1.0078
vt -0.0098 1.709
vt 0.0098 1.709
vt 0.0098 1.8179
vt -0.0098 1.709
vt 0.0098 1.8179
vt -0.0098 1.8179
vt -0.0098 1.709
vt -0.0098 1.8179
vt 0.0098 1.8179
vt -0.0098 1.709
vt 0.0098 1.8179
vt 0.0098 1.709
vt -0.0282 1.709
vt -0.0282 1.8179
vt -0.0035 1.8179
vt -0.0282 1.709
vt -0.0035 1.8179
vt -0.0035 1.709
vt -0.0282 1.709
vt -0.0035 1.709
vt -0.0035 1.8179
vt -0.0282 1.709
vt -0.0035 1.8179
vt -0.0282 1.8179
vt -0.0282 1.0098
vt -0.0035 1.0098
vt -0.0035 0.9902
vt -0.0282 1.0098
vt -0.0035 0.9902
vt -0.0282 0.9902
vt -0.0282 1.0098
vt -0.0282 0.9902
vt -0.0035 0.9902
vt -0.0282 1.0098
vt -0.0035 0.9902
vt -0.0035 1.0098
vt -0.0078 1.7006
vt 0.0078 1.7006
vt 0.0078 1.8468
vt -0.0078 1.7006
vt 0.0078 1.8468
vt -0.0078 1.8468
vt -0.0078 1.7006
vt -0.0078 1.8468
vt 0.0078 1.8468
vt -0.0078 1.7006
vt 0.0078 1.8468
vt 0.0078 1.7006
vt -0.0201 1.7006
vt -0.0201 1.8468
vt 0.0552 1.8468
vt -0.0201 1.7006
vt 0.0552 1.8468
vt 0.0552 1.7006
vt -0.0201 1.7006
vt 0.0552 1.7006
vt 0.0552 1.8468
vt -0.0201 1.7006
vt 0.0552 1.8468
vt -0.0201 1.8468
vt -0.0201 1.0078
vt 0.0552 1.0078
vt 0.0552 0.9922
vt -0.0201 1.0078
vt 0.0552 0.9922
vt -0.0201 0.9922
vt -0.0201 1.0078
vt -0.0201 0.9922
vt 0.0552 0.9922
vt -0.0201 1.0078
vt 0.0552 0.9922
vt 0.0552 1.0078
vt -0.0098 1.7279
vt 0.0098 1.7279
vt 0.0098 1.8351
vt -0.0098 1.7279
vt 0.0098 1.8351
vt -0.0098 1.8351
vt -0.0098 1.7279
vt -0.0098 1.8351
vt 0.0098 1.8351
vt -0.0098 1.7279
vt 0.0098 1.8351
vt 0.0098 1.7279
vt 0.0055 1.7279
vt 0.0055 1.8351
vt 0.0296 1.8351
vt 0.0055 1.7279
vt 0.0296 1.8351
vt 0.0296 1.7279
vt 0.0055 1.7279
vt 0.0296 1.7279
vt 0.0296 1.8351
vt 0.0055 1.7279
vt 0.0296 1.8351
vt 0.0055 1.8351
vt 0.0055 1.0098
vt 0.0296 1.0098
vt 0.0296 0.9902
vt 0.0055 1.0098
vt 0.0296 0.9902
vt 0.0055 0.9902
vt 0.0055 1.0098
vt 0.0055 0.9902
vt 0.0296 0.9902
vt 0.0055 1.0098
vt 0.0296 0.9902
vt 0.0296 1.0098
vt -0.0078 1.7204
vt 0.0078 1.7204
vt 0.0078 1.864
vt -0.0078 1.7204
vt 0.0078 1.864
vt -0.0078 1.864
vt -0.0078 1.7204
vt -0.0078 1.864
vt 0.0078 1.864
vt -0.0078 1.7204
vt 0.0078 1.864
vt 0.0078 1.7204
vt 0.0156 1.7204
vt 0.0156 1.864
vt 0.0874 1.864
vt 0.0156 1.7204
vt 0.0874 1.864
vt 0.0874 1.7204
vt 0.0156 1.7204
vt 0.0874 1.7204
vt 0.0874 1.864
vt 0.0156 1.7204
vt 0.0874 1.864
vt 0.0156 1.864
vt 0.0156 1.0078
vt 0.0874 1.0078
vt 0.0874 0.9922
vt 0.0156 1.0078
vt 0.0874 0.9922
vt 0.0156 0.9922
vt 0.0156 1.0078
vt 0.0156 0.9922
vt 0.0874 0.9922
vt 0.0156 1.0078
vt 0.0874 0.9922
vt 0.0874 1.0078
vt -0.0098 1.7477
vt 0.0098 1.7477
vt 0.0098 1.8523
vt -0.0098 1.7477
vt 0.0098 1.8523
vt -0.0098 1.8523
vt -0.0098 1.7477
vt -0.0098 1.8523
vt 0.0098 1.8523
vt -0.0098 1.7477
vt 0.0098 1.8523
vt 0.0098 1.7477
vt 0.04 1.7477
vt 0.04 1.8523
vt 0.063 1.8523
vt 0.04 1.7477
vt 0.063 1.8523
vt 0.063 1.7477
vt 0.04 1.7477
vt 0.063 1.7477
vt 0.063 1.8523
vt 0.04 1.7477
vt 0.063 1.8523
vt 0.04 1.8523
vt 0.04 1.0098
vt 0.063 1.0098
vt 0.063 0.9902
vt 0.04 1.0098
vt 0.063 0.9902
vt 0.04 0.9902
vt 0.04 1.0098
vt 0.04 0.9902
vt 0.063 0.9902
vt 0.04 1.0098
vt 0.063 0.9902
vt 0.063 1.0098
vt -0.0078 1.7412
vt 0.0078 1.7412
vt 0.0078 1.8811
vt -0.0078 1.7412
vt 0.0078 1.8811
vt -0.0078 1.8811
vt -0.0078 1.7412
vt -0.0078 1.8811
vt 0.0078 1.8811
vt -0.0078 1.7412
vt 0.0078 1.8811
vt 0.0078 1.7412
vt 0.0523 1.7412
vt 0.0523 1.8811
vt 0.1194 1.8811
vt 0.0523 1.7412
vt 0.1194 1.8811
vt 0.1194 1.7412
vt 0.0523 1.7412
vt 0.1194 1.7412
vt 0.1194 1.8811
vt 0.0523 1.7412
vt 0.1194 1.8811
vt 0.0523 1.8811
vt 0.0523 1.0078
vt 0.1194 1.0078
vt 0.1194 0.9922
vt 0.0523 1.0078
vt 0.1194 0.9922
vt 0.0523 0.9922
vt 0.0523 1.0078
vt 0.0523 0.9922
vt 0.1194 0.9922
vt 0.0523 1.0078
vt 0.1194 0.9922
vt 0.1194 1.0078
vt -0.0098 1.7685
vt 0.0098 1.7685
vt 0.0098 1.8694
vt -0.0098 1.7685
vt 0.0098 1.8694
vt -0.0098 1.8694
vt -0.0098 1.7685
vt -0.0098 1.8694
vt 0.0098 1.8694
vt -0.0098 1.7685
vt 0.0098 1.8694
vt 0.0098 1.7685
vt 0.0751 1.7685
vt 0.0751 1.8694
vt 0.0966 1.8694
vt 0.0751 1.7685
vt 0.0966 1.8694
vt 0.0966 1.7685
vt 0.0751 1.7685
vt 0.0966 1.7685
vt 0.0966 1.8694
vt 0.0751 1.7685
vt 0.0966 1.8694
vt 0.0751 1.8694
vt 0.0751 1.0098
vt 0.0966 1.0098
vt 0.0966 0.9902
vt 0.0751 1.0098
vt 0.0966 0.9902
vt 0.0751 0.9902
vt 0.0751 1.0098
vt 0.0751 0.9902
vt 0.0966 0.9902
vt 0.0751 1.0098
vt 0.0966 0.9902
vt 0.0966 1.0098
vt -0.0078 1.7628
vt 0.0078 1.7628
vt 0.0078 1.8983
vt -0.0078 1.7628
vt 0.0078 1.8983
vt -0.0078 1.8983
vt -0.0078 1.7628
vt -0.0078 1.8983
vt 0.0078 1.8983
vt -0.0078 1.7628
vt 0.0078 1.8983
vt 0.0078 1.7628
vt 0.0899 1.7628
vt 0.0899 1.8983
vt 0.1512 1.8983
vt 0.0899 1.7628
vt 0.1512 1.8983
vt 0.1512 1.7628
vt 0.0899 1.7628
vt 0.1512 1.7628
vt 0.1512 1.8983
vt 0.0899 1.7628
vt 0.1512 1.8983
vt 0.0899 1.8983
vt 0.0899 1.0078
vt 0.1512 1.0078
vt 0.1512 0.9922
vt 0.0899 1.0078
vt 0.1512 0.9922
vt 0.0899 0.9922
vt 0.0899 1.0078
vt 0.0899 0.9922
vt 0.1512 0.9922
vt 0.0899 1.0078
vt 0.1512 0.9922
vt 0.1512 1.0078
vt -0.0098 1.7901
vt 0.0098 1.7901
vt 0.0098 1.8866
vt -0.0098 1.7901
vt 0.0098 1.8866
vt -0.0098 1.8866
vt -0.0098 1.7901
vt -0.0098 1.8866
vt 0.0098 1.8866
vt -0.0098 1.7901
vt 0.0098 1.8866
vt 0.0098 1.7901
vt 0.1108 1.7901
vt 0.1108 1.8866
vt 0.1304 1.8866
vt 0.1108 1.7901
vt 0.1304 1.8866
vt 0.1304 1.7901
vt 0.1108 1.7901
vt 0.1304 1.7901
vt 0.1304 1.8866
vt 0.1108 1.7901
vt 0.1304 1.8866
vt 0.1108 1.8866
vt 0.1108 1.0098
vt 0.1304 1.0098
vt 0.1304 0.9902
vt 0.1108 1.0098
vt 0.1304 0.9902
vt 0.1108 0.9902
vt 0.1108 1.0098
vt 0.1108 0.9902
vt 0.1304 0.9902
vt 0.1108 1.0098
vt 0.1304 0.9902
vt 0.1304 1.0098
vt -0.0078 1.7852
vt 0.0078 1.7852
vt 0.0078 1.9155
vt -0.0078 1.7852
vt 0.0078 1.9155
vt -0.0078 1.9155
vt -0.0078 1.7852
vt -0.0078 1.9155
vt 0.0078 1.9155
vt -0.0078 1.7852
vt 0.0078 1.9155
vt 0.0078 1.7852
vt 0.1284 1.7852
vt 0.1284 1.9155
vt 0.183 1.9155
vt 0.1284 1.7852
vt 0.183 1.9155
vt 0.183 1.7852
vt 0.1284 1.7852
vt 0.183 1.7852
vt 0.183 1.9155
vt 0.1284 1.7852
vt 0.183 1.9155
vt 0.1284 1.9155
vt 0.1284 1.0078
vt 0.183 1.0078
vt 0.183 0.9922
vt 0.1284 1.0078
vt 0.183 0.9922
vt 0.1284 0.9922
vt 0.1284 1.0078
vt 0.1284 0.9922
vt 0.183 0.9922
vt 0.1284 1.0078
vt 0.183 0.9922
vt 0.183 1.0078
vt -0.0098 1.8125
vt 0.0098 1.8125
vt 0.0098 1.9037
vt -0.0098 1.8125
vt 0.0098 1.9037
vt -0.0098 1.9037
vt -0.0098 1.8125
vt -0.0098 1.9037
vt 0.0098 1.9037
vt -0.0098 1.8125
vt 0.0098 1.9037
vt 0.0098 1.8125
vt 0.1469 1.8125
vt 0.1469 1.9037
vt 0.1644 1.9037
vt 0.1469 1.8125
vt 0.1644 1.9037
vt 0.1644 1.8125
vt 0.1469 1.8125
vt 0.1644 1.8125
vt 0.1644 1.9037
vt 0.1469 1.8125
vt 0.1644 1.9037
vt 0.1469 1.9037
vt 0.1469 1.0098
vt 0.1644 1.0098
vt 0.1644 0.9902
vt 0.1469 1.0098
vt 0.1644 0.9902
vt 0.1469 0.9902
vt 0.1469 1.0098
vt 0.1469 0.9902
vt 0.1644 0.9902
vt 0.1469 1.0098
vt 0.1644 0.9902
vt 0.1644 1.0098
vt 0.2031 1.5142
vt 0.2283 1.522
vt 0.2517 1.358
vt 0.2031 1.5142
vt 0.2517 1.358
vt 0.2266 1.3501
vt -0.1022 1.522
vt -0.13 1.5313
vt -0.1847 1.3672
vt -0.1022 1.522
vt -0.1847 1.3672
vt -0.1569 1.358
vt 0.2283 1.5313
vt 0.2031 1.5327
vt 0.2266 1.3686
vt 0.2283 1.5313
vt 0.2266 1.3686
vt 0.2517 1.3672
vt 0.2031 1.5327
vt 0.178 1.5248
vt 0.2014 1.3608
vt 0.2031 1.5327
vt 0.2014 1.3608
vt 0.2266 1.3686
vt -0.1322 1.5248
vt -0.1044 1.5156
vt -0.1591 1.3515
vt -0.1322 1.5248
vt -0.1591 1.3515
vt -0.1868 1.3608
vt 0.178 1.5156
vt 0.2031 1.5142
vt 0.2266 1.3501
vt 0.178 1.5156
vt 0.2266 1.3501
vt 0.2014 1.3515
vt 0.178 1.1044
vt 0.178 1.1322
vt 0.2031 1.145
vt 0.178 1.1044
vt 0.2031 1.145
vt 0.2283 1.13
vt 0.178 1.1044
vt 0.2283 1.13
vt 0.2283 1.1022
vt 0.178 1.1044
vt 0.2283 1.1022
vt 0.2031 1.0894
vt 0.2266 1.1441
vt 0.2517 1.1569
vt 0.2517 1.1847
vt 0.2266 1.1441
vt 0.2517 1.1847
vt 0.2266 1.1997
vt 0.2266 1.1441
vt 0.2266 1.1997
vt 0.2014 1.1868
vt 0.2266 1.1441
vt 0.2014 1.1868
vt 0.2014 1.1591
vt 0.2266 1.3551
vt 0.2483 1.3588
vt 0.2718 1.0385
vt 0.2266 1.3551
vt 0.2718 1.0385
vt 0.25 1.0348
vt -0.1592 1.3588
vt -0.184 1.363
vt -0.2387 1.0427
vt -0.1592 1.3588
vt -0.2387 1.0427
vt -0.2139 1.0385
vt 0.2483 1.363
vt 0.2266 1.3636
vt 0.25 1.0433
vt 0.2483 1.363
vt 0.25 1.0433
vt 0.2718 1.0427
vt 0.2266 1.3636
vt 0.2048 1.3599
vt 0.2282 1.0396
vt 0.2266 1.3636
vt 0.2282 1.0396
vt 0.25 1.0433
vt -0.1846 1.3599
vt -0.1597 1.3557
vt -0.2144 1.0354
vt -0.1846 1.3599
vt -0.2144 1.0354
vt -0.2392 1.0396
vt 0.2048 1.3557
vt 0.2266 1.3551
vt 0.25 1.0348
vt 0.2048 1.3557
vt 0.25 1.0348
vt 0.2282 1.0354
vt 0.2048 1.1597
vt 0.2048 1.1846
vt 0.2266 1.1967
vt 0.2048 1.1597
vt 0.2266 1.1967
vt 0.2483 1.184
vt 0.2048 1.1597
vt 0.2483 1.184
vt 0.2483 1.1592
vt 0.2048 1.1597
vt 0.2483 1.1592
vt 0.2266 1.147
vt 0.25 1.2017
vt 0.2718 1.2139
vt 0.2718 1.2387
vt 0.25 1.2017
vt 0.2718 1.2387
vt 0.25 1.2514
vt 0.25 1.2017
vt 0.25 1.2514
vt 0.2282 1.2392
vt 0.25 1.2017
vt 0.2282 1.2392
vt 0.2282 1.2144
vt -0.2617 1.0
vt -0.1914 1.0
vt -0.1914 1.0391
vt -0.2617 1.0
vt -0.1914 1.0391
vt -0.2617 1.0391
vt -0.2617 1.0
vt -0.2617 1.0391
vt -0.1914 1.0391
vt -0.2617 1.0
vt -0.1914 1.0391
vt -0.1914 1.0
vt 0.207 1.0
vt 0.207 1.0391
vt 0.3242 1.0391
vt 0.207 1.0
vt 0.3242 1.0391
vt 0.3242 1.0
vt 0.207 1.0
vt 0.3242 1.0
vt 0.3242 1.0391
vt 0.207 1.0
vt 0.3242 1.0391
vt 0.207 1.0391
vt 0.207 1.2617
vt 0.3242 1.2617
vt 0.3242 1.1914
vt 0.207 1.2617
vt 0.3242 1.1914
vt 0.207 1.1914
vt 0.207 1.2617
vt 0.207 1.1914
vt 0.3242 1.1914
vt 0.207 1.2617
vt 0.3242 1.1914
vt 0.3242 1.2617
vt 0.2031 1.5327
vt 0.2283 1.5313
vt 0.2517 1.3672
vt 0.2031 1.5327
vt 0.2517 1.3672
vt 0.2266 1.3686
vt 0.13 1.5313
vt 0.1022 1.522
vt 0.1569 1.358
vt 0.13 1.5313
vt 0.1569 1.358
vt 0.1847 1.3672
vt 0.2283 1.522
vt 0.2031 1.5142
vt 0.2266 1.3501
vt 0.2283 1.522
vt 0.2266 1.3501
vt 0.2517 1.358
vt 0.2031 1.5142
vt 0.178 1.5156
vt 0.2014 1.3515
vt 0.2031 1.5142
vt 0.2014 1.3515
vt 0.2266 1.3501
vt 0.1044 1.5156
vt 0.1322 1.5248
vt 0.1868 1.3608
vt 0.1044 1.5156
vt 0.1868 1.3608
vt 0.1591 1.3515
vt 0.178 1.5248
vt 0.2031 1.5327
vt 0.2266 1.3686
vt 0.178 1.5248
vt 0.2266 1.3686
vt 0.2014 1.3608
vt 0.178 0.8678
vt 0.178 0.8956
vt 0.2031 0.9106
vt 0.178 0.8678
vt 0.2031 0.9106
vt 0.2283 0.8978
vt 0.178 0.8678
vt 0.2283 0.8978
vt 0.2283 0.87
vt 0.178 0.8678
vt 0.2283 0.87
vt 0.2031 0.855
vt 0.2266 0.8003
vt 0.2517 0.8153
vt 0.2517 0.8431
vt 0.2266 0.8003
vt 0.2517 0.8431
vt 0.2266 0.8559
vt 0.2266 0.8003
vt 0.2266 0.8559
vt 0.2014 0.8409
vt 0.2266 0.8003
vt 0.2014 0.8409
vt 0.2014 0.8132
vt 0.2266 1.3636
vt 0.2483 1.363
vt 0.2718 1.0427
vt 0.2266 1.3636
vt 0.2718 1.0427
vt 0.25 1.0433
vt 0.184 1.363
vt 0.1592 1.3588
vt 0.2139 1.0385
vt 0.184 1.363
vt 0.2139 1.0385
vt 0.2387 1.0427
vt 0.2483 1.3588
vt 0.2266 1.3551
vt 0.25 1.0348
vt 0.2483 1.3588
vt 0.25 1.0348
vt 0.2718 1.0385
vt 0.2266 1.3551
vt 0.2048 1.3557
vt 0.2282 1.0354
vt 0.2266 1.3551
vt 0.2282 1.0354
vt 0.25 1.0348
vt 0.1597 1.3557
vt 0.1846 1.3599
vt 0.2392 1.0396
vt 0.1597 1.3557
vt 0.2392 1.0396
vt 0.2144 1.0354
vt 0.2048 1.3599
vt 0.2266 1.3636
vt 0.25 1.0433
vt 0.2048 1.3599
vt 0.25 1.0433
vt 0.2282 1.0396
vt 0.2048 0.8154
vt 0.2048 0.8403
vt 0.2266 0.853
vt 0.2048 0.8154
vt 0.2266 0.853
vt 0.2483 0.8408
vt 0.2048 0.8154
vt 0.2483 0.8408
vt 0.2483 0.816
vt 0.2048 0.8154
vt 0.2483 0.816
vt 0.2266 0.8033
vt 0.25 0.7486
vt 0.2718 0.7613
vt 0.2718 0.7861
vt 0.25 0.7486
vt 0.2718 0.7861
vt 0.25 0.7983
vt 0.25 0.7486
vt 0.25 0.7983
vt 0.2282 0.7856
vt 0.25 0.7486
vt 0.2282 0.7856
vt 0.2282 0.7608
vt 0.1914 1.0
vt 0.2617 1.0
vt 0.2617 1.0391
vt 0.1914 1.0
vt 0.2617 1.0391
vt 0.1914 1.0391
vt 0.1914 1.0
vt 0.1914 1.0391
vt 0.2617 1.0391
vt 0.1914 1.0
vt 0.2617 1.0391
vt 0.2617 1.0
vt 0.207 1.0
vt 0.207 1.0391
vt 0.3242 1.0391
vt 0.207 1.0
vt 0.3242 1.0391
vt 0.3242 1.0
vt 0.207 1.0
vt 0.3242 1.0
vt 0.3242 1.0391
vt 0.207 1.0
vt 0.3242 1.0391
vt 0.207 1.0391
vt 0.207 0.8086
vt 0.3242 0.8086
vt 0.3242 0.7383
vt 0.207 0.8086
vt 0.3242 0.7383
vt 0.207 0.7383
vt 0.207 0.8086
vt 0.207 0.7383
vt 0.3242 0.7383
vt 0.207 0.8086
vt 0.3242 0.7383
vt 0.3242 0.8086
vt -0.2031 1.5142
vt -0.178 1.5156
vt -0.2014 1.3515
vt -0.2031 1.5142
vt -0.2014 1.3515
vt -0.2266 1.3501
vt -0.1044 1.5156
vt -0.1322 1.5248
vt -0.1868 1.3608
vt -0.1044 1.5156
vt -0.1868 1.3608
vt -0.1591 1.3515
vt -0.178 1.5248
vt -0.2031 1.5327
vt -0.2266 1.3686
vt -0.178 1.5248
vt -0.2266 1.3686
vt -0.2014 1.3608
vt -0.2031 1.5327
vt -0.2283 1.5313
vt -0.2517 1.3672
vt -0.2031 1.5327
vt -0.2517 1.3672
vt -0.2266 1.3686
vt -0.13 1.5313
vt -0.1022 1.522
vt -0.1569 1.358
vt -0.13 1.5313
vt -0.1569 1.358
vt -0.1847 1.3672
vt -0.2283 1.522
vt -0.2031 1.5142
vt -0.2266 1.3501
vt -0.2283 1.522
vt -0.2266 1.3501
vt -0.2517 1.358
vt -0.2283 1.1022
vt -0.2283 1.13
vt -0.2031 1.145
vt -0.2283 1.1022
vt -0.2031 1.145
vt -0.178 1.1322
vt -0.2283 1.1022
vt -0.178 1.1322
vt -0.178 1.1044
vt -0.2283 1.1022
vt -0.178 1.1044
vt -0.2031 1.0894
vt -0.2266 1.1441
vt -0.2014 1.1591
vt -0.2014 1.1868
vt -0.2266 1.1441
vt -0.2014 1.1868
vt -0.2266 1.1997
vt -0.2266 1.1441
vt -0.2266 1.1997
vt -0.2517 1.1847
vt -0.2266 1.1441
vt -0.2517 1.1847
vt -0.2517 1.1569
vt -0.2266 1.3551
vt -0.2048 1.3557
vt -0.2282 1.0354
vt -0.2266 1.3551
vt -0.2282 1.0354
vt -0.25 1.0348
vt -0.1597 1.3557
vt -0.1846 1.3599
vt -0.2392 1.0396
vt -0.1597 1.3557
vt -0.2392 1.0396
vt -0.2144 1.0354
vt -0.2048 1.3599
vt -0.2266 1.3636
vt -0.25 1.0433
vt -0.2048 1.3599
vt -0.25 1.0433
vt -0.2282 1.0396
vt -0.2266 1.3636
vt -0.2483 1.363
vt -0.2718 1.0427
vt -0.2266 1.3636
vt -0.2718 1.0427
vt -0.25 1.0433
vt -0.184 1.363
vt -0.1592 1.3588
vt -0.2139 1.0385
vt -0.184 1.363
vt -0.2139 1.0385
vt -0.2387 1.0427
vt -0.2483 1.3588
vt -0.2266 1.3551
vt -0.25 1.0348
vt -0.2483 1.3588
vt -0.25 1.0348
vt -0.2718 1.0385
vt -0.2483 1.1592
vt -0.2483 1.184
vt -0.2266 1.1967
vt -0.2483 1.1592
vt -0.2266 1.1967
vt -0.2048 1.1846
vt -0.2483 1.1592
vt -0.2048 1.1846
vt -0.2048 1.1597
vt -0.2483 1.1592
vt -0.2048 1.1597
vt -0.2266 1.147
vt -0.25 1.2017
vt -0.2282 1.2144
vt -0.2282 1.2392
vt -0.25 1.2017
vt -0.2282 1.2392
vt -0.25 1.2514
vt -0.25 1.2017
vt -0.25 1.2514
vt -0.2718 1.2387
vt -0.25 1.2017
vt -0.2718 1.2387
vt -0.2718 1.2139
vt -0.2617 1.0
vt -0.1914 1.0
vt -0.1914 1.0391
vt -0.2617 1.0
vt -0.1914 1.0391
vt -0.2617 1.0391
vt -0.2617 1.0
vt -0.2617 1.0391
vt -0.1914 1.0391
vt -0.2617 1.0
vt -0.1914 1.0391
vt -0.1914 1.0
vt -0.293 1.0
vt -0.293 1.0391
vt -0.1758 1.0391
vt -0.293 1.0
vt -0.1758 1.0391
vt -0.1758 1.0
vt -0.293 1.0
vt -0.1758 1.0
vt -0.1758 1.0391
vt -0.293 1.0
vt -0.1758 1.0391
vt -0.293 1.0391
vt -0.293 1.2617
vt -0.1758 1.2617
vt -0.1758 1.1914
vt -0.293 1.2617
vt -0.1758 1.1914
vt -0.293 1.1914
vt -0.293 1.2617
vt -0.293 1.1914
vt -0.1758 1.1914
vt -0.293 1.2617
vt -0.1758 1.1914
vt -0.1758 1.2617
vt -0.2031 1.5327
vt -0.178 1.5248
vt -0.2014 1.3608
vt -0.2031 1.5327
vt -0.2014 1.3608
vt -0.2266 1.3686
vt 0.1322 1.5248
vt 0.1044 1.5156
vt 0.1591 1.3515
vt 0.1322 1.5248
vt 0.1591 1.3515
vt 0.1868 1.3608
vt -0.178 1.5156
vt -0.2031 1.5142
vt -0.2266 1.3501
vt -0.178 1.5156
vt -0.2266 1.3501
vt -0.2014 1.3515
vt -0.2031 1.5142
vt -0.2283 1.522
vt -0.2517 1.358
vt -0.2031 1.5142
vt -0.2517 1.358
vt -0.2266 1.3501
vt 0.1022 1.522
vt 0.13 1.5313
vt 0.1847 1.3672
vt 0.1022 1.522
vt 0.1847 1.3672
vt 0.1569 1.358
vt -0.2283 1.5313
vt -0.2031 1.5327
vt -0.2266 1.3686
vt -0.2283 1.5313
vt -0.2266 1.3686
vt -0.2517 1.3672
vt -0.2283 0.87
vt -0.2283 0.8978
vt -0.2031 0.9106
vt -0.2283 0.87
vt -0.2031 0.9106
vt -0.178 0.8956
vt -0.2283 0.87
vt -0.178 0.8956
vt -0.178 0.8678
vt -0.2283 0.87
vt -0.178 0.8678
vt -0.2031 0.855
vt -0.2266 0.8003
vt -0.2014 0.8132
vt -0.2014 0.8409
vt -0.2266 0.8003
vt -0.2014 0.8409
vt -0.2266 0.8559
vt -0.2266 0.8003
vt -0.2266 0.8559
vt -0.2517 0.8431
vt -0.2266 0.8003
vt -0.2517 0.8431
vt -0.2517 0.8153
vt -0.2266 1.3636
vt -0.2048 1.3599
vt -0.2282 1.0396
vt -0.2266 1.3636
vt -0.2282 1.0396
vt -0.25 1.0433
vt 0.1846 1.3599
vt 0.1597 1.3557
vt 0.2144 1.0354
vt 0.1846 1.3599
vt 0.2144 1.0354
vt 0.2392 1.0396
vt -0.2048 1.3557
vt -0.2266 1.3551
vt -0.25 1.0348
vt -0.2048 1.3557
vt -0.25 1.0348
vt -0.2282 1.0354
vt -0.2266 1.3551
vt -0.2483 1.3588
vt -0.2718 1.0385
vt -0.2266 1.3551
vt -0.2718 1.0385
vt -0.25 1.0348
vt 0.1592 1.3588
vt 0.184 1.363
vt 0.2387 1.0427
vt 0.1592 1.3588
vt 0.2387 1.0427
vt 0.2139 1.0385
vt -0.2483 1.363
vt -0.2266 1.3636
vt -0.25 1.0433
vt -0.2483 1.363
vt -0.25 1.0433
vt -0.2718 1.0427
vt -0.2483 0.816
vt -0.2483 0.8408
vt -0.2266 0.853
vt -0.2483 0.816
vt -0.2266 0.853
vt -0.2048 0.8403
vt -0.2483 0.816
vt -0.2048 0.8403
vt -0.2048 0.8154
vt -0.2483 0.816
vt -0.2048 0.8154
vt -0.2266 0.8033
vt -0.25 0.7486
vt -0.2282 0.7608
vt -0.2282 0.7856
vt -0.25 0.7486
vt -0.2282 0.7856
vt -0.25 0.7983
vt -0.25 0.7486
vt -0.25 0.7983
vt -0.2718 0.7861
vt -0.25 0.7486
vt -0.2718 0.7861
vt -0.2718 0.7613
vt 0.1914 1.0
vt 0.2617 1.0
vt 0.2617 1.0391
vt 0.1914 1.0
vt 0.2617 1.0391
vt 0.1914 1.0391
vt 0.1914 1.0
vt 0.1914 1.0391
vt 0.2617 1.0391
vt 0.1914 1.0
vt 0.2617 1.0391
vt 0.2617 1.0
vt -0.293 1.0
vt -0.293 1.0391
vt -0.1758 1.0391
vt -0.293 1.0
vt -0.1758 1.0391
vt -0.1758 1.0
vt -0.293 1.0
vt -0.1758 1.0
vt -0.1758 1.0391
vt -0.293 1.0
vt -0.1758 1.0391
vt -0.293 1.0391
vt -0.293 0.8086
vt -0.1758 0.8086
vt -0.1758 0.7383
vt -0.293 0.8086
vt -0.1758 0.7383
vt -0.293 0.7383
vt -0.293 0.8086
vt -0.293 0.7383
vt -0.1758 0.7383
vt -0.293 0.8086
vt -0.1758 0.7383
vt -0.1758 0.8086
vn 1.0 0.0 0.0
vn 1.0 0.0 0.0
vn 1.0 0.0 0.0
vn 1.0 0.0 0.0
vn 1.0 0.0 0.0
vn 1.0 0.0 0.0
vn -1.0 0.0 0.0
vn -1.0 0.0 0.0
vn -1.0 0.0 0.0
vn -1.0 0.0 0.0
vn -1.0 0.0 0.0
vn -1.0 0.0 0.0
vn 0.0 1.0 0.0
vn 0.0 1.0 0.0
vn 0.0 1.0 0.0
vn 0.0 1.0 0.0
vn 0.0 1.0 0.0
vn 0.0 1.0 0.0
vn 0.0 -1.0 0.0
vn 0.0 -1.0 0.0
vn 0.0 -1.0 0.0
vn 0.0 -1.0 0.0
vn 0.0 -1.0 0.0
vn 0.0 -1.0 0.0
vn 0.0 0.0 1.0
vn 0.0 0.0 1.0
vn 0.0 0.0 1.0
vn 0.0 0.0 1.0
vn 0.0 0.0 1.0
vn 0.0 0.0 1.0
vn 0.0 0.0 -1.0
vn 0.0 0.0 -1.0
vn 0.0 0.0 -1.0
vn 0.0 0.0 -1.0
vn 0.0 0.0 -1.0
vn 0.0 0.0 -1.0
vn -0.106 0.866 0.4886
vn -0.106 0.866 0.4886
vn -0.106 0.866 0.4886
vn -0.106 0.866 0.4886
vn -0.106 0.866 0.4886
vn -0.106 0.866 0.4886
vn -0.212 0.0 0.9773
vn -0.212 0.0 0.9773
vn -0.212 0.0 0.9773
vn -0.212 0.0 0.9773
vn -0.212 0.0 0.9773
vn -0.212 0.0 0.9773
vn -0.106 -0.866 0.4886
vn -0.106 -0.866 0.4886
vn -0.106 -0.866 0.4886
vn -0.106 -0.866 0.4886
vn -0.106 -0.866 0.4886
vn -0.106 -0.866 0.4886
vn 0.106 -0.866 -0.4886
vn 0.106 -0.866 -0.4886
vn 0.106 -0.866 -0.4886
vn 0.106 -0.866 -0.4886
vn 0.106 -0.866 -0.4886
vn 0.106 -0.866 -0.4886
vn 0.212 0.0 -0.9773
vn 0.212 0.0 -0.9773
vn 0.212 0.0 -0.9773
vn 0.212 0.0 -0.9773
vn 0.212 0.0 -0.9773
vn 0.212 0.0 -0.9773
vn 0.106 0.866 -0.4886
vn 0.106 0.866 -0.4886
vn 0.106 0.866 -0.4886
vn 0.106 0.866 -0.4886
vn 0.106 0.866 -0.4886
vn 0.106 0.866 -0.4886
vn -0.9773 0.0 -0.212
vn -0.9773 0.0 -0.212
vn -0.9773 0.0 -0.212
vn -0.9773 0.0 -0.212
vn -0.9773 0.0 -0.212
vn -0.9773 0.0 -0.212
vn -0.9773 0.0 -0.212
vn -0.9773 0.0 -0.212
vn -0.9773 0.0 -0.212
vn -0.9773 0.0 -0.212
vn -0.9773 0.0 -0.212
vn -0.9773 0.0 -0.212
vn 0.9773 0.0 0.212
vn 0.9773 0.0 0.212
vn 0.9773 0.0 0.212
vn 0.9773 0.0 0.212
vn 0.9773 0.0 0.212
vn 0.9773 0.0 0.212
vn 0.9773 0.0 0.212
vn 0.9773 0.0 0.212
vn 0.9773 0.0 0.212
vn 0.9773 0.0 0.212
vn 0.9773 0.0 0.212
vn 0.9773 0.0 0.212
vn -0.1675 0.866 0.4711
vn -0.1675 0.866 0.4711
vn -0.1675 0.866 0.4711
vn -0.1675 0.866 0.4711
vn -0.1675 0.866 0.4711
vn -0.1675 0.866 0.4711
vn -0.335 0.0 0.9422
vn -0.335 0.0 0.9422
vn -0.335 0.0 0.9422
vn -0.335 0.0 0.9422
vn -0.335 0.0 0.9422
vn -0.335 0.0 0.9422
vn -0.1675 -0.866 0.4711
vn -0.1675 -0.866 0.4711
vn -0.1675 -0.866 0.4711
vn -0.1675 -0.866 0.4711
vn -0.1675 -0.866 0.4711
vn -0.1675 -0.866 0.4711
vn 0.1675 -0.866 -0.4711
vn 0.1675 -0.866 -0.4711
vn 0.1675 -0.866 -0.4711
vn 0.1675 -0.866 -0.4711
vn 0.1675 -0.866 -0.4711
vn 0.1675 -0.866 -0.4711
vn 0.335 0.0 -0.9422
vn 0.335 0.0 -0.9422
vn 0.335 0.0 -0.9422
vn 0.335 0.0 -0.9422
vn 0.335 0.0 -0.9422
vn 0.335 0.0 -0.9422
vn 0.1675 0.866 -0.4711
vn 0.1675 0.866 -0.4711
vn 0.1675 0.866 -0.4711
vn 0.1675 0.866 -0.4711
vn 0.1675 0.866 -0.4711
vn 0.1675 0.866 -0.4711
vn -0.9422 0.0 -0.335
vn -0.9422 0.0 -0.335
vn -0.9422 0.0 -0.335
vn -0.9422 0.0 -0.335
vn -0.9422 0.0 -0.335
vn -0.9422 0.0 -0.335
vn -0.9422 0.0 -0.335
vn -0.9422 0.0 -0.335
vn -0.9422 0.0 -0.335
vn -0.9422 0.0 -0.335
vn -0.9422 0.0 -0.335
vn -0.9422 0.0 -0.335
vn 0.9422 0.0 0.335
vn 0.9422 0.0 0.335
vn 0.9422 0.0 0.335
vn 0.9422 0.0 0.335
vn 0.9422 0.0 0.335
vn 0.9422 0.0 0.335
vn 0.9422 0.0 0.335
vn 0.9422 0.0 0.335
vn 0.9422 0.0 0.335
vn 0.9422 0.0 0.335
vn 0.9422 0.0 0.335
vn 0.9422 0.0 0.335
vn -0.2004 0.866 0.4581
vn -0.2004 0.866 0.4581
vn -0.2004 0.866 0.4581
vn -0.2004 0.866 0.4581
vn -0.2004 0.866 0.4581
vn -0.2004 0.866 0.4581
vn -0.4008 0.0 0.9162
vn -0.4008 0.0 0.9162
vn -0.4008 0.0 0.9162
vn -0.4008 0.0 0.9162
vn -0.4008 0.0 0.9162
vn -0.4008 0.0 0.9162
vn -0.2004 -0.866 0.4581
vn -0.2004 -0.866 0.4581
vn -0.2004 -0.866 0.4581
vn -0.2004 -0.866 0.4581
vn -0.2004 -0.866 0.4581
vn -0.2004 -0.866 0.4581
vn 0.2004 -0.866 -0.4581
vn 0.2004 -0.866 -0.4581
vn 0.2004 -0.866 -0.4581
vn 0.2004 -0.866 -0.4581
vn 0.2004 -0.866 -0.4581
vn 0.2004 -0.866 -0.4581
vn 0.4008 0.0 -0.9162
vn 0.4008 0.0 -0.9162
vn 0.4008 0.0 -0.9162
vn 0.4008 0.0 -0.9162
vn 0.4008 0.0 -0.9162
vn 0.4008 0.0 -0.9162
vn 0.2004 0.866 -0.4581
vn 0.2004 0.866 -0.4581
vn 0.2004 0.866 -0.4581
vn 0.2004 0.866 -0.4581
vn 0.2004 0.866 -0.4581
vn 0.2004 0.866 -0.4581
vn -0.9162 0.0 -0.4008
vn -0.9162 0.0 -0.4008
vn -0.9162 0.0 -0.4008
vn -0.9162 0.0 -0.4008
vn -0.9162 0.0 -0.4008
vn -0.9162 0.0 -0.4008
vn -0.9162 0.0 -0.4008
vn -0.9162 0.0 -0.4008
vn -0.9162 0.0 -0.4008
vn -0.9162 0.0 -0.4008
vn -0.9162 0.0 -0.4008
vn -0.9162 0.0 -0.4008
vn 0.9162 0.0 0.4008
vn 0.9162 0.0 0.4008
vn 0.9162 0.0 0.4008
vn 0.9162 0.0 0.4008
vn 0.9162 0.0 0.4008
vn 0.9162 0.0 0.4008
vn 0.9162 0.0 0.4008
vn 0.9162 0.0 0.4008
vn 0.9162 0.0 0.4008
vn 0.9162 0.0 0.4008
vn 0.9162 0.0 0.4008
vn 0.9162 0.0 0.4008
vn -0.2239 0.866 0.4471
vn -0.2239 0.866 0.4471
vn -0.2239 0.866 0.4471
vn -0.2239 0.866 0.4471
vn -0.2239 0.866 0.4471
vn -0.2239 0.866 0.4471
vn -0.4479 0.0 0.8941
vn -0.4479 0.0 0.8941
vn -0.4479 0.0 0.8941
vn -0.4479 0.0 0.8941
vn -0.4479 0.0 0.8941
vn -0.4479 0.0 0.8941
vn -0.2239 -0.866 0.4471
vn -0.2239 -0.866 0.4471
vn -0.2239 -0.866 0.4471
vn -0.2239 -0.866 0.4471
vn -0.2239 -0.866 0.4471
vn -0.2239 -0.866 0.4471
vn 0.2239 -0.866 -0.4471
vn 0.2239 -0.866 -0.4471
vn 0.2239 -0.866 -0.4471
vn 0.2239 -0.866 -0.4471
vn 0.2239 -0.866 -0.4471
vn 0.2239 -0.866 -0.4471
vn 0.4479 0.0 -0.8941
vn 0.4479 0.0 -0.8941
vn 0.4479 0.0 -0.8941
vn 0.4479 0.0 -0.8941
vn 0.4479 0.0 -0.8941
vn 0.4479 0.0 -0.8941
vn 0.2239 0.866 -0.4471
vn 0.2239 0.866 -0.4471
vn 0.2239 0.866 -0.4471
vn 0.2239 0.866 -0.4471
vn 0.2239 0.866 -0.4471
vn 0.2239 0.866 -0.4471
vn -0.8941 0.0 -0.4479
vn -0.8941 0.0 -0.4479
vn -0.8941 0.0 -0.4479
vn -0.8941 0.0 -0.4479
vn -0.8941 0.0 -0.4479
vn -0.8941 0.0 -0.4479
vn -0.8941 0.0 -0.4479
vn -0.8941 0.0 -0.4479
vn -0.8941 0.0 -0.4479
vn -0.8941 0.0 -0.4479
vn -0.8941 0.0 -0.4479
vn -0.8941 0.0 -0.4479
vn 0.8941 0.0 0.4479
vn 0.8941 0.0 0.4479
vn 0.8941 0.0 0.4479
vn 0.8941 0.0 0.4479
vn 0.8941 0.0 0.4479
vn 0.8941 0.0 0.4479
vn 0.8941 0.0 0.4479
vn 0.8941 0.0 0.4479
vn 0.8941 0.0 0.4479
vn 0.8941 0.0 0.4479
vn 0.8941 0.0 0.4479
vn 0.8941 0.0 0.4479
vn -0.2423 0.866 0.4374
vn -0.2423 0.866 0.4374
vn -0.2423 0.866 0.4374
vn -0.2423 0.866 0.4374
vn -0.2423 0.866 0.4374
vn -0.2423 0.866 0.4374
vn -0.4846 0.0 0.8747
vn -0.4846 0.0 0.8747
vn -0.4846 0.0 0.8747
vn -0.4846 0.0 0.8747
vn -0.4846 0.0 0.8747
vn -0.4846 0.0 0.8747
vn -0.2423 -0.866 0.4374
vn -0.2423 -0.866 0.4374
vn -0.2423 -0.866 0.4374
vn -0.2423 -0.866 0.4374
vn -0.2423 -0.866 0.4374
vn -0.2423 -0.866 0.4374
vn 0.2423 -0.866 -0.4374
vn 0.2423 -0.866 -0.4374
vn 0.2423 -0.866 -0.4374
vn 0.2423 -0.866 -0.4374
vn 0.2423 -0.866 -0.4374
vn 0.2423 -0.866 -0.4374
vn 0.4846 0.0 -0.8747
vn 0.4846 0.0 -0.8747
vn 0.4846 0.0 -0.8747
vn 0.4846 0.0 -0.8747
vn 0.4846 0.0 -0.8747
vn 0.4846 0.0 -0.8747
vn 0.2423 0.866 -0.4374
vn 0.2423 0.866 -0.4374
vn 0.2423 0.866 -0.4374
vn 0.2423 0.866 -0.4374
vn 0.2423 0.866 -0.4374
vn 0.2423 0.866 -0.4374
vn -0.8747 0.0 -0.4846
vn -0.8747 0.0 -0.4846
vn -0.8747 0.0 -0.4846
vn -0.8747 0.0 -0.4846
vn -0.8747 0.0 -0.4846
vn -0.8747 0.0 -0.4846
vn -0.8747 0.0 -0.4846
vn -0.8747 0.0 -0.4846
vn -0.8747 0.0 -0.4846
vn -0.8747 0.0 -0.4846
vn -0.8747 0.0 -0.4846
vn -0.8747 0.0 -0.4846
vn 0.8747 0.0 0.4846
vn 0.8747 0.0 0.4846
vn 0.8747 0.0 0.4846
vn 0.8747 0.0 0.4846
vn 0.8747 0.0 0.4846
vn 0.8747 0.0 0.4846
vn 0.8747 0.0 0.4846
vn 0.8747 0.0 0.4846
vn 0.8747 0.0 0.4846
vn 0.8747 0.0 0.4846
vn 0.8747 0.0 0.4846
vn 0.8747 0.0 0.4846
vn -0.2574 0.866 0.4287
vn -0.2574 0.866 0.4287
vn -0.2574 0.866 0.4287
vn -0.2574 0.866 0.4287
vn -0.2574 0.866 0.4287
vn -0.2574 0.866 0.4287
vn -0.5148 0.0 0.8573
vn -0.5148 0.0 0.8573
vn -0.5148 0.0 0.8573
vn -0.5148 0.0 0.8573
vn -0.5148 0.0 0.8573
vn -0.5148 0.0 0.8573
vn -0.2574 -0.866 0.4287
vn -0.2574 -0.866 0.4287
vn -0.2574 -0.866 0.4287
vn -0.2574 -0.866 0.4287
vn -0.2574 -0.866 0.4287
vn -0.2574 -0.866 0.4287
vn 0.2574 -0.866 -0.4287
vn 0.2574 -0.866 -0.4287
vn 0.2574 -0.866 -0.4287
vn 0.2574 -0.866 -0.4287
vn 0.2574 -0.866 -0.4287
vn 0.2574 -0.866 -0.4287
vn 0.5148 0.0 -0.8573
vn 0.5148 0.0 -0.8573
vn 0.5148 0.0 -0.8573
vn 0.5148 0.0 -0.8573
vn 0.5148 0.0 -0.8573
vn 0.5148 0.0 -0.8573
vn 0.2574 0.866 -0.4287
vn 0.2574 0.866 -0.4287
vn 0.2574 0.866 -0.4287
vn 0.2574 0.866 -0.4287
vn 0.2574 0.866 -0.4287
vn 0.2574 0.866 -0.4287
vn -0.8573 0.0 -0.5148
vn -0.8573 0.0 -0.5148
vn -0.8573 0.0 -0.5148
vn -0.8573 0.0 -0.5148
vn -0.8573 0.0 -0.5148
vn -0.8573 0.0 -0.5148
vn -0.8573 0.0 -0.5148
vn -0.8573 0.0 -0.5148
vn -0.8573 0.0 -0.5148
vn -0.8573 0.0 -0.5148
vn -0.8573 0.0 -0.5148
vn -0.8573 0.0 -0.5148
vn 0.8573 0.0 0.5148
vn 0.8573 0.0 0.5148
vn 0.8573 0.0 0.5148
vn 0.8573 0.0 0.5148
vn 0.8573 0.0 0.5148
vn 0.8573 0.0 0.5148
vn 0.8573 0.0 0.5148
vn 0.8573 0.0 0.5148
vn 0.8573 0.0 0.5148
vn 0.8573 0.0 0.5148
vn 0.8573 0.0 0.5148
vn 0.8573 0.0 0.5148
vn -0.2701 0.866 0.4208
vn -0.2701 0.866 0.4208
vn -0.2701 0.866 0.4208
vn -0.2701 0.866 0.4208
vn -0.2701 0.866 0.4208
vn -0.2701 0.866 0.4208
vn -0.5402 0.0 0.8415
vn -0.5402 0.0 0.8415
vn -0.5402 0.0 0.8415
vn -0.5402 0.0 0.8415
vn -0.5402 0.0 0.8415
vn -0.5402 0.0 0.8415
vn -0.2701 -0.866 0.4208
vn -0.2701 -0.866 0.4208
vn -0.2701 -0.866 0.4208
vn -0.2701 -0.866 0.4208
vn -0.2701 -0.866 0.4208
vn -0.2701 -0.866 0.4208
vn 0.2701 -0.866 -0.4208
vn 0.2701 -0.866 -0.4208
vn 0.2701 -0.866 -0.4208
vn 0.2701 -0.866 -0.4208
vn 0.2701 -0.866 -0.4208
vn 0.2701 -0.866 -0.4208
vn 0.5402 0.0 -0.8415
vn 0.5402 0.0 -0.8415
vn 0.5402 0.0 -0.8415
vn 0.5402 0.0 -0.8415
vn 0.5402 0.0 -0.8415
vn 0.5402 0.0 -0.8415
vn 0.2701 0.866 -0.4208
vn 0.2701 0.866 -0.4208
vn 0.2701 0.866 -0.4208
vn 0.2701 0.866 -0.4208
vn 0.2701 0.866 -0.4208
vn 0.2701 0.866 -0.4208
vn -0.8415 0.0 -0.5402
vn -0.8415 0.0 -0.5402
vn -0.8415 0.0 -0.5402
vn -0.8415 0.0 -0.5402
vn -0.8415 0.0 -0.5402
vn -0.8415 0.0 -0.5402
vn -0.8415 0.0 -0.5402
vn -0.8415 0.0 -0.5402
vn -0.8415 0.0 -0.5402
vn -0.8415 0.0 -0.5402
vn -0.8415 0.0 -0.5402
vn -0.8415 0.0 -0.5402
vn 0.8415 0.0 0.5402
vn 0.8415 0.0 0.5402
vn 0.8415 0.0 0.5402
vn 0.8415 0.0 0.5402
vn 0.8415 0.0 0.5402
vn 0.8415 0.0 0.5402
vn 0.8415 0.0 0.5402
vn 0.8415 0.0 0.5402
vn 0.8415 0.0 0.5402
vn 0.8415 0.0 0.5402
vn 0.8415 0.0 0.5402
vn 0.8415 0.0 0.5402
vn -0.2811 0.866 0.4135
vn -0.2811 0.866 0.4135
vn -0.2811 0.866 0.4135
vn -0.2811 0.866 0.4135
vn -0.2811 0.866 0.4135
vn -0.2811 0.866 0.4135
vn -0.5622 0.0 0.827
vn -0.5622 0.0 0.827
vn -0.5622 0.0 0.827
vn -0.5622 0.0 0.827
vn -0.5622 0.0 0.827
vn -0.5622 0.0 0.827
vn -0.2811 -0.866 0.4135
vn -0.2811 -0.866 0.4135
vn -0.2811 -0.866 0.4135
vn -0.2811 -0.866 0.4135
vn -0.2811 -0.866 0.4135
vn -0.2811 -0.866 0.4135
vn 0.2811 -0.866 -0.4135
vn 0.2811 -0.866 -0.4135
vn 0.2811 -0.866 -0.4135
vn 0.2811 -0.866 -0.4135
vn 0.2811 -0.866 -0.4135
vn 0.2811 -0.866 -0.4135
vn 0.5622 0.0 -0.827
vn 0.5622 0.0 -0.827
vn 0.5622 0.0 -0.827
vn 0.5622 0.0 -0.827
vn 0.5622 0.0 -0.827
vn 0.5622 0.0 -0.827
vn 0.2811 0.866 -0.4135
vn 0.2811 0.866 -0.4135
vn 0.2811 0.866 -0.4135
vn 0.2811 0.866 -0.4135
vn 0.2811 0.866 -0.4135
vn 0.2811 0.866 -0.4135
vn -0.827 0.0 -0.5622
vn -0.827 0.0 -0.5622
vn -0.827 0.0 -0.5622
vn -0.827 0.0 -0.5622
vn -0.827 0.0 -0.5622
vn -0.827 0.0 -0.5622
vn -0.827 0.0 -0.5622
vn -0.827 0.0 -0.5622
vn -0.827 0.0 -0.5622
vn -0.827 0.0 -0.5622
vn -0.827 0.0 -0.5622
vn -0.827 0.0 -0.5622
vn 0.827 0.0 0.5622
vn 0.827 0.0 0.5622
vn 0.827 0.0 0.5622
vn 0.827 0.0 0.5622
vn 0.827 0.0 0.5622
vn 0.827 0.0 0.5622
vn 0.827 0.0 0.5622
vn 0.827 0.0 0.5622
vn 0.827 0.0 0.5622
vn 0.827 0.0 0.5622
vn 0.827 0.0 0.5622
vn 0.827 0.0 0.5622
vn -0.4363 0.866 0.2443
vn -0.4363 0.866 0.2443
vn -0.4363 0.866 0.2443
vn -0.4363 0.866 0.2443
vn -0.4363 0.866 0.2443
vn -0.4363 0.866 0.2443
vn -0.8725 0.0 0.4886
vn -0.8725 0.0 0.4886
vn -0.8725 0.0 0.4886
vn -0.8725 0.0 0.4886
vn -0.8725 0.0 0.4886
vn -0.8725 0.0 0.4886
vn -0.4363 -0.866 0.2443
vn -0.4363 -0.866 0.2443
vn -0.4363 -0.866 0.2443
vn -0.4363 -0.866 0.2443
vn -0.4363 -0.866 0.2443
vn -0.4363 -0.866 0.2443
vn 0.4363 -0.866 -0.2443
vn 0.4363 -0.866 -0.2443
vn 0.4363 -0.866 -0.2443
vn 0.4363 -0.866 -0.2443
vn 0.4363 -0.866 -0.2443
vn 0.4363 -0.866 -0.2443
vn 0.8725 0.0 -0.4886
vn 0.8725 0.0 -0.4886
vn 0.8725 0.0 -0.4886
vn 0.8725 0.0 -0.4886
vn 0.8725 0.0 -0.4886
vn 0.8725 0.0 -0.4886
vn 0.4363 0.866 -0.2443
vn 0.4363 0.866 -0.2443
vn 0.4363 0.866 -0.2443
vn 0.4363 0.866 -0.2443
vn 0.4363 0.866 -0.2443
vn 0.4363 0.866 -0.2443
vn -0.4886 0.0 -0.8725
vn -0.4886 0.0 -0.8725
vn -0.4886 0.0 -0.8725
vn -0.4886 0.0 -0.8725
vn -0.4886 0.0 -0.8725
vn -0.4886 0.0 -0.8725
vn -0.4886 0.0 -0.8725
vn -0.4886 0.0 -0.8725
vn -0.4886 0.0 -0.8725
vn -0.4886 0.0 -0.8725
vn -0.4886 0.0 -0.8725
vn -0.4886 0.0 -0.8725
vn 0.4886 0.0 0.8725
vn 0.4886 0.0 0.8725
vn 0.4886 0.0 0.8725
vn 0.4886 0.0 0.8725
vn 0.4886 0.0 0.8725
vn 0.4886 0.0 0.8725
vn 0.4886 0.0 0.8725
vn 0.4886 0.0 0.8725
vn 0.4886 0.0 0.8725
vn 0.4886 0.0 0.8725
vn 0.4886 0.0 0.8725
vn 0.4886 0.0 0.8725
vn 1.0 0.0 0.0
vn 1.0 0.0 0.0
vn 1.0 0.0 0.0
vn 1.0 0.0 0.0
vn 1.0 0.0 0.0
vn 1.0 0.0 0.0
vn -1.0 0.0 0.0
vn -1.0 0.0 0.0
vn -1.0 0.0 0.0
vn -1.0 0.0 0.0
vn -1.0 0.0 0.0
vn -1.0 0.0 0.0
vn 0.0 1.0 0.0
vn 0.0 1.0 0.0
vn 0.0 1.0 0.0
vn 0.0 1.0 0.0
vn 0.0 1.0 0.0
vn 0.0 1.0 0.0
vn 0.0 -1.0 0.0
vn 0.0 -1.0 0.0
vn 0.0 -1.0 0.0
vn 0.0 -1.0 0.0
vn 0.0 -1.0 0.0
vn 0.0 -1.0 0.0
vn 0.0 0.0 1.0
vn 0.0 0.0 1.0
vn 0.0 0.0 1.0
vn 0.0 0.0 1.0
vn 0.0 0.0 1.0
vn 0.0 0.0 1.0
vn 0.0 0.0 -1.0
vn 0.0 0.0 -1.0
vn 0.0 0.0 -1.0
vn 0.0 0.0 -1.0
vn 0.0 0.0 -1.0
vn 0.0 0.0 -1.0
vn 1.0 0.0 0.0
vn 1.0 0.0 0.0
vn 1.0 0.0 0.0
vn 1.0 0.0 0.0
vn 1.0 0.0 0.0
vn 1.0 0.0 0.0
vn -1.0 0.0 0.0
vn -1.0 0.0 0.0
vn -1.0 0.0 0.0
vn -1.0 0.0 0.0
vn -1.0 0.0 0.0
vn -1.0 0.0 0.0
vn 0.0 1.0 0.0
vn 0.0 1.0 0.0
vn 0.0 1.0 0.0
vn 0.0 1.0 0.0
vn 0.0 1.0 0.0
vn 0.0 1.0 0.0
vn 0.0 -1.0 0.0
vn 0.0 -1.0 0.0
vn 0.0 -1.0 0.0
vn 0.0 -1.0 0.0
vn 0.0 -1.0 0.0
vn 0.0 -1.0 0.0
vn 0.0 0.0 1.0
vn 0.0 0.0 1.0
vn 0.0 0.0 1.0
vn 0.0 0.0 1.0
vn 0.0 0.0 1.0
vn 0.0 0.0 1.0
vn 0.0 0.0 -1.0
vn 0.0 0.0 -1.0
vn 0.0 0.0 -1.0
vn 0.0 0.0 -1.0
vn 0.0 0.0 -1.0
vn 0.0 0.0 -1.0
vn 1.0 0.0 0.0
vn 1.0 0.0 0.0
vn 1.0 0.0 0.0
vn 1.0 0.0 0.0
vn 1.0 0.0 0.0
vn 1.0 0.0 0.0
vn -1.0 0.0 0.0
vn -1.0 0.0 0.0
vn -1.0 0.0 0.0
vn -1.0 0.0 0.0
vn -1.0 0.0 0.0
vn -1.0 0.0 0.0
vn 0.0 1.0 0.0
vn 0.0 1.0 0.0
vn 0.0 1.0 0.0
vn 0.0 1.0 0.0
vn 0.0 1.0 0.0
vn 0.0 1.0 0.0
vn 0.0 -1.0 0.0
vn 0.0 -1.0 0.0
vn 0.0 -1.0 0.0
vn 0.0 -1.0 0.0
vn 0.0 -1.0 0.0
vn 0.0 -1.0 0.0
vn 0.0 0.0 1.0
vn 0.0 0.0 1.0
vn 0.0 0.0 1.0
vn 0.0 0.0 1.0
vn 0.0 0.0 1.0
vn 0.0 0.0 1.0
vn 0.0 0.0 -1.0
vn 0.0 0.0 -1.0
vn 0.0 0.0 -1.0
vn 0.0 0.0 -1.0
vn 0.0 0.0 -1.0
vn 0.0 0.0 -1.0
vn 1.0 0.0 0.0
vn 1.0 0.0 0.0
vn 1.0 0.0 0.0
vn 1.0 0.0 0.0
vn 1.0 0.0 0.0
vn 1.0 0.0 0.0
vn -1.0 0.0 0.0
vn -1.0 0.0 0.0
vn -1.0 0.0 0.0
vn -1.0 0.0 0.0
vn -1.0 0.0 0.0
vn -1.0 0.0 0.0
vn 0.0 1.0 0.0
vn 0.0 1.0 0.0
vn 0.0 1.0 0.0
vn 0.0 1.0 0.0
vn 0.0 1.0 0.0
vn 0.0 1.0 0.0
vn 0.0 -1.0 0.0
vn 0.0 -1.0 0.0
vn 0.0 -1.0 0.0
vn 0.0 -1.0 0.0
vn 0.0 -1.0 0.0
vn 0.0 -1.0 0.0
vn 0.0 0.0 1.0
vn 0.0 0.0 1.0
vn 0.0 0.0 1.0
vn 0.0 0.0 1.0
vn 0.0 0.0 1.0
vn 0.0 0.0 1.0
vn 0.0 0.0 -1.0
vn 0.0 0.0 -1.0
vn 0.0 0.0 -1.0
vn 0.0 0.0 -1.0
vn 0.0 0.0 -1.0
vn 0.0 0.0 -1.0
vn 1.0 0.0 0.0
vn 1.0 0.0 0.0
vn 1.0 0.0 0.0
vn 1.0 0.0 0.0
vn 1.0 0.0 0.0
vn 1.0 0.0 0.0
vn -1.0 0.0 0.0
vn -1.0 0.0 0.0
vn -1.0 0.0 0.0
vn -1.0 0.0 0.0
vn -1.0 0.0 0.0
vn -1.0 0.0 0.0
vn 0.0 1.0 0.0
vn 0.0 1.0 0.0
vn 0.0 1.0 0.0
vn 0.0 1.0 0.0
vn 0.0 1.0 0.0
vn 0.0 1.0 0.0
vn 0.0 -1.0 0.0
vn 0.0 -1.0 0.0
vn 0.0 -1.0 0.0
vn 0.0 -1.0 0.0
vn 0.0 -1.0 0.0
vn 0.0 -1.0 0.0
vn 0.0 0.0 1.0
vn 0.0 0.0 1.0
vn 0.0 0.0 1.0
vn 0.0 0.0 1.0
vn 0.0 0.0 1.0
vn 0.0 0.0 1.0
vn 0.0 0.0 -1.0
vn 0.0 0.0 -1.0
vn 0.0 0.0 -1.0
vn 0.0 0.0 -1.0
vn 0.0 0.0 -1.0
vn 0.0 0.0 -1.0
vn 1.0 0.0 0.0
vn 1.0 0.0 0.0
vn 1.0 0.0 0.0
vn 1.0 0.0 0.0
vn 1.0 0.0 0.0
vn 1.0 0.0 0.0
vn -1.0 0.0 0.0
vn -1.0 0.0 0.0
vn -1.0 0.0 0.0
vn -1.0 0.0 0.0
vn -1.0 0.0 0.0
vn -1.0 0.0 0.0
vn 0.0 1.0 0.0
vn 0.0 1.0 0.0
vn 0.0 1.0 0.0
vn 0.0 1.0 0.0
vn 0.0 1.0 0.0
vn 0.0 1.0 0.0
vn 0.0 -1.0 0.0
vn 0.0 -1.0 0.0
vn 0.0 -1.0 0.0
vn 0.0 -1.0 0.0
vn 0.0 -1.0 0.0
vn 0.0 -1.0 0.0
vn 0.0 0.0 1.0
vn 0.0 0.0 1.0
vn 0.0 0.0 1.0
vn 0.0 0.0 1.0
vn 0.0 0.0 1.0
vn 0.0 0.0 1.0
vn 0.0 0.0 -1.0
vn 0.0 0.0 -1.0
vn 0.0 0.0 -1.0
vn 0.0 0.0 -1.0
vn 0.0 0.0 -1.0
vn 0.0 0.0 -1.0
vn 1.0 0.0 0.0
vn 1.0 0.0 0.0
vn 1.0 0.0 0.0
vn 1.0 0.0 0.0
vn 1.0 0.0 0.0
vn 1.0 0.0 0.0
vn -1.0 0.0 0.0
vn -1.0 0.0 0.0
vn -1.0 0.0 0.0
vn -1.0 0.0 0.0
vn -1.0 0.0 0.0
vn -1.0 0.0 0.0
vn 0.0 1.0 0.0
vn 0.0 1.0 0.0
vn 0.0 1.0 0.0
vn 0.0 1.0 0.0
vn 0.0 1.0 0.0
vn 0.0 1.0 0.0
vn 0.0 -1.0 0.0
vn 0.0 -1.0 0.0
vn 0.0 -1.0 0.0
vn 0.0 -1.0 0.0
vn 0.0 -1.0 0.0
vn 0.0 -1.0 0.0
vn 0.0 0.0 1.0
vn 0.0 0.0 1.0
vn 0.0 0.0 1.0
vn 0.0 0.0 1.0
vn 0.0 0.0 1.0
vn 0.0 0.0 1.0
vn 0.0 0.0 -1.0
vn 0.0 0.0 -1.0
vn 0.0 0.0 -1.0
vn 0.0 0.0 -1.0
vn 0.0 0.0 -1.0
vn 0.0 0.0 -1.0
vn 1.0 0.0 0.0
vn 1.0 0.0 0.0
vn 1.0 0.0 0.0
vn 1.0 0.0 0.0
vn 1.0 0.0 0.0
vn 1.0 0.0 0.0
vn -1.0 0.0 0.0
vn -1.0 0.0 0.0
vn -1.0 0.0 0.0
vn -1.0 0.0 0.0
vn -1.0 0.0 0.0
vn -1.0 0.0 0.0
vn 0.0 1.0 0.0
vn 0.0 1.0 0.0
vn 0.0 1.0 0.0
vn 0.0 1.0 0.0
vn 0.0 1.0 0.0
vn 0.0 1.0 0.0
vn 0.0 -1.0 0.0
vn 0.0 -1.0 0.0
vn 0.0 -1.0 0.0
vn 0.0 -1.0 0.0
vn 0.0 -1.0 0.0
vn 0.0 -1.0 0.0
vn 0.0 0.0 1.0
vn 0.0 0.0 1.0
vn 0.0 0.0 1.0
vn 0.0 0.0 1.0
vn 0.0 0.0 1.0
vn 0.0 0.0 1.0
vn 0.0 0.0 -1.0
vn 0.0 0.0 -1.0
vn 0.0 0.0 -1.0
vn 0.0 0.0 -1.0
vn 0.0 0.0 -1.0
vn 0.0 0.0 -1.0
vn 1.0 0.0 0.0
vn 1.0 0.0 0.0
vn 1.0 0.0 0.0
vn 1.0 0.0 0.0
vn 1.0 0.0 0.0
vn 1.0 0.0 0.0
vn -1.0 0.0 0.0
vn -1.0 0.0 0.0
vn -1.0 0.0 0.0
vn -1.0 0.0 0.0
vn -1.0 0.0 0.0
vn -1.0 0.0 0.0
vn 0.0 1.0 0.0
vn 0.0 1.0 0.0
vn 0.0 1.0 0.0
vn 0.0 1.0 0.0
vn 0.0 1.0 0.0
vn 0.0 1.0 0.0
vn 0.0 -1.0 0.0
vn 0.0 -1.0 0.0
vn 0.0 -1.0 0.0
vn 0.0 -1.0 0.0
vn 0.0 -1.0 0.0
vn 0.0 -1.0 0.0
vn 0.0 0.0 1.0
vn 0.0 0.0 1.0
vn 0.0 0.0 1.0
vn 0.0 0.0 1.0
vn 0.0 0.0 1.0
vn 0.0 0.0 1.0
vn 0.0 0.0 -1.0
vn 0.0 0.0 -1.0
vn 0.0 0.0 -1.0
vn 0.0 0.0 -1.0
vn 0.0 0.0 -1.0
vn 0.0 0.0 -1.0
vn 1.0 0.0 0.0
vn 1.0 0.0 0.0
vn 1.0 0.0 0.0
vn 1.0 0.0 0.0
vn 1.0 0.0 0.0
vn 1.0 0.0 0.0
vn -1.0 0.0 0.0
vn -1.0 0.0 0.0
vn -1.0 0.0 0.0
vn -1.0 0.0 0.0
vn -1.0 0.0 0.0
vn -1.0 0.0 0.0
vn 0.0 1.0 0.0
vn 0.0 1.0 0.0
vn 0.0 1.0 0.0
vn 0.0 1.0 0.0
vn 0.0 1.0 0.0
vn 0.0 1.0 0.0
vn 0.0 -1.0 0.0
vn 0.0 -1.0 0.0
vn 0.0 -1.0 0.0
vn 0.0 -1.0 0.0
vn 0.0 -1.0 0.0
vn 0.0 -1.0 0.0
vn 0.0 0.0 1.0
vn 0.0 0.0 1.0
vn 0.0 0.0 1.0
vn 0.0 0.0 1.0
vn 0.0 0.0 1.0
vn 0.0 0.0 1.0
vn 0.0 0.0 -1.0
vn 0.0 0.0 -1.0
vn 0.0 0.0 -1.0
vn 0.0 0.0 -1.0
vn 0.0 0.0 -1.0
vn 0.0 0.0 -1.0
vn 1.0 0.0 0.0
vn 1.0 0.0 0.0
vn 1.0 0.0 0.0
vn 1.0 0.0 0.0
vn 1.0 0.0 0.0
vn 1.0 0.0 0.0
vn -1.0 0.0 0.0
vn -1.0 0.0 0.0
vn -1.0 0.0 0.0
vn -1.0 0.0 0.0
vn -1.0 0.0 0.0
vn -1.0 0.0 0.0
vn 0.0 1.0 0.0
vn 0.0 1.0 0.0
vn 0.0 1.0 0.0
vn 0.0 1.0 0.0
vn 0.0 1.0 0.0
vn 0.0 1.0 0.0
vn 0.0 -1.0 0.0
vn 0.0 -1.0 0.0
vn 0.0 -1.0 0.0
vn 0.0 -1.0 0.0
vn 0.0 -1.0 0.0
vn 0.0 -1.0 0.0
vn 0.0 0.0 1.0
vn 0.0 0.0 1.0
vn 0.0 0.0 1.0
vn 0.0 0.0 1.0
vn 0.0 0.0 1.0
vn 0.0 0.0 1.0
vn 0.0 0.0 -1.0
vn 0.0 0.0 -1.0
vn 0.0 0.0 -1.0
vn 0.0 0.0 -1.0
vn 0.0 0.0 -1.0
vn 0.0 0.0 -1.0
vn 1.0 0.0 0.0
vn 1.0 0.0 0.0
vn 1.0 0.0 0.0
vn 1.0 0.0 0.0
vn 1.0 0.0 0.0
vn 1.0 0.0 0.0
vn -1.0 0.0 0.0
vn -1.0 0.0 0.0
vn -1.0 0.0 0.0
vn -1.0 0.0 0.0
vn -1.0 0.0 0.0
vn -1.0 0.0 0.0
vn 0.0 1.0 0.0
vn 0.0 1.0 0.0
vn 0.0 1.0 0.0
vn 0.0 1.0 0.0
vn 0.0 1.0 0.0
vn 0.0 1.0 0.0
vn 0.0 -1.0 0.0
vn 0.0 -1.0 0.0
vn 0.0 -1.0 0.0
vn 0.0 -1.0 0.0
vn 0.0 -1.0 0.0
vn 0.0 -1.0 0.0
vn 0.0 0.0 1.0
vn 0.0 0.0 1.0
vn 0.0 0.0 1.0
vn 0.0 0.0 1.0
vn 0.0 0.0 1.0
vn 0.0 0.0 1.0
vn 0.0 0.0 -1.0
vn 0.0 0.0 -1.0
vn 0.0 0.0 -1.0
vn 0.0 0.0 -1.0
vn 0.0 0.0 -1.0
vn 0.0 0.0 -1.0
vn 1.0 0.0 0.0
vn 1.0 0.0 0.0
vn 1.0 0.0 0.0
vn 1.0 0.0 0.0
vn 1.0 0.0 0.0
vn 1.0 0.0 0.0
vn -1.0 0.0 0.0
vn -1.0 0.0 0.0
vn -1.0 0.0 0.0
vn -1.0 0.0 0.0
vn -1.0 0.0 0.0
vn -1.0 0.0 0.0
vn 0.0 1.0 0.0
vn 0.0 1.0 0.0
vn 0.0 1.0 0.0
vn 0.0 1.0 0.0
vn 0.0 1.0 0.0
vn 0.0 1.0 0.0
vn 0.0 -1.0 0.0
vn 0.0 -1.0 0.0
vn 0.0 -1.0 0.0
vn 0.0 -1.0 0.0
vn 0.0 -1.0 0.0
vn 0.0 -1.0 0.0
vn 0.0 0.0 1.0
vn 0.0 0.0 1.0
vn 0.0 0.0 1.0
vn 0.0 0.0 1.0
vn 0.0 0.0 1.0
vn 0.0 0.0 1.0
vn 0.0 0.0 -1.0
vn 0.0 0.0 -1.0
vn 0.0 0.0 -1.0
vn 0.0 0.0 -1.0
vn 0.0 0.0 -1.0
vn 0.0 0.0 -1.0
vn 1.0 0.0 0.0
vn 1.0 0.0 0.0
vn 1.0 0.0 0.0
vn 1.0 0.0 0.0
vn 1.0 0.0 0.0
vn 1.0 0.0 0.0
vn -1.0 0.0 0.0
vn -1.0 0.0 0.0
vn -1.0 0.0 0.0
vn -1.0 0.0 0.0
vn -1.0 0.0 0.0
vn -1.0 0.0 0.0
vn 0.0 1.0 0.0
vn 0.0 1.0 0.0
vn 0.0 1.0 0.0
vn 0.0 1.0 0.0
vn 0.0 1.0 0.0
vn 0.0 1.0 0.0
vn 0.0 -1.0 0.0
vn 0.0 -1.0 0.0
vn 0.0 -1.0 0.0
vn 0.0 -1.0 0.0
vn 0.0 -1.0 0.0
vn 0.0 -1.0 0.0
vn 0.0 0.0 1.0
vn 0.0 0.0 1.0
vn 0.0 0.0 1.0
vn 0.0 0.0 1.0
vn 0.0 0.0 1.0
vn 0.0 0.0 1.0
vn 0.0 0.0 -1.0
vn 0.0 0.0 -1.0
vn 0.0 0.0 -1.0
vn 0.0 0.0 -1.0
vn 0.0 0.0 -1.0
vn 0.0 0.0 -1.0
vn 1.0 0.0 0.0
vn 1.0 0.0 0.0
vn 1.0 0.0 0.0
vn 1.0 0.0 0.0
vn 1.0 0.0 0.0
vn 1.0 0.0 0.0
vn -1.0 0.0 0.0
vn -1.0 0.0 0.0
vn -1.0 0.0 0.0
vn -1.0 0.0 0.0
vn -1.0 0.0 0.0
vn -1.0 0.0 0.0
vn 0.0 1.0 0.0
vn 0.0 1.0 0.0
vn 0.0 1.0 0.0
vn 0.0 1.0 0.0
vn 0.0 1.0 0.0
vn 0.0 1.0 0.0
vn 0.0 -1.0 0.0
vn 0.0 -1.0 0.0
vn 0.0 -1.0 0.0
vn 0.0 -1.0 0.0
vn 0.0 -1.0 0.0
vn 0.0 -1.0 0.0
vn 0.0 0.0 1.0
vn 0.0 0.0 1.0
vn 0.0 0.0 1.0
vn 0.0 0.0 1.0
vn 0.0 0.0 1.0
vn 0.0 0.0 1.0
vn 0.0 0.0 -1.0
vn 0.0 0.0 -1.0
vn 0.0 0.0 -1.0
vn 0.0 0.0 -1.0
vn 0.0 0.0 -1.0
vn 0.0 0.0 -1.0
vn 1.0 0.0 0.0
vn 1.0 0.0 0.0
vn 1.0 0.0 0.0
vn 1.0 0.0 0.0
vn 1.0 0.0 0.0
vn 1.0 0.0 0.0
vn -1.0 0.0 0.0
vn -1.0 0.0 0.0
vn -1.0 0.0 0.0
vn -1.0 0.0 0.0
vn -1.0 0.0 0.0
vn -1.0 0.0 0.0
vn 0.0 1.0 0.0
vn 0.0 1.0 0.0
vn 0.0 1.0 0.0
vn 0.0 1.0 0.0
vn 0.0 1.0 0.0
vn 0.0 1.0 0.0
vn 0.0 -1.0 0.0
vn 0.0 -1.0 0.0
vn 0.0 -1.0 0.0
vn 0.0 -1.0 0.0
vn 0.0 -1.0 0.0
vn 0.0 -1.0 0.0
vn 0.0 0.0 1.0
vn 0.0 0.0 1.0
vn 0.0 0.0 1.0
vn 0.0 0.0 1.0
vn 0.0 0.0 1.0
vn 0.0 0.0 1.0
vn 0.0 0.0 -1.0
vn 0.0 0.0 -1.0
vn 0.0 0.0 -1.0
vn 0.0 0.0 -1.0
vn 0.0 0.0 -1.0
vn 0.0 0.0 -1.0
vn 1.0 0.0 0.0
vn 1.0 0.0 0.0
vn 1.0 0.0 0.0
vn 1.0 0.0 0.0
vn 1.0 0.0 0.0
vn 1.0 0.0 0.0
vn -1.0 0.0 0.0
vn -1.0 0.0 0.0
vn -1.0 0.0 0.0
vn -1.0 0.0 0.0
vn -1.0 0.0 0.0
vn -1.0 0.0 0.0
vn 0.0 1.0 0.0
vn 0.0 1.0 0.0
vn 0.0 1.0 0.0
vn 0.0 1.0 0.0
vn 0.0 1.0 0.0
vn 0.0 1.0 0.0
vn 0.0 -1.0 0.0
vn 0.0 -1.0 0.0
vn 0.0 -1.0 0.0
vn 0.0 -1.0 0.0
vn 0.0 -1.0 0.0
vn 0.0 -1.0 0.0
vn 0.0 0.0 1.0
vn 0.0 0.0 1.0
vn 0.0 0.0 1.0
vn 0.0 0.0 1.0
vn 0.0 0.0 1.0
vn 0.0 0.0 1.0
vn 0.0 0.0 -1.0
vn 0.0 0.0 -1.0
vn 0.0 0.0 -1.0
vn 0.0 0.0 -1.0
vn 0.0 0.0 -1.0
vn 0.0 0.0 -1.0
vn 1.0 0.0 0.0
vn 1.0 0.0 0.0
vn 1.0 0.0 0.0
vn 1.0 0.0 0.0
vn 1.0 0.0 0.0
vn 1.0 0.0 0.0
vn -1.0 0.0 0.0
vn -1.0 0.0 0.0
vn -1.0 0.0 0.0
vn -1.0 0.0 0.0
vn -1.0 0.0 0.0
vn -1.0 0.0 0.0
vn 0.0 1.0 0.0
vn 0.0 1.0 0.0
vn 0.0 1.0 0.0
vn 0.0 1.0 0.0
vn 0.0 1.0 0.0
vn 0.0 1.0 0.0
vn 0.0 -1.0 0.0
vn 0.0 -1.0 0.0
vn 0.0 -1.0 0.0
vn 0.0 -1.0 0.0
vn 0.0 -1.0 0.0
vn 0.0 -1.0 0.0
vn 0.0 0.0 1.0
vn 0.0 0.0 1.0
vn 0.0 0.0 1.0
vn 0.0 0.0 1.0
vn 0.0 0.0 1.0
vn 0.0 0.0 1.0
vn 0.0 0.0 -1.0
vn 0.0 0.0 -1.0
vn 0.0 0.0 -1.0
vn 0.0 0.0 -1.0
vn 0.0 0.0 -1.0
vn 0.0 0.0 -1.0
vn 1.0 0.0 0.0
vn 1.0 0.0 0.0
vn 1.0 0.0 0.0
vn 1.0 0.0 0.0
vn 1.0 0.0 0.0
vn 1.0 0.0 0.0
vn -1.0 0.0 0.0
vn -1.0 0.0 0.0
vn -1.0 0.0 0.0
vn -1.0 0.0 0.0
vn -1.0 0.0 0.0
vn -1.0 0.0 0.0
vn 0.0 1.0 0.0
vn 0.0 1.0 0.0
vn 0.0 1.0 0.0
vn 0.0 1.0 0.0
vn 0.0 1.0 0.0
vn 0.0 1.0 0.0
vn 0.0 -1.0 0.0
vn 0.0 -1.0 0.0
vn 0.0 -1.0 0.0
vn 0.0 -1.0 0.0
vn 0.0 -1.0 0.0
vn 0.0 -1.0 0.0
vn 0.0 0.0 1.0
vn 0.0 0.0 1.0
vn 0.0 0.0 1.0
vn 0.0 0.0 1.0
vn 0.0 0.0 1.0
vn 0.0 0.0 1.0
vn 0.0 0.0 -1.0
vn 0.0 0.0 -1.0
vn 0.0 0.0 -1.0
vn 0.0 0.0 -1.0
vn 0.0 0.0 -1.0
vn 0.0 0.0 -1.0
vn 1.0 0.0 0.0
vn 1.0 0.0 0.0
vn 1.0 0.0 0.0
vn 1.0 0.0 0.0
vn 1.0 0.0 0.0
vn 1.0 0.0 0.0
vn -1.0 0.0 0.0
vn -1.0 0.0 0.0
vn -1.0 0.0 0.0
vn -1.0 0.0 0.0
vn -1.0 0.0 0.0
vn -1.0 0.0 0.0
vn 0.0 1.0 0.0
vn 0.0 1.0 0.0
vn 0.0 1.0 0.0
vn 0.0 1.0 0.0
vn 0.0 1.0 0.0
vn 0.0 1.0 0.0
vn 0.0 -1.0 0.0
vn 0.0 -1.0 0.0
vn 0.0 -1.0 0.0
vn 0.0 -1.0 0.0
vn 0.0 -1.0 0.0
vn 0.0 -1.0 0.0
vn 0.0 0.0 1.0
vn 0.0 0.0 1.0
vn 0.0 0.0 1.0
vn 0.0 0.0 1.0
vn 0.0 0.0 1.0
vn 0.0 0.0 1.0
vn 0.0 0.0 -1.0
vn 0.0 0.0 -1.0
vn 0.0 0.0 -1.0
vn 0.0 0.0 -1.0
vn 0.0 0.0 -1.0
vn 0.0 0.0 -1.0
vn 1.0 0.0 0.0
vn 1.0 0.0 0.0
vn 1.0 0.0 0.0
vn 1.0 0.0 0.0
vn 1.0 0.0 0.0
vn 1.0 0.0 0.0
vn -1.0 0.0 0.0
vn -1.0 0.0 0.0
vn -1.0 0.0 0.0
vn -1.0 0.0 0.0
vn -1.0 0.0 0.0
vn -1.0 0.0 0.0
vn 0.0 1.0 0.0
vn 0.0 1.0 0.0
vn 0.0 1.0 0.0
vn 0.0 1.0 0.0
vn 0.0 1.0 0.0
vn 0.0 1.0 0.0
vn 0.0 -1.0 0.0
vn 0.0 -1.0 0.0
vn 0.0 -1.0 0.0
vn 0.0 -1.0 0.0
vn 0.0 -1.0 0.0
vn 0.0 -1.0 0.0
vn 0.0 0.0 1.0
vn 0.0 0.0 1.0
vn 0.0 0.0 1.0
vn 0.0 0.0 1.0
vn 0.0 0.0 1.0
vn 0.0 0.0 1.0
vn 0.0 0.0 -1.0
vn 0.0 0.0 -1.0
vn 0.0 0.0 -1.0
vn 0.0 0.0 -1.0
vn 0.0 0.0 -1.0
vn 0.0 0.0 -1.0
vn 1.0 0.0 0.0
vn 1.0 0.0 0.0
vn 1.0 0.0 0.0
vn 1.0 0.0 0.0
vn 1.0 0.0 0.0
vn 1.0 0.0 0.0
vn -1.0 0.0 0.0
vn -1.0 0.0 0.0
vn -1.0 0.0 0.0
vn -1.0 0.0 0.0
vn -1.0 0.0 0.0
vn -1.0 0.0 0.0
vn 0.0 1.0 0.0
vn 0.0 1.0 0.0
vn 0.0 1.0 0.0
vn 0.0 1.0 0.0
vn 0.0 1.0 0.0
vn 0.0 1.0 0.0
vn 0.0 -1.0 0.0
vn 0.0 -1.0 0.0
vn 0.0 -1.0 0.0
vn 0.0 -1.0 0.0
vn 0.0 -1.0 0.0
vn 0.0 -1.0 0.0
vn 0.0 0.0 1.0
vn 0.0 0.0 1.0
vn 0.0 0.0 1.0
vn 0.0 0.0 1.0
vn 0.0 0.0 1.0
vn 0.0 0.0 1.0
vn 0.0 0.0 -1.0
vn 0.0 0.0 -1.0
vn 0.0 0.0 -1.0
vn 0.0 0.0 -1.0
vn 0.0 0.0 -1.0
vn 0.0 0.0 -1.0
vn 1.0 0.0 0.0
vn 1.0 0.0 0.0
vn 1.0 0.0 0.0
vn 1.0 0.0 0.0
vn 1.0 0.0 0.0
vn 1.0 0.0 0.0
vn -1.0 0.0 0.0
vn -1.0 0.0 0.0
vn -1.0 0.0 0.0
vn -1.0 0.0 0.0
vn -1.0 0.0 0.0
vn -1.0 0.0 0.0
vn 0.0 1.0 0.0
vn 0.0 1.0 0.0
vn 0.0 1.0 0.0
vn 0.0 1.0 0.0
vn 0.0 1.0 0.0
vn 0.0 1.0 0.0
vn 0.0 -1.0 0.0
vn 0.0 -1.0 0.0
vn 0.0 -1.0 0.0
vn 0.0 -1.0 0.0
vn 0.0 -1.0 0.0
vn 0.0 -1.0 0.0
vn 0.0 0.0 1.0
vn 0.0 0.0 1.0
vn 0.0 0.0 1.0
vn 0.0 0.0 1.0
vn 0.0 0.0 1.0
vn 0.0 0.0 1.0
vn 0.0 0.0 -1.0
vn 0.0 0.0 -1.0
vn 0.0 0.0 -1.0
vn 0.0 0.0 -1.0
vn 0.0 0.0 -1.0
vn 0.0 0.0 -1.0
vn 1.0 0.0 0.0
vn 1.0 0.0 0.0
vn 1.0 0.0 0.0
vn 1.0 0.0 0.0
vn 1.0 0.0 0.0
vn 1.0 0.0 0.0
vn -1.0 0.0 0.0
vn -1.0 0.0 0.0
vn -1.0 0.0 0.0
vn -1.0 0.0 0.0
vn -1.0 0.0 0.0
vn -1.0 0.0 0.0
vn 0.0 1.0 0.0
vn 0.0 1.0 0.0
vn 0.0 1.0 0.0
vn 0.0 1.0 0.0
vn 0.0 1.0 0.0
vn 0.0 1.0 0.0
vn 0.0 -1.0 0.0
vn 0.0 -1.0 0.0
vn 0.0 -1.0 0.0
vn 0.0 -1.0 0.0
vn 0.0 -1.0 0.0
vn 0.0 -1.0 0.0
vn 0.0 0.0 1.0
vn 0.0 0.0 1.0
vn 0.0 0.0 1.0
vn 0.0 0.0 1.0
vn 0.0 0.0 1.0
vn 0.0 0.0 1.0
vn 0.0 0.0 -1.0
vn 0.0 0.0 -1.0
vn 0.0 0.0 -1.0
vn 0.0 0.0 -1.0
vn 0.0 0.0 -1.0
vn 0.0 0.0 -1.0
vn 1.0 0.0 0.0
vn 1.0 0.0 0.0
vn 1.0 0.0 0.0
vn 1.0 0.0 0.0
vn 1.0 0.0 0.0
vn 1.0 0.0 0.0
vn -1.0 0.0 0.0
vn -1.0 0.0 0.0
vn -1.0 0.0 0.0
vn -1.0 0.0 0.0
vn -1.0 0.0 0.0
vn -1.0 0.0 0.0
vn 0.0 1.0 0.0
vn 0.0 1.0 0.0
vn 0.0 1.0 0.0
vn 0.0 1.0 0.0
vn 0.0 1.0 0.0
vn 0.0 1.0 0.0
vn 0.0 -1.0 0.0
vn 0.0 -1.0 0.0
vn 0.0 -1.0 0.0
vn 0.0 -1.0 0.0
vn 0.0 -1.0 0.0
vn 0.0 -1.0 0.0
vn 0.0 0.0 1.0
vn 0.0 0.0 1.0
vn 0.0 0.0 1.0
vn 0.0 0.0 1.0
vn 0.0 0.0 1.0
vn 0.0 0.0 1.0
vn 0.0 0.0 -1.0
vn 0.0 0.0 -1.0
vn 0.0 0.0 -1.0
vn 0.0 0.0 -1.0
vn 0.0 0.0 -1.0
vn 0.0 0.0 -1.0
vn 1.0 0.0 0.0
vn 1.0 0.0 0.0
vn 1.0 0.0 0.0
vn 1.0 0.0 0.0
vn 1.0 0.0 0.0
vn 1.0 0.0 0.0
vn -1.0 0.0 0.0
vn -1.0 0.0 0.0
vn -1.0 0.0 0.0
vn -1.0 0.0 0.0
vn -1.0 0.0 0.0
vn -1.0 0.0 0.0
vn 0.0 1.0 0.0
vn 0.0 1.0 0.0
vn 0.0 1.0 0.0
vn 0.0 1.0 0.0
vn 0.0 1.0 0.0
vn 0.0 1.0 0.0
vn 0.0 -1.0 0.0
vn 0.0 -1.0 0.0
vn 0.0 -1.0 0.0
vn 0.0 -1.0 0.0
vn 0.0 -1.0 0.0
vn 0.0 -1.0 0.0
vn 0.0 0.0 1.0
vn 0.0 0.0 1.0
vn 0.0 0.0 1.0
vn 0.0 0.0 1.0
vn 0.0 0.0 1.0
vn 0.0 0.0 1.0
vn 0.0 0.0 -1.0
vn 0.0 0.0 -1.0
vn 0.0 0.0 -1.0
vn 0.0 0.0 -1.0
vn 0.0 0.0 -1.0
vn 0.0 0.0 -1.0
vn 1.0 0.0 0.0
vn 1.0 0.0 0.0
vn 1.0 0.0 0.0
vn 1.0 0.0 0.0
vn 1.0 0.0 0.0
vn 1.0 0.0 0.0
vn -1.0 0.0 0.0
vn -1.0 0.0 0.0
vn -1.0 0.0 0.0
vn -1.0 0.0 0.0
vn -1.0 0.0 0.0
vn -1.0 0.0 0.0
vn 0.0 1.0 0.0
vn 0.0 1.0 0.0
vn 0.0 1.0 0.0
vn 0.0 1.0 0.0
vn 0.0 1.0 0.0
vn 0.0 1.0 0.0
vn 0.0 -1.0 0.0
vn 0.0 -1.0 0.0
vn 0.0 -1.0 0.0
vn 0.0 -1.0 0.0
vn 0.0 -1.0 0.0
vn 0.0 -1.0 0.0
vn 0.0 0.0 1.0
vn 0.0 0.0 1.0
vn 0.0 0.0 1.0
vn 0.0 0.0 1.0
vn 0.0 0.0 1.0
vn 0.0 0.0 1.0
vn 0.0 0.0 -1.0
vn 0.0 0.0 -1.0
vn 0.0 0.0 -1.0
vn 0.0 0.0 -1.0
vn 0.0 0.0 -1.0
vn 0.0 0.0 -1.0
vn 1.0 0.0 0.0
vn 1.0 0.0 0.0
vn 1.0 0.0 0.0
vn 1.0 0.0 0.0
vn 1.0 0.0 0.0
vn 1.0 0.0 0.0
vn -1.0 0.0 0.0
vn -1.0 0.0 0.0
vn -1.0 0.0 0.0
vn -1.0 0.0 0.0
vn -1.0 0.0 0.0
vn -1.0 0.0 0.0
vn 0.0 1.0 0.0
vn 0.0 1.0 0.0
vn 0.0 1.0 0.0
vn 0.0 1.0 0.0
vn 0.0 1.0 0.0
vn 0.0 1.0 0.0
vn 0.0 -1.0 0.0
vn 0.0 -1.0 0.0
vn 0.0 -1.0 0.0
vn 0.0 -1.0 0.0
vn 0.0 -1.0 0.0
vn 0.0 -1.0 0.0
vn 0.0 0.0 1.0
vn 0.0 0.0 1.0
vn 0.0 0.0 1.0
vn 0.0 0.0 1.0
vn 0.0 0.0 1.0
vn 0.0 0.0 1.0
vn 0.0 0.0 -1.0
vn 0.0 0.0 -1.0
vn 0.0 0.0 -1.0
vn 0.0 0.0 -1.0
vn 0.0 0.0 -1.0
vn 0.0 0.0 -1.0
vn 0.4955 0.8428 -0.2102
vn 0.4955 0.8428 -0.2102
vn 0.4955 0.8428 -0.2102
vn 0.4955 0.8428 -0.2102
vn 0.4955 0.8428 -0.2102
vn 0.4955 0.8428 -0.2102
vn 0.9909 0.0425 0.1274
vn 0.9909 0.0425 0.1274
vn 0.9909 0.0425 0.1274
vn 0.9909 0.0425 0.1274
vn 0.9909 0.0425 0.1274
vn 0.9909 0.0425 0.1274
vn 0.4955 -0.8003 0.3376
vn 0.4955 -0.8003 0.3376
vn 0.4955 -0.8003 0.3376
vn 0.4955 -0.8003 0.3376
vn 0.4955 -0.8003 0.3376
vn 0.4955 -0.8003 0.3376
vn -0.4955 -0.8428 0.2102
vn -0.4955 -0.8428 0.2102
vn -0.4955 -0.8428 0.2102
vn -0.4955 -0.8428 0.2102
vn -0.4955 -0.8428 0.2102
vn -0.4955 -0.8428 0.2102
vn -0.9909 -0.0425 -0.1274
vn -0.9909 -0.0425 -0.1274
vn -0.9909 -0.0425 -0.1274
vn -0.9909 -0.0425 -0.1274
vn -0.9909 -0.0425 -0.1274
vn -0.9909 -0.0425 -0.1274
vn -0.4955 0.8003 -0.3376
vn -0.4955 0.8003 -0.3376
vn -0.4955 0.8003 -0.3376
vn -0.4955 0.8003 -0.3376
vn -0.4955 0.8003 -0.3376
vn -0.4955 0.8003 -0.3376
vn -0.1343 0.3134 0.9401
vn -0.1343 0.3134 0.9401
vn -0.1343 0.3134 0.9401
vn -0.1343 0.3134 0.9401
vn -0.1343 0.3134 0.9401
vn -0.1343 0.3134 0.9401
vn -0.1343 0.3134 0.9401
vn -0.1343 0.3134 0.9401
vn -0.1343 0.3134 0.9401
vn -0.1343 0.3134 0.9401
vn -0.1343 0.3134 0.9401
vn -0.1343 0.3134 0.9401
vn 0.1343 -0.3134 -0.9401
vn 0.1343 -0.3134 -0.9401
vn 0.1343 -0.3134 -0.9401
vn 0.1343 -0.3134 -0.9401
vn 0.1343 -0.3134 -0.9401
vn 0.1343 -0.3134 -0.9401
vn 0.1343 -0.3134 -0.9401
vn 0.1343 -0.3134 -0.9401
vn 0.1343 -0.3134 -0.9401
vn 0.1343 -0.3134 -0.9401
vn 0.1343 -0.3134 -0.9401
vn 0.1343 -0.3134 -0.9401
vn 0.4987 0.8597 -0.1103
vn 0.4987 0.8597 -0.1103
vn 0.4987 0.8597 -0.1103
vn 0.4987 0.8597 -0.1103
vn 0.4987 0.8597 -0.1103
vn 0.4987 0.8597 -0.1103
vn 0.9974 0.0121 0.0709
vn 0.9974 0.0121 0.0709
vn 0.9974 0.0121 0.0709
vn 0.9974 0.0121 0.0709
vn 0.9974 0.0121 0.0709
vn 0.9974 0.0121 0.0709
vn 0.4987 -0.8476 0.1812
vn 0.4987 -0.8476 0.1812
vn 0.4987 -0.8476 0.1812
vn 0.4987 -0.8476 0.1812
vn 0.4987 -0.8476 0.1812
vn 0.4987 -0.8476 0.1812
vn -0.4987 -0.8597 0.1103
vn -0.4987 -0.8597 0.1103
vn -0.4987 -0.8597 0.1103
vn -0.4987 -0.8597 0.1103
vn -0.4987 -0.8597 0.1103
vn -0.4987 -0.8597 0.1103
vn -0.9974 -0.0121 -0.0709
vn -0.9974 -0.0121 -0.0709
vn -0.9974 -0.0121 -0.0709
vn -0.9974 -0.0121 -0.0709
vn -0.9974 -0.0121 -0.0709
vn -0.9974 -0.0121 -0.0709
vn -0.4987 0.8476 -0.1812
vn -0.4987 0.8476 -0.1812
vn -0.4987 0.8476 -0.1812
vn -0.4987 0.8476 -0.1812
vn -0.4987 0.8476 -0.1812
vn -0.4987 0.8476 -0.1812
vn -0.0719 0.1679 0.9832
vn -0.0719 0.1679 0.9832
vn -0.0719 0.1679 0.9832
vn -0.0719 0.1679 0.9832
vn -0.0719 0.1679 0.9832
vn -0.0719 0.1679 0.9832
vn -0.0719 0.1679 0.9832
vn -0.0719 0.1679 0.9832
vn -0.0719 0.1679 0.9832
vn -0.0719 0.1679 0.9832
vn -0.0719 0.1679 0.9832
vn -0.0719 0.1679 0.9832
vn 0.0719 -0.1679 -0.9832
vn 0.0719 -0.1679 -0.9832
vn 0.0719 -0.1679 -0.9832
vn 0.0719 -0.1679 -0.9832
vn 0.0719 -0.1679 -0.9832
vn 0.0719 -0.1679 -0.9832
vn 0.0719 -0.1679 -0.9832
vn 0.0719 -0.1679 -0.9832
vn 0.0719 -0.1679 -0.9832
vn 0.0719 -0.1679 -0.9832
vn 0.0719 -0.1679 -0.9832
vn 0.0719 -0.1679 -0.9832
vn 1.0 0.0 0.0
vn 1.0 0.0 0.0
vn 1.0 0.0 0.0
vn 1.0 0.0 0.0
vn 1.0 0.0 0.0
vn 1.0 0.0 0.0
vn -1.0 0.0 0.0
vn -1.0 0.0 0.0
vn -1.0 0.0 0.0
vn -1.0 0.0 0.0
vn -1.0 0.0 0.0
vn -1.0 0.0 0.0
vn 0.0 1.0 0.0
vn 0.0 1.0 0.0
vn 0.0 1.0 0.0
vn 0.0 1.0 0.0
vn 0.0 1.0 0.0
vn 0.0 1.0 0.0
vn 0.0 -1.0 0.0
vn 0.0 -1.0 0.0
vn 0.0 -1.0 0.0
vn 0.0 -1.0 0.0
vn 0.0 -1.0 0.0
vn 0.0 -1.0 0.0
vn 0.0 0.0 1.0
vn 0.0 0.0 1.0
vn 0.0 0.0 1.0
vn 0.0 0.0 1.0
vn 0.0 0.0 1.0
vn 0.0 0.0 1.0
vn 0.0 0.0 -1.0
vn 0.0 0.0 -1.0
vn 0.0 0.0 -1.0
vn 0.0 0.0 -1.0
vn 0.0 0.0 -1.0
vn 0.0 0.0 -1.0
vn 0.4955 0.8003 0.3376
vn 0.4955 0.8003 0.3376
vn 0.4955 0.8003 0.3376
vn 0.4955 0.8003 0.3376
vn 0.4955 0.8003 0.3376
vn 0.4955 0.8003 0.3376
vn 0.9909 -0.0425 0.1274
vn 0.9909 -0.0425 0.1274
vn 0.9909 -0.0425 0.1274
vn 0.9909 -0.0425 0.1274
vn 0.9909 -0.0425 0.1274
vn 0.9909 -0.0425 0.1274
vn 0.4955 -0.8428 -0.2102
vn 0.4955 -0.8428 -0.2102
vn 0.4955 -0.8428 -0.2102
vn 0.4955 -0.8428 -0.2102
vn 0.4955 -0.8428 -0.2102
vn 0.4955 -0.8428 -0.2102
vn -0.4955 -0.8003 -0.3376
vn -0.4955 -0.8003 -0.3376
vn -0.4955 -0.8003 -0.3376
vn -0.4955 -0.8003 -0.3376
vn -0.4955 -0.8003 -0.3376
vn -0.4955 -0.8003 -0.3376
vn -0.9909 0.0425 -0.1274
vn -0.9909 0.0425 -0.1274
vn -0.9909 0.0425 -0.1274
vn -0.9909 0.0425 -0.1274
vn -0.9909 0.0425 -0.1274
vn -0.9909 0.0425 -0.1274
vn -0.4955 0.8428 0.2102
vn -0.4955 0.8428 0.2102
vn -0.4955 0.8428 0.2102
vn -0.4955 0.8428 0.2102
vn -0.4955 0.8428 0.2102
vn -0.4955 0.8428 0.2102
vn -0.1343 -0.3134 0.9401
vn -0.1343 -0.3134 0.9401
vn -0.1343 -0.3134 0.9401
vn -0.1343 -0.3134 0.9401
vn -0.1343 -0.3134 0.9401
vn -0.1343 -0.3134 0.9401
vn -0.1343 -0.3134 0.9401
vn -0.1343 -0.3134 0.9401
vn -0.1343 -0.3134 0.9401
vn -0.1343 -0.3134 0.9401
vn -0.1343 -0.3134 0.9401
vn -0.1343 -0.3134 0.9401
vn 0.1343 0.3134 -0.9401
vn 0.1343 0.3134 -0.9401
vn 0.1343 0.3134 -0.9401
vn 0.1343 0.3134 -0.9401
vn 0.1343 0.3134 -0.9401
vn 0.1343 0.3134 -0.9401
vn 0.1343 0.3134 -0.9401
vn 0.1343 0.3134 -0.9401
vn 0.1343 0.3134 -0.9401
vn 0.1343 0.3134 -0.9401
vn 0.1343 0.3134 -0.9401
vn 0.1343 0.3134 -0.9401
vn 0.4987 0.8476 0.1812
vn 0.4987 0.8476 0.1812
vn 0.4987 0.8476 0.1812
vn 0.4987 0.8476 0.1812
vn 0.4987 0.8476 0.1812
vn 0.4987 0.8476 0.1812
vn 0.9974 -0.0121 0.0709
vn 0.9974 -0.0121 0.0709
vn 0.9974 -0.0121 0.0709
vn 0.9974 -0.0121 0.0709
vn 0.9974 -0.0121 0.0709
vn 0.9974 -0.0121 0.0709
vn 0.4987 -0.8597 -0.1103
vn 0.4987 -0.8597 -0.1103
vn 0.4987 -0.8597 -0.1103
vn 0.4987 -0.8597 -0.1103
vn 0.4987 -0.8597 -0.1103
vn 0.4987 -0.8597 -0.1103
vn -0.4987 -0.8476 -0.1812
vn -0.4987 -0.8476 -0.1812
vn -0.4987 -0.8476 -0.1812
vn -0.4987 -0.8476 -0.1812
vn -0.4987 -0.8476 -0.1812
vn -0.4987 -0.8476 -0.1812
vn -0.9974 0.0121 -0.0709
vn -0.9974 0.0121 -0.0709
vn -0.9974 0.0121 -0.0709
vn -0.9974 0.0121 -0.0709
vn -0.9974 0.0121 -0.0709
vn -0.9974 0.0121 -0.0709
vn -0.4987 0.8597 0.1103
vn -0.4987 0.8597 0.1103
vn -0.4987 0.8597 0.1103
vn -0.4987 0.8597 0.1103
vn -0.4987 0.8597 0.1103
vn -0.4987 0.8597 0.1103
vn -0.0719 -0.1679 0.9832
vn -0.0719 -0.1679 0.9832
vn -0.0719 -0.1679 0.9832
vn -0.0719 -0.1679 0.9832
vn -0.0719 -0.1679 0.9832
vn -0.0719 -0.1679 0.9832
vn -0.0719 -0.1679 0.9832
vn -0.0719 -0.1679 0.9832
vn -0.0719 -0.1679 0.9832
vn -0.0719 -0.1679 0.9832
vn -0.0719 -0.1679 0.9832
vn -0.0719 -0.1679 0.9832
vn 0.0719 0.1679 -0.9832
vn 0.0719 0.1679 -0.9832
vn 0.0719 0.1679 -0.9832
vn 0.0719 0.1679 -0.9832
vn 0.0719 0.1679 -0.9832
vn 0.0719 0.1679 -0.9832
vn 0.0719 0.1679 -0.9832
vn 0.0719 0.1679 -0.9832
vn 0.0719 0.1679 -0.9832
vn 0.0719 0.1679 -0.9832
vn 0.0719 0.1679 -0.9832
vn 0.0719 0.1679 -0.9832
vn 1.0 0.0 0.0
vn 1.0 0.0 0.0
vn 1.0 0.0 0.0
vn 1.0 0.0 0.0
vn 1.0 0.0 0.0
vn 1.0 0.0 0.0
vn -1.0 0.0 0.0
vn -1.0 0.0 0.0
vn -1.0 0.0 0.0
vn -1.0 0.0 0.0
vn -1.0 0.0 0.0
vn -1.0 0.0 0.0
vn 0.0 1.0 0.0
vn 0.0 1.0 0.0
vn 0.0 1.0 0.0
vn 0.0 1.0 0.0
vn 0.0 1.0 0.0
vn 0.0 1.0 0.0
vn 0.0 -1.0 0.0
vn 0.0 -1.0 0.0
vn 0.0 -1.0 0.0
vn 0.0 -1.0 0.0
vn 0.0 -1.0 0.0
vn 0.0 -1.0 0.0
vn 0.0 0.0 1.0
vn 0.0 0.0 1.0
vn 0.0 0.0 1.0
vn 0.0 0.0 1.0
vn 0.0 0.0 1.0
vn 0.0 0.0 1.0
vn 0.0 0.0 -1.0
vn 0.0 0.0 -1.0
vn 0.0 0.0 -1.0
vn 0.0 0.0 -1.0
vn 0.0 0.0 -1.0
vn 0.0 0.0 -1.0
vn 0.4955 0.8003 -0.3376
vn 0.4955 0.8003 -0.3376
vn 0.4955 0.8003 -0.3376
vn 0.4955 0.8003 -0.3376
vn 0.4955 0.8003 -0.3376
vn 0.4955 0.8003 -0.3376
vn 0.9909 -0.0425 -0.1274
vn 0.9909 -0.0425 -0.1274
vn 0.9909 -0.0425 -0.1274
vn 0.9909 -0.0425 -0.1274
vn 0.9909 -0.0425 -0.1274
vn 0.9909 -0.0425 -0.1274
vn 0.4955 -0.8428 0.2102
vn 0.4955 -0.8428 0.2102
vn 0.4955 -0.8428 0.2102
vn 0.4955 -0.8428 0.2102
vn 0.4955 -0.8428 0.2102
vn 0.4955 -0.8428 0.2102
vn -0.4955 -0.8003 0.3376
vn -0.4955 -0.8003 0.3376
vn -0.4955 -0.8003 0.3376
vn -0.4955 -0.8003 0.3376
vn -0.4955 -0.8003 0.3376
vn -0.4955 -0.8003 0.3376
vn -0.9909 0.0425 0.1274
vn -0.9909 0.0425 0.1274
vn -0.9909 0.0425 0.1274
vn -0.9909 0.0425 0.1274
vn -0.9909 0.0425 0.1274
vn -0.9909 0.0425 0.1274
vn -0.4955 0.8428 -0.2102
vn -0.4955 0.8428 -0.2102
vn -0.4955 0.8428 -0.2102
vn -0.4955 0.8428 -0.2102
vn -0.4955 0.8428 -0.2102
vn -0.4955 0.8428 -0.2102
vn 0.1343 0.3134 0.9401
vn 0.1343 0.3134 0.9401
vn 0.1343 0.3134 0.9401
vn 0.1343 0.3134 0.9401
vn 0.1343 0.3134 0.9401
vn 0.1343 0.3134 0.9401
vn 0.1343 0.3134 0.9401
vn 0.1343 0.3134 0.9401
vn 0.1343 0.3134 0.9401
vn 0.1343 0.3134 0.9401
vn 0.1343 0.3134 0.9401
vn 0.1343 0.3134 0.9401
vn -0.1343 -0.3134 -0.9401
vn -0.1343 -0.3134 -0.9401
vn -0.1343 -0.3134 -0.9401
vn -0.1343 -0.3134 -0.9401
vn -0.1343 -0.3134 -0.9401
vn -0.1343 -0.3134 -0.9401
vn -0.1343 -0.3134 -0.9401
vn -0.1343 -0.3134 -0.9401
vn -0.1343 -0.3134 -0.9401
vn -0.1343 -0.3134 -0.9401
vn -0.1343 -0.3134 -0.9401
vn -0.1343 -0.3134 -0.9401
vn 0.4987 0.8476 -0.1812
vn 0.4987 0.8476 -0.1812
vn 0.4987 0.8476 -0.1812
vn 0.4987 0.8476 -0.1812
vn 0.4987 0.8476 -0.1812
vn 0.4987 0.8476 -0.1812
vn 0.9974 -0.0121 -0.0709
vn 0.9974 -0.0121 -0.0709
vn 0.9974 -0.0121 -0.0709
vn 0.9974 -0.0121 -0.0709
vn 0.9974 -0.0121 -0.0709
vn 0.9974 -0.0121 -0.0709
vn 0.4987 -0.8597 0.1103
vn 0.4987 -0.8597 0.1103
vn 0.4987 -0.8597 0.1103
vn 0.4987 -0.8597 0.1103
vn 0.4987 -0.8597 0.1103
vn 0.4987 -0.8597 0.1103
vn -0.4987 -0.8476 0.1812
vn -0.4987 -0.8476 0.1812
vn -0.4987 -0.8476 0.1812
vn -0.4987 -0.8476 0.1812
vn -0.4987 -0.8476 0.1812
vn -0.4987 -0.8476 0.1812
vn -0.9974 0.0121 0.0709
vn -0.9974 0.0121 0.0709
vn -0.9974 0.0121 0.0709
vn -0.9974 0.0121 0.0709
vn -0.9974 0.0121 0.0709
vn -0.9974 0.0121 0.0709
vn -0.4987 0.8597 -0.1103
vn -0.4987 0.8597 -0.1103
vn -0.4987 0.8597 -0.1103
vn -0.4987 0.8597 -0.1103
vn -0.4987 0.8597 -0.1103
vn -0.4987 0.8597 -0.1103
vn 0.0719 0.1679 0.9832
vn 0.0719 0.1679 0.9832
vn 0.0719 0.1679 0.9832
vn 0.0719 0.1679 0.9832
vn 0.0719 0.1679 0.9832
vn 0.0719 0.1679 0.9832
vn 0.0719 0.1679 0.9832
vn 0.0719 0.1679 0.9832
vn 0.0719 0.1679 0.9832
vn 0.0719 0.1679 0.9832
vn 0.0719 0.1679 0.9832
vn 0.0719 0.1679 0.9832
vn -0.0719 -0.1679 -0.9832
vn -0.0719 -0.1679 -0.9832
vn -0.0719 -0.1679 -0.9832
vn -0.0719 -0.1679 -0.9832
vn -0.0719 -0.1679 -0.9832
vn -0.0719 -0.1679 -0.9832
vn -0.0719 -0.1679 -0.9832
vn -0.0719 -0.1679 -0.9832
vn -0.0719 -0.1679 -0.9832
vn -0.0719 -0.1679 -0.9832
vn -0.0719 -0.1679 -0.9832
vn -0.0719 -0.1679 -0.9832
vn 1.0 0.0 0.0
vn 1.0 0.0 0.0
vn 1.0 0.0 0.0
vn 1.0 0.0 0.0
vn 1.0 0.0 0.0
vn 1.0 0.0 0.0
vn -1.0 0.0 0.0
vn -1.0 0.0 0.0
vn -1.0 0.0 0.0
vn -1.0 0.0 0.0
vn -1.0 0.0 0.0
vn -1.0 0.0 0.0
vn 0.0 1.0 0.0
vn 0.0 1.0 0.0
vn 0.0 1.0 0.0
vn 0.0 1.0 0.0
vn 0.0 1.0 0.0
vn 0.0 1.0 0.0
vn 0.0 -1.0 0.0
vn 0.0 -1.0 0.0
vn 0.0 -1.0 0.0
vn 0.0 -1.0 0.0
vn 0.0 -1.0 0.0
vn 0.0 -1.0 0.0
vn 0.0 0.0 1.0
vn 0.0 0.0 1.0
vn 0.0 0.0 1.0
vn 0.0 0.0 1.0
vn 0.0 0.0 1.0
vn 0.0 0.0 1.0
vn 0.0 0.0 -1.0
vn 0.0 0.0 -1.0
vn 0.0 0.0 -1.0
vn 0.0 0.0 -1.0
vn 0.0 0.0 -1.0
vn 0.0 0.0 -1.0
vn 0.4955 0.8428 0.2102
vn 0.4955 0.8428 0.2102
vn 0.4955 0.8428 0.2102
vn 0.4955 0.8428 0.2102
vn 0.4955 0.8428 0.2102
vn 0.4955 0.8428 0.2102
vn 0.9909 0.0425 -0.1274
vn 0.9909 0.0425 -0.1274
vn 0.9909 0.0425 -0.1274
vn 0.9909 0.0425 -0.1274
vn 0.9909 0.0425 -0.1274
vn 0.9909 0.0425 -0.1274
vn 0.4955 -0.8003 -0.3376
vn 0.4955 -0.8003 -0.3376
vn 0.4955 -0.8003 -0.3376
vn 0.4955 -0.8003 -0.3376
vn 0.4955 -0.8003 -0.3376
vn 0.4955 -0.8003 -0.3376
vn -0.4955 -0.8428 -0.2102
vn -0.4955 -0.8428 -0.2102
vn -0.4955 -0.8428 -0.2102
vn -0.4955 -0.8428 -0.2102
vn -0.4955 -0.8428 -0.2102
vn -0.4955 -0.8428 -0.2102
vn -0.9909 -0.0425 0.1274
vn -0.9909 -0.0425 0.1274
vn -0.9909 -0.0425 0.1274
vn -0.9909 -0.0425 0.1274
vn -0.9909 -0.0425 0.1274
vn -0.9909 -0.0425 0.1274
vn -0.4955 0.8003 0.3376
vn -0.4955 0.8003 0.3376
vn -0.4955 0.8003 0.3376
vn -0.4955 0.8003 0.3376
vn -0.4955 0.8003 0.3376
vn -0.4955 0.8003 0.3376
vn 0.1343 -0.3134 0.9401
vn 0.1343 -0.3134 0.9401
vn 0.1343 -0.3134 0.9401
vn 0.1343 -0.3134 0.9401
vn 0.1343 -0.3134 0.9401
vn 0.1343 -0.3134 0.9401
vn 0.1343 -0.3134 0.9401
vn 0.1343 -0.3134 0.9401
vn 0.1343 -0.3134 0.9401
vn 0.1343 -0.3134 0.9401
vn 0.1343 -0.3134 0.9401
vn 0.1343 -0.3134 0.9401
vn -0.1343 0.3134 -0.9401
vn -0.1343 0.3134 -0.9401
vn -0.1343 0.3134 -0.9401
vn -0.1343 0.3134 -0.9401
vn -0.1343 0.3134 -0.9401
vn -0.1343 0.3134 -0.9401
vn -0.1343 0.3134 -0.9401
vn -0.1343 0.3134 -0.9401
vn -0.1343 0.3134 -0.9401
vn -0.1343 0.3134 -0.9401
vn -0.1343 0.3134 -0.9401
vn -0.1343 0.3134 -0.9401
vn 0.4987 0.8597 0.1103
vn 0.4987 0.8597 0.1103
vn 0.4987 0.8597 0.1103
vn 0.4987 0.8597 0.1103
vn 0.4987 0.8597 0.1103
vn 0.4987 0.8597 0.1103
vn 0.9974 0.0121 -0.0709
vn 0.9974 0.0121 -0.0709
vn 0.9974 0.0121 -0.0709
vn 0.9974 0.0121 -0.0709
vn 0.9974 0.0121 -0.0709
vn 0.9974 0.0121 -0.0709
vn 0.4987 -0.8476 -0.1812
vn 0.4987 -0.8476 -0.1812
vn 0.4987 -0.8476 -0.1812
vn 0.4987 -0.8476 -0.1812
vn 0.4987 -0.8476 -0.1812
vn 0.4987 -0.8476 -0.1812
vn -0.4987 -0.8597 -0.1103
vn -0.4987 -0.8597 -0.1103
vn -0.4987 -0.8597 -0.1103
vn -0.4987 -0.8597 -0.1103
vn -0.4987 -0.8597 -0.1103
vn -0.4987 -0.8597 -0.1103
vn -0.9974 -0.0121 0.0709
vn -0.9974 -0.0121 0.0709
vn -0.9974 -0.0121 0.0709
vn -0.9974 -0.0121 0.0709
vn -0.9974 -0.0121 0.0709
vn -0.9974 -0.0121 0.0709
vn -0.4987 0.8476 0.1812
vn -0.4987 0.8476 0.1812
vn -0.4987 0.8476 0.1812
vn -0.4987 0.8476 0.1812
vn -0.4987 0.8476 0.1812
vn -0.4987 0.8476 0.1812
vn 0.0719 -0.1679 0.9832
vn 0.0719 -0.1679 0.9832
vn 0.0719 -0.1679 0.9832
vn 0.0719 -0.1679 0.9832
vn 0.0719 -0.1679 0.9832
vn 0.0719 -0.1679 0.9832
vn 0.0719 -0.1679 0.9832
vn 0.0719 -0.1679 0.9832
vn 0.0719 -0.1679 0.9832
vn 0.0719 -0.1679 0.9832
vn 0.0719 -0.1679 0.9832
vn 0.0719 -0.1679 0.9832
vn -0.0719 0.1679 -0.9832
vn -0.0719 0.1679 -0.9832
vn -0.0719 0.1679 -0.9832
vn -0.0719 0.1679 -0.9832
vn -0.0719 0.1679 -0.9832
vn -0.0719 0.1679 -0.9832
vn -0.0719 0.1679 -0.9832
vn -0.0719 0.1679 -0.9832
vn -0.0719 0.1679 -0.9832
vn -0.0719 0.1679 -0.9832
vn -0.0719 0.1679 -0.9832
vn -0.0719 0.1679 -0.9832
vn 1.0 0.0 0.0
vn 1.0 0.0 0.0
vn 1.0 0.0 0.0
vn 1.0 0.0 0.0
vn 1.0 0.0 0.0
vn 1.0 0.0 0.0
vn -1.0 0.0 0.0
vn -1.0 0.0 0.0
vn -1.0 0.0 0.0
vn -1.0 0.0 0.0
vn -1.0 0.0 0.0
vn -1.0 0.0 0.0
vn 0.0 1.0 0.0
vn 0.0 1.0 0.0
vn 0.0 1.0 0.0
vn 0.0 1.0 0.0
vn 0.0 1.0 0.0
vn 0.0 1.0 0.0
vn 0.0 -1.0 0.0
vn 0.0 -1.0 0.0
vn 0.0 -1.0 0.0
vn 0.0 -1.0 0.0
vn 0.0 -1.0 0.0
vn 0.0 -1.0 0.0
vn 0.0 0.0 1.0
vn 0.0 0.0 1.0
vn 0.0 0.0 1.0
vn 0.0 0.0 1.0
vn 0.0 0.0 1.0
vn 0.0 0.0 1.0
vn 0.0 0.0 -1.0
vn 0.0 0.0 -1.0
vn 0.0 0.0 -1.0
vn 0.0 0.0 -1.0
vn 0.0 0.0 -1.0
vn 0.0 0.0 -1.0
g torso
usemtl MI_EBS_KHA_Strata
f 1/1/1 2/2/2 3/3/3
f 4/4/4 5/5/5 6/6/6
f 7/7/7 8/8/8 9/9/9
f 10/10/10 11/11/11 12/12/12
f 13/13/13 14/14/14 15/15/15
f 16/16/16 17/17/17 18/18/18
f 19/19/19 20/20/20 21/21/21
f 22/22/22 23/23/23 24/24/24
f 25/25/25 26/26/26 27/27/27
f 28/28/28 29/29/29 30/30/30
f 31/31/31 32/32/32 33/33/33
f 34/34/34 35/35/35 36/36/36
g spine_01
f 37/37/37 38/38/38 39/39/39
f 40/40/40 41/41/41 42/42/42
f 43/43/43 44/44/44 45/45/45
f 46/46/46 47/47/47 48/48/48
f 49/49/49 50/50/50 51/51/51
f 52/52/52 53/53/53 54/54/54
f 55/55/55 56/56/56 57/57/57
f 58/58/58 59/59/59 60/60/60
f 61/61/61 62/62/62 63/63/63
f 64/64/64 65/65/65 66/66/66
f 67/67/67 68/68/68 69/69/69
f 70/70/70 71/71/71 72/72/72
f 73/73/73 74/74/74 75/75/75
f 76/76/76 77/77/77 78/78/78
f 79/79/79 80/80/80 81/81/81
f 82/82/82 83/83/83 84/84/84
f 85/85/85 86/86/86 87/87/87
f 88/88/88 89/89/89 90/90/90
f 91/91/91 92/92/92 93/93/93
f 94/94/94 95/95/95 96/96/96
g spine_02
f 97/97/97 98/98/98 99/99/99
f 100/100/100 101/101/101 102/102/102
f 103/103/103 104/104/104 105/105/105
f 106/106/106 107/107/107 108/108/108
f 109/109/109 110/110/110 111/111/111
f 112/112/112 113/113/113 114/114/114
f 115/115/115 116/116/116 117/117/117
f 118/118/118 119/119/119 120/120/120
f 121/121/121 122/122/122 123/123/123
f 124/124/124 125/125/125 126/126/126
f 127/127/127 128/128/128 129/129/129
f 130/130/130 131/131/131 132/132/132
f 133/133/133 134/134/134 135/135/135
f 136/136/136 137/137/137 138/138/138
f 139/139/139 140/140/140 141/141/141
f 142/142/142 143/143/143 144/144/144
f 145/145/145 146/146/146 147/147/147
f 148/148/148 149/149/149 150/150/150
f 151/151/151 152/152/152 153/153/153
f 154/154/154 155/155/155 156/156/156
g spine_03
f 157/157/157 158/158/158 159/159/159
f 160/160/160 161/161/161 162/162/162
f 163/163/163 164/164/164 165/165/165
f 166/166/166 167/167/167 168/168/168
f 169/169/169 170/170/170 171/171/171
f 172/172/172 173/173/173 174/174/174
f 175/175/175 176/176/176 177/177/177
f 178/178/178 179/179/179 180/180/180
f 181/181/181 182/182/182 183/183/183
f 184/184/184 185/185/185 186/186/186
f 187/187/187 188/188/188 189/189/189
f 190/190/190 191/191/191 192/192/192
f 193/193/193 194/194/194 195/195/195
f 196/196/196 197/197/197 198/198/198
f 199/199/199 200/200/200 201/201/201
f 202/202/202 203/203/203 204/204/204
f 205/205/205 206/206/206 207/207/207
f 208/208/208 209/209/209 210/210/210
f 211/211/211 212/212/212 213/213/213
f 214/214/214 215/215/215 216/216/216
g spine_04
f 217/217/217 218/218/218 219/219/219
f 220/220/220 221/221/221 222/222/222
f 223/223/223 224/224/224 225/225/225
f 226/226/226 227/227/227 228/228/228
f 229/229/229 230/230/230 231/231/231
f 232/232/232 233/233/233 234/234/234
f 235/235/235 236/236/236 237/237/237
f 238/238/238 239/239/239 240/240/240
f 241/241/241 242/242/242 243/243/243
f 244/244/244 245/245/245 246/246/246
f 247/247/247 248/248/248 249/249/249
f 250/250/250 251/251/251 252/252/252
f 253/253/253 254/254/254 255/255/255
f 256/256/256 257/257/257 258/258/258
f 259/259/259 260/260/260 261/261/261
f 262/262/262 263/263/263 264/264/264
f 265/265/265 266/266/266 267/267/267
f 268/268/268 269/269/269 270/270/270
f 271/271/271 272/272/272 273/273/273
f 274/274/274 275/275/275 276/276/276
g spine_05
f 277/277/277 278/278/278 279/279/279
f 280/280/280 281/281/281 282/282/282
f 283/283/283 284/284/284 285/285/285
f 286/286/286 287/287/287 288/288/288
f 289/289/289 290/290/290 291/291/291
f 292/292/292 293/293/293 294/294/294
f 295/295/295 296/296/296 297/297/297
f 298/298/298 299/299/299 300/300/300
f 301/301/301 302/302/302 303/303/303
f 304/304/304 305/305/305 306/306/306
f 307/307/307 308/308/308 309/309/309
f 310/310/310 311/311/311 312/312/312
f 313/313/313 314/314/314 315/315/315
f 316/316/316 317/317/317 318/318/318
f 319/319/319 320/320/320 321/321/321
f 322/322/322 323/323/323 324/324/324
f 325/325/325 326/326/326 327/327/327
f 328/328/328 329/329/329 330/330/330
f 331/331/331 332/332/332 333/333/333
f 334/334/334 335/335/335 336/336/336
g spine_06
f 337/337/337 338/338/338 339/339/339
f 340/340/340 341/341/341 342/342/342
f 343/343/343 344/344/344 345/345/345
f 346/346/346 347/347/347 348/348/348
f 349/349/349 350/350/350 351/351/351
f 352/352/352 353/353/353 354/354/354
f 355/355/355 356/356/356 357/357/357
f 358/358/358 359/359/359 360/360/360
f 361/361/361 362/362/362 363/363/363
f 364/364/364 365/365/365 366/366/366
f 367/367/367 368/368/368 369/369/369
f 370/370/370 371/371/371 372/372/372
f 373/373/373 374/374/374 375/375/375
f 376/376/376 377/377/377 378/378/378
f 379/379/379 380/380/380 381/381/381
f 382/382/382 383/383/383 384/384/384
f 385/385/385 386/386/386 387/387/387
f 388/388/388 389/389/389 390/390/390
f 391/391/391 392/392/392 393/393/393
f 394/394/394 395/395/395 396/396/396
g spine_07
f 397/397/397 398/398/398 399/399/399
f 400/400/400 401/401/401 402/402/402
f 403/403/403 404/404/404 405/405/405
f 406/406/406 407/407/407 408/408/408
f 409/409/409 410/410/410 411/411/411
f 412/412/412 413/413/413 414/414/414
f 415/415/415 416/416/416 417/417/417
f 418/418/418 419/419/419 420/420/420
f 421/421/421 422/422/422 423/423/423
f 424/424/424 425/425/425 426/426/426
f 427/427/427 428/428/428 429/429/429
f 430/430/430 431/431/431 432/432/432
f 433/433/433 434/434/434 435/435/435
f 436/436/436 437/437/437 438/438/438
f 439/439/439 440/440/440 441/441/441
f 442/442/442 443/443/443 444/444/444
f 445/445/445 446/446/446 447/447/447
f 448/448/448 449/449/449 450/450/450
f 451/451/451 452/452/452 453/453/453
f 454/454/454 455/455/455 456/456/456
g spine_08
f 457/457/457 458/458/458 459/459/459
f 460/460/460 461/461/461 462/462/462
f 463/463/463 464/464/464 465/465/465
f 466/466/466 467/467/467 468/468/468
f 469/469/469 470/470/470 471/471/471
f 472/472/472 473/473/473 474/474/474
f 475/475/475 476/476/476 477/477/477
f 478/478/478 479/479/479 480/480/480
f 481/481/481 482/482/482 483/483/483
f 484/484/484 485/485/485 486/486/486
f 487/487/487 488/488/488 489/489/489
f 490/490/490 491/491/491 492/492/492
f 493/493/493 494/494/494 495/495/495
f 496/496/496 497/497/497 498/498/498
f 499/499/499 500/500/500 501/501/501
f 502/502/502 503/503/503 504/504/504
f 505/505/505 506/506/506 507/507/507
f 508/508/508 509/509/509 510/510/510
f 511/511/511 512/512/512 513/513/513
f 514/514/514 515/515/515 516/516/516
g neck
f 517/517/517 518/518/518 519/519/519
f 520/520/520 521/521/521 522/522/522
f 523/523/523 524/524/524 525/525/525
f 526/526/526 527/527/527 528/528/528
f 529/529/529 530/530/530 531/531/531
f 532/532/532 533/533/533 534/534/534
f 535/535/535 536/536/536 537/537/537
f 538/538/538 539/539/539 540/540/540
f 541/541/541 542/542/542 543/543/543
f 544/544/544 545/545/545 546/546/546
f 547/547/547 548/548/548 549/549/549
f 550/550/550 551/551/551 552/552/552
f 553/553/553 554/554/554 555/555/555
f 556/556/556 557/557/557 558/558/558
f 559/559/559 560/560/560 561/561/561
f 562/562/562 563/563/563 564/564/564
f 565/565/565 566/566/566 567/567/567
f 568/568/568 569/569/569 570/570/570
f 571/571/571 572/572/572 573/573/573
f 574/574/574 575/575/575 576/576/576
g head
f 577/577/577 578/578/578 579/579/579
f 580/580/580 581/581/581 582/582/582
f 583/583/583 584/584/584 585/585/585
f 586/586/586 587/587/587 588/588/588
f 589/589/589 590/590/590 591/591/591
f 592/592/592 593/593/593 594/594/594
f 595/595/595 596/596/596 597/597/597
f 598/598/598 599/599/599 600/600/600
f 601/601/601 602/602/602 603/603/603
f 604/604/604 605/605/605 606/606/606
f 607/607/607 608/608/608 609/609/609
f 610/610/610 611/611/611 612/612/612
g muzzle
f 613/613/613 614/614/614 615/615/615
f 616/616/616 617/617/617 618/618/618
f 619/619/619 620/620/620 621/621/621
f 622/622/622 623/623/623 624/624/624
f 625/625/625 626/626/626 627/627/627
f 628/628/628 629/629/629 630/630/630
f 631/631/631 632/632/632 633/633/633
f 634/634/634 635/635/635 636/636/636
f 637/637/637 638/638/638 639/639/639
f 640/640/640 641/641/641 642/642/642
f 643/643/643 644/644/644 645/645/645
f 646/646/646 647/647/647 648/648/648
g fin_01
f 649/649/649 650/650/650 651/651/651
f 652/652/652 653/653/653 654/654/654
f 655/655/655 656/656/656 657/657/657
f 658/658/658 659/659/659 660/660/660
f 661/661/661 662/662/662 663/663/663
f 664/664/664 665/665/665 666/666/666
f 667/667/667 668/668/668 669/669/669
f 670/670/670 671/671/671 672/672/672
f 673/673/673 674/674/674 675/675/675
f 676/676/676 677/677/677 678/678/678
f 679/679/679 680/680/680 681/681/681
f 682/682/682 683/683/683 684/684/684
g fin_01_vein
f 685/685/685 686/686/686 687/687/687
f 688/688/688 689/689/689 690/690/690
f 691/691/691 692/692/692 693/693/693
f 694/694/694 695/695/695 696/696/696
f 697/697/697 698/698/698 699/699/699
f 700/700/700 701/701/701 702/702/702
f 703/703/703 704/704/704 705/705/705
f 706/706/706 707/707/707 708/708/708
f 709/709/709 710/710/710 711/711/711
f 712/712/712 713/713/713 714/714/714
f 715/715/715 716/716/716 717/717/717
f 718/718/718 719/719/719 720/720/720
g fin_02
f 721/721/721 722/722/722 723/723/723
f 724/724/724 725/725/725 726/726/726
f 727/727/727 728/728/728 729/729/729
f 730/730/730 731/731/731 732/732/732
f 733/733/733 734/734/734 735/735/735
f 736/736/736 737/737/737 738/738/738
f 739/739/739 740/740/740 741/741/741
f 742/742/742 743/743/743 744/744/744
f 745/745/745 746/746/746 747/747/747
f 748/748/748 749/749/749 750/750/750
f 751/751/751 752/752/752 753/753/753
f 754/754/754 755/755/755 756/756/756
g fin_02_vein
f 757/757/757 758/758/758 759/759/759
f 760/760/760 761/761/761 762/762/762
f 763/763/763 764/764/764 765/765/765
f 766/766/766 767/767/767 768/768/768
f 769/769/769 770/770/770 771/771/771
f 772/772/772 773/773/773 774/774/774
f 775/775/775 776/776/776 777/777/777
f 778/778/778 779/779/779 780/780/780
f 781/781/781 782/782/782 783/783/783
f 784/784/784 785/785/785 786/786/786
f 787/787/787 788/788/788 789/789/789
f 790/790/790 791/791/791 792/792/792
g fin_03
f 793/793/793 794/794/794 795/795/795
f 796/796/796 797/797/797 798/798/798
f 799/799/799 800/800/800 801/801/801
f 802/802/802 803/803/803 804/804/804
f 805/805/805 806/806/806 807/807/807
f 808/808/808 809/809/809 810/810/810
f 811/811/811 812/812/812 813/813/813
f 814/814/814 815/815/815 816/816/816
f 817/817/817 818/818/818 819/819/819
f 820/820/820 821/821/821 822/822/822
f 823/823/823 824/824/824 825/825/825
f 826/826/826 827/827/827 828/828/828
g fin_03_vein
f 829/829/829 830/830/830 831/831/831
f 832/832/832 833/833/833 834/834/834
f 835/835/835 836/836/836 837/837/837
f 838/838/838 839/839/839 840/840/840
f 841/841/841 842/842/842 843/843/843
f 844/844/844 845/845/845 846/846/846
f 847/847/847 848/848/848 849/849/849
f 850/850/850 851/851/851 852/852/852
f 853/853/853 854/854/854 855/855/855
f 856/856/856 857/857/857 858/858/858
f 859/859/859 860/860/860 861/861/861
f 862/862/862 863/863/863 864/864/864
g fin_04
f 865/865/865 866/866/866 867/867/867
f 868/868/868 869/869/869 870/870/870
f 871/871/871 872/872/872 873/873/873
f 874/874/874 875/875/875 876/876/876
f 877/877/877 878/878/878 879/879/879
f 880/880/880 881/881/881 882/882/882
f 883/883/883 884/884/884 885/885/885
f 886/886/886 887/887/887 888/888/888
f 889/889/889 890/890/890 891/891/891
f 892/892/892 893/893/893 894/894/894
f 895/895/895 896/896/896 897/897/897
f 898/898/898 899/899/899 900/900/900
g fin_04_vein
f 901/901/901 902/902/902 903/903/903
f 904/904/904 905/905/905 906/906/906
f 907/907/907 908/908/908 909/909/909
f 910/910/910 911/911/911 912/912/912
f 913/913/913 914/914/914 915/915/915
f 916/916/916 917/917/917 918/918/918
f 919/919/919 920/920/920 921/921/921
f 922/922/922 923/923/923 924/924/924
f 925/925/925 926/926/926 927/927/927
f 928/928/928 929/929/929 930/930/930
f 931/931/931 932/932/932 933/933/933
f 934/934/934 935/935/935 936/936/936
g fin_05
f 937/937/937 938/938/938 939/939/939
f 940/940/940 941/941/941 942/942/942
f 943/943/943 944/944/944 945/945/945
f 946/946/946 947/947/947 948/948/948
f 949/949/949 950/950/950 951/951/951
f 952/952/952 953/953/953 954/954/954
f 955/955/955 956/956/956 957/957/957
f 958/958/958 959/959/959 960/960/960
f 961/961/961 962/962/962 963/963/963
f 964/964/964 965/965/965 966/966/966
f 967/967/967 968/968/968 969/969/969
f 970/970/970 971/971/971 972/972/972
g fin_05_vein
f 973/973/973 974/974/974 975/975/975
f 976/976/976 977/977/977 978/978/978
f 979/979/979 980/980/980 981/981/981
f 982/982/982 983/983/983 984/984/984
f 985/985/985 986/986/986 987/987/987
f 988/988/988 989/989/989 990/990/990
f 991/991/991 992/992/992 993/993/993
f 994/994/994 995/995/995 996/996/996
f 997/997/997 998/998/998 999/999/999
f 1000/1000/1000 1001/1001/1001 1002/1002/1002
f 1003/1003/1003 1004/1004/1004 1005/1005/1005
f 1006/1006/1006 1007/1007/1007 1008/1008/1008
g fin_06
f 1009/1009/1009 1010/1010/1010 1011/1011/1011
f 1012/1012/1012 1013/1013/1013 1014/1014/1014
f 1015/1015/1015 1016/1016/1016 1017/1017/1017
f 1018/1018/1018 1019/1019/1019 1020/1020/1020
f 1021/1021/1021 1022/1022/1022 1023/1023/1023
f 1024/1024/1024 1025/1025/1025 1026/1026/1026
f 1027/1027/1027 1028/1028/1028 1029/1029/1029
f 1030/1030/1030 1031/1031/1031 1032/1032/1032
f 1033/1033/1033 1034/1034/1034 1035/1035/1035
f 1036/1036/1036 1037/1037/1037 1038/1038/1038
f 1039/1039/1039 1040/1040/1040 1041/1041/1041
f 1042/1042/1042 1043/1043/1043 1044/1044/1044
g fin_06_vein
f 1045/1045/1045 1046/1046/1046 1047/1047/1047
f 1048/1048/1048 1049/1049/1049 1050/1050/1050
f 1051/1051/1051 1052/1052/1052 1053/1053/1053
f 1054/1054/1054 1055/1055/1055 1056/1056/1056
f 1057/1057/1057 1058/1058/1058 1059/1059/1059
f 1060/1060/1060 1061/1061/1061 1062/1062/1062
f 1063/1063/1063 1064/1064/1064 1065/1065/1065
f 1066/1066/1066 1067/1067/1067 1068/1068/1068
f 1069/1069/1069 1070/1070/1070 1071/1071/1071
f 1072/1072/1072 1073/1073/1073 1074/1074/1074
f 1075/1075/1075 1076/1076/1076 1077/1077/1077
f 1078/1078/1078 1079/1079/1079 1080/1080/1080
g fin_07
f 1081/1081/1081 1082/1082/1082 1083/1083/1083
f 1084/1084/1084 1085/1085/1085 1086/1086/1086
f 1087/1087/1087 1088/1088/1088 1089/1089/1089
f 1090/1090/1090 1091/1091/1091 1092/1092/1092
f 1093/1093/1093 1094/1094/1094 1095/1095/1095
f 1096/1096/1096 1097/1097/1097 1098/1098/1098
f 1099/1099/1099 1100/1100/1100 1101/1101/1101
f 1102/1102/1102 1103/1103/1103 1104/1104/1104
f 1105/1105/1105 1106/1106/1106 1107/1107/1107
f 1108/1108/1108 1109/1109/1109 1110/1110/1110
f 1111/1111/1111 1112/1112/1112 1113/1113/1113
f 1114/1114/1114 1115/1115/1115 1116/1116/1116
g fin_07_vein
f 1117/1117/1117 1118/1118/1118 1119/1119/1119
f 1120/1120/1120 1121/1121/1121 1122/1122/1122
f 1123/1123/1123 1124/1124/1124 1125/1125/1125
f 1126/1126/1126 1127/1127/1127 1128/1128/1128
f 1129/1129/1129 1130/1130/1130 1131/1131/1131
f 1132/1132/1132 1133/1133/1133 1134/1134/1134
f 1135/1135/1135 1136/1136/1136 1137/1137/1137
f 1138/1138/1138 1139/1139/1139 1140/1140/1140
f 1141/1141/1141 1142/1142/1142 1143/1143/1143
f 1144/1144/1144 1145/1145/1145 1146/1146/1146
f 1147/1147/1147 1148/1148/1148 1149/1149/1149
f 1150/1150/1150 1151/1151/1151 1152/1152/1152
g fin_08
f 1153/1153/1153 1154/1154/1154 1155/1155/1155
f 1156/1156/1156 1157/1157/1157 1158/1158/1158
f 1159/1159/1159 1160/1160/1160 1161/1161/1161
f 1162/1162/1162 1163/1163/1163 1164/1164/1164
f 1165/1165/1165 1166/1166/1166 1167/1167/1167
f 1168/1168/1168 1169/1169/1169 1170/1170/1170
f 1171/1171/1171 1172/1172/1172 1173/1173/1173
f 1174/1174/1174 1175/1175/1175 1176/1176/1176
f 1177/1177/1177 1178/1178/1178 1179/1179/1179
f 1180/1180/1180 1181/1181/1181 1182/1182/1182
f 1183/1183/1183 1184/1184/1184 1185/1185/1185
f 1186/1186/1186 1187/1187/1187 1188/1188/1188
g fin_08_vein
f 1189/1189/1189 1190/1190/1190 1191/1191/1191
f 1192/1192/1192 1193/1193/1193 1194/1194/1194
f 1195/1195/1195 1196/1196/1196 1197/1197/1197
f 1198/1198/1198 1199/1199/1199 1200/1200/1200
f 1201/1201/1201 1202/1202/1202 1203/1203/1203
f 1204/1204/1204 1205/1205/1205 1206/1206/1206
f 1207/1207/1207 1208/1208/1208 1209/1209/1209
f 1210/1210/1210 1211/1211/1211 1212/1212/1212
f 1213/1213/1213 1214/1214/1214 1215/1215/1215
f 1216/1216/1216 1217/1217/1217 1218/1218/1218
f 1219/1219/1219 1220/1220/1220 1221/1221/1221
f 1222/1222/1222 1223/1223/1223 1224/1224/1224
g fin_09
f 1225/1225/1225 1226/1226/1226 1227/1227/1227
f 1228/1228/1228 1229/1229/1229 1230/1230/1230
f 1231/1231/1231 1232/1232/1232 1233/1233/1233
f 1234/1234/1234 1235/1235/1235 1236/1236/1236
f 1237/1237/1237 1238/1238/1238 1239/1239/1239
f 1240/1240/1240 1241/1241/1241 1242/1242/1242
f 1243/1243/1243 1244/1244/1244 1245/1245/1245
f 1246/1246/1246 1247/1247/1247 1248/1248/1248
f 1249/1249/1249 1250/1250/1250 1251/1251/1251
f 1252/1252/1252 1253/1253/1253 1254/1254/1254
f 1255/1255/1255 1256/1256/1256 1257/1257/1257
f 1258/1258/1258 1259/1259/1259 1260/1260/1260
g fin_09_vein
f 1261/1261/1261 1262/1262/1262 1263/1263/1263
f 1264/1264/1264 1265/1265/1265 1266/1266/1266
f 1267/1267/1267 1268/1268/1268 1269/1269/1269
f 1270/1270/1270 1271/1271/1271 1272/1272/1272
f 1273/1273/1273 1274/1274/1274 1275/1275/1275
f 1276/1276/1276 1277/1277/1277 1278/1278/1278
f 1279/1279/1279 1280/1280/1280 1281/1281/1281
f 1282/1282/1282 1283/1283/1283 1284/1284/1284
f 1285/1285/1285 1286/1286/1286 1287/1287/1287
f 1288/1288/1288 1289/1289/1289 1290/1290/1290
f 1291/1291/1291 1292/1292/1292 1293/1293/1293
f 1294/1294/1294 1295/1295/1295 1296/1296/1296
g fin_10
f 1297/1297/1297 1298/1298/1298 1299/1299/1299
f 1300/1300/1300 1301/1301/1301 1302/1302/1302
f 1303/1303/1303 1304/1304/1304 1305/1305/1305
f 1306/1306/1306 1307/1307/1307 1308/1308/1308
f 1309/1309/1309 1310/1310/1310 1311/1311/1311
f 1312/1312/1312 1313/1313/1313 1314/1314/1314
f 1315/1315/1315 1316/1316/1316 1317/1317/1317
f 1318/1318/1318 1319/1319/1319 1320/1320/1320
f 1321/1321/1321 1322/1322/1322 1323/1323/1323
f 1324/1324/1324 1325/1325/1325 1326/1326/1326
f 1327/1327/1327 1328/1328/1328 1329/1329/1329
f 1330/1330/1330 1331/1331/1331 1332/1332/1332
g fin_10_vein
f 1333/1333/1333 1334/1334/1334 1335/1335/1335
f 1336/1336/1336 1337/1337/1337 1338/1338/1338
f 1339/1339/1339 1340/1340/1340 1341/1341/1341
f 1342/1342/1342 1343/1343/1343 1344/1344/1344
f 1345/1345/1345 1346/1346/1346 1347/1347/1347
f 1348/1348/1348 1349/1349/1349 1350/1350/1350
f 1351/1351/1351 1352/1352/1352 1353/1353/1353
f 1354/1354/1354 1355/1355/1355 1356/1356/1356
f 1357/1357/1357 1358/1358/1358 1359/1359/1359
f 1360/1360/1360 1361/1361/1361 1362/1362/1362
f 1363/1363/1363 1364/1364/1364 1365/1365/1365
f 1366/1366/1366 1367/1367/1367 1368/1368/1368
g fin_11
f 1369/1369/1369 1370/1370/1370 1371/1371/1371
f 1372/1372/1372 1373/1373/1373 1374/1374/1374
f 1375/1375/1375 1376/1376/1376 1377/1377/1377
f 1378/1378/1378 1379/1379/1379 1380/1380/1380
f 1381/1381/1381 1382/1382/1382 1383/1383/1383
f 1384/1384/1384 1385/1385/1385 1386/1386/1386
f 1387/1387/1387 1388/1388/1388 1389/1389/1389
f 1390/1390/1390 1391/1391/1391 1392/1392/1392
f 1393/1393/1393 1394/1394/1394 1395/1395/1395
f 1396/1396/1396 1397/1397/1397 1398/1398/1398
f 1399/1399/1399 1400/1400/1400 1401/1401/1401
f 1402/1402/1402 1403/1403/1403 1404/1404/1404
g fin_11_vein
f 1405/1405/1405 1406/1406/1406 1407/1407/1407
f 1408/1408/1408 1409/1409/1409 1410/1410/1410
f 1411/1411/1411 1412/1412/1412 1413/1413/1413
f 1414/1414/1414 1415/1415/1415 1416/1416/1416
f 1417/1417/1417 1418/1418/1418 1419/1419/1419
f 1420/1420/1420 1421/1421/1421 1422/1422/1422
f 1423/1423/1423 1424/1424/1424 1425/1425/1425
f 1426/1426/1426 1427/1427/1427 1428/1428/1428
f 1429/1429/1429 1430/1430/1430 1431/1431/1431
f 1432/1432/1432 1433/1433/1433 1434/1434/1434
f 1435/1435/1435 1436/1436/1436 1437/1437/1437
f 1438/1438/1438 1439/1439/1439 1440/1440/1440
g fin_12
f 1441/1441/1441 1442/1442/1442 1443/1443/1443
f 1444/1444/1444 1445/1445/1445 1446/1446/1446
f 1447/1447/1447 1448/1448/1448 1449/1449/1449
f 1450/1450/1450 1451/1451/1451 1452/1452/1452
f 1453/1453/1453 1454/1454/1454 1455/1455/1455
f 1456/1456/1456 1457/1457/1457 1458/1458/1458
f 1459/1459/1459 1460/1460/1460 1461/1461/1461
f 1462/1462/1462 1463/1463/1463 1464/1464/1464
f 1465/1465/1465 1466/1466/1466 1467/1467/1467
f 1468/1468/1468 1469/1469/1469 1470/1470/1470
f 1471/1471/1471 1472/1472/1472 1473/1473/1473
f 1474/1474/1474 1475/1475/1475 1476/1476/1476
g fin_12_vein
f 1477/1477/1477 1478/1478/1478 1479/1479/1479
f 1480/1480/1480 1481/1481/1481 1482/1482/1482
f 1483/1483/1483 1484/1484/1484 1485/1485/1485
f 1486/1486/1486 1487/1487/1487 1488/1488/1488
f 1489/1489/1489 1490/1490/1490 1491/1491/1491
f 1492/1492/1492 1493/1493/1493 1494/1494/1494
f 1495/1495/1495 1496/1496/1496 1497/1497/1497
f 1498/1498/1498 1499/1499/1499 1500/1500/1500
f 1501/1501/1501 1502/1502/1502 1503/1503/1503
f 1504/1504/1504 1505/1505/1505 1506/1506/1506
f 1507/1507/1507 1508/1508/1508 1509/1509/1509
f 1510/1510/1510 1511/1511/1511 1512/1512/1512
g fin_13
f 1513/1513/1513 1514/1514/1514 1515/1515/1515
f 1516/1516/1516 1517/1517/1517 1518/1518/1518
f 1519/1519/1519 1520/1520/1520 1521/1521/1521
f 1522/1522/1522 1523/1523/1523 1524/1524/1524
f 1525/1525/1525 1526/1526/1526 1527/1527/1527
f 1528/1528/1528 1529/1529/1529 1530/1530/1530
f 1531/1531/1531 1532/1532/1532 1533/1533/1533
f 1534/1534/1534 1535/1535/1535 1536/1536/1536
f 1537/1537/1537 1538/1538/1538 1539/1539/1539
f 1540/1540/1540 1541/1541/1541 1542/1542/1542
f 1543/1543/1543 1544/1544/1544 1545/1545/1545
f 1546/1546/1546 1547/1547/1547 1548/1548/1548
g fin_13_vein
f 1549/1549/1549 1550/1550/1550 1551/1551/1551
f 1552/1552/1552 1553/1553/1553 1554/1554/1554
f 1555/1555/1555 1556/1556/1556 1557/1557/1557
f 1558/1558/1558 1559/1559/1559 1560/1560/1560
f 1561/1561/1561 1562/1562/1562 1563/1563/1563
f 1564/1564/1564 1565/1565/1565 1566/1566/1566
f 1567/1567/1567 1568/1568/1568 1569/1569/1569
f 1570/1570/1570 1571/1571/1571 1572/1572/1572
f 1573/1573/1573 1574/1574/1574 1575/1575/1575
f 1576/1576/1576 1577/1577/1577 1578/1578/1578
f 1579/1579/1579 1580/1580/1580 1581/1581/1581
f 1582/1582/1582 1583/1583/1583 1584/1584/1584
g fl_upper
f 1585/1585/1585 1586/1586/1586 1587/1587/1587
f 1588/1588/1588 1589/1589/1589 1590/1590/1590
f 1591/1591/1591 1592/1592/1592 1593/1593/1593
f 1594/1594/1594 1595/1595/1595 1596/1596/1596
f 1597/1597/1597 1598/1598/1598 1599/1599/1599
f 1600/1600/1600 1601/1601/1601 1602/1602/1602
f 1603/1603/1603 1604/1604/1604 1605/1605/1605
f 1606/1606/1606 1607/1607/1607 1608/1608/1608
f 1609/1609/1609 1610/1610/1610 1611/1611/1611
f 1612/1612/1612 1613/1613/1613 1614/1614/1614
f 1615/1615/1615 1616/1616/1616 1617/1617/1617
f 1618/1618/1618 1619/1619/1619 1620/1620/1620
f 1621/1621/1621 1622/1622/1622 1623/1623/1623
f 1624/1624/1624 1625/1625/1625 1626/1626/1626
f 1627/1627/1627 1628/1628/1628 1629/1629/1629
f 1630/1630/1630 1631/1631/1631 1632/1632/1632
f 1633/1633/1633 1634/1634/1634 1635/1635/1635
f 1636/1636/1636 1637/1637/1637 1638/1638/1638
f 1639/1639/1639 1640/1640/1640 1641/1641/1641
f 1642/1642/1642 1643/1643/1643 1644/1644/1644
g fl_lower
f 1645/1645/1645 1646/1646/1646 1647/1647/1647
f 1648/1648/1648 1649/1649/1649 1650/1650/1650
f 1651/1651/1651 1652/1652/1652 1653/1653/1653
f 1654/1654/1654 1655/1655/1655 1656/1656/1656
f 1657/1657/1657 1658/1658/1658 1659/1659/1659
f 1660/1660/1660 1661/1661/1661 1662/1662/1662
f 1663/1663/1663 1664/1664/1664 1665/1665/1665
f 1666/1666/1666 1667/1667/1667 1668/1668/1668
f 1669/1669/1669 1670/1670/1670 1671/1671/1671
f 1672/1672/1672 1673/1673/1673 1674/1674/1674
f 1675/1675/1675 1676/1676/1676 1677/1677/1677
f 1678/1678/1678 1679/1679/1679 1680/1680/1680
f 1681/1681/1681 1682/1682/1682 1683/1683/1683
f 1684/1684/1684 1685/1685/1685 1686/1686/1686
f 1687/1687/1687 1688/1688/1688 1689/1689/1689
f 1690/1690/1690 1691/1691/1691 1692/1692/1692
f 1693/1693/1693 1694/1694/1694 1695/1695/1695
f 1696/1696/1696 1697/1697/1697 1698/1698/1698
f 1699/1699/1699 1700/1700/1700 1701/1701/1701
f 1702/1702/1702 1703/1703/1703 1704/1704/1704
g fl_foot
f 1705/1705/1705 1706/1706/1706 1707/1707/1707
f 1708/1708/1708 1709/1709/1709 1710/1710/1710
f 1711/1711/1711 1712/1712/1712 1713/1713/1713
f 1714/1714/1714 1715/1715/1715 1716/1716/1716
f 1717/1717/1717 1718/1718/1718 1719/1719/1719
f 1720/1720/1720 1721/1721/1721 1722/1722/1722
f 1723/1723/1723 1724/1724/1724 1725/1725/1725
f 1726/1726/1726 1727/1727/1727 1728/1728/1728
f 1729/1729/1729 1730/1730/1730 1731/1731/1731
f 1732/1732/1732 1733/1733/1733 1734/1734/1734
f 1735/1735/1735 1736/1736/1736 1737/1737/1737
f 1738/1738/1738 1739/1739/1739 1740/1740/1740
g fr_upper
f 1741/1741/1741 1742/1742/1742 1743/1743/1743
f 1744/1744/1744 1745/1745/1745 1746/1746/1746
f 1747/1747/1747 1748/1748/1748 1749/1749/1749
f 1750/1750/1750 1751/1751/1751 1752/1752/1752
f 1753/1753/1753 1754/1754/1754 1755/1755/1755
f 1756/1756/1756 1757/1757/1757 1758/1758/1758
f 1759/1759/1759 1760/1760/1760 1761/1761/1761
f 1762/1762/1762 1763/1763/1763 1764/1764/1764
f 1765/1765/1765 1766/1766/1766 1767/1767/1767
f 1768/1768/1768 1769/1769/1769 1770/1770/1770
f 1771/1771/1771 1772/1772/1772 1773/1773/1773
f 1774/1774/1774 1775/1775/1775 1776/1776/1776
f 1777/1777/1777 1778/1778/1778 1779/1779/1779
f 1780/1780/1780 1781/1781/1781 1782/1782/1782
f 1783/1783/1783 1784/1784/1784 1785/1785/1785
f 1786/1786/1786 1787/1787/1787 1788/1788/1788
f 1789/1789/1789 1790/1790/1790 1791/1791/1791
f 1792/1792/1792 1793/1793/1793 1794/1794/1794
f 1795/1795/1795 1796/1796/1796 1797/1797/1797
f 1798/1798/1798 1799/1799/1799 1800/1800/1800
g fr_lower
f 1801/1801/1801 1802/1802/1802 1803/1803/1803
f 1804/1804/1804 1805/1805/1805 1806/1806/1806
f 1807/1807/1807 1808/1808/1808 1809/1809/1809
f 1810/1810/1810 1811/1811/1811 1812/1812/1812
f 1813/1813/1813 1814/1814/1814 1815/1815/1815
f 1816/1816/1816 1817/1817/1817 1818/1818/1818
f 1819/1819/1819 1820/1820/1820 1821/1821/1821
f 1822/1822/1822 1823/1823/1823 1824/1824/1824
f 1825/1825/1825 1826/1826/1826 1827/1827/1827
f 1828/1828/1828 1829/1829/1829 1830/1830/1830
f 1831/1831/1831 1832/1832/1832 1833/1833/1833
f 1834/1834/1834 1835/1835/1835 1836/1836/1836
f 1837/1837/1837 1838/1838/1838 1839/1839/1839
f 1840/1840/1840 1841/1841/1841 1842/1842/1842
f 1843/1843/1843 1844/1844/1844 1845/1845/1845
f 1846/1846/1846 1847/1847/1847 1848/1848/1848
f 1849/1849/1849 1850/1850/1850 1851/1851/1851
f 1852/1852/1852 1853/1853/1853 1854/1854/1854
f 1855/1855/1855 1856/1856/1856 1857/1857/1857
f 1858/1858/1858 1859/1859/1859 1860/1860/1860
g fr_foot
f 1861/1861/1861 1862/1862/1862 1863/1863/1863
f 1864/1864/1864 1865/1865/1865 1866/1866/1866
f 1867/1867/1867 1868/1868/1868 1869/1869/1869
f 1870/1870/1870 1871/1871/1871 1872/1872/1872
f 1873/1873/1873 1874/1874/1874 1875/1875/1875
f 1876/1876/1876 1877/1877/1877 1878/1878/1878
f 1879/1879/1879 1880/1880/1880 1881/1881/1881
f 1882/1882/1882 1883/1883/1883 1884/1884/1884
f 1885/1885/1885 1886/1886/1886 1887/1887/1887
f 1888/1888/1888 1889/1889/1889 1890/1890/1890
f 1891/1891/1891 1892/1892/1892 1893/1893/1893
f 1894/1894/1894 1895/1895/1895 1896/1896/1896
g rl_upper
f 1897/1897/1897 1898/1898/1898 1899/1899/1899
f 1900/1900/1900 1901/1901/1901 1902/1902/1902
f 1903/1903/1903 1904/1904/1904 1905/1905/1905
f 1906/1906/1906 1907/1907/1907 1908/1908/1908
f 1909/1909/1909 1910/1910/1910 1911/1911/1911
f 1912/1912/1912 1913/1913/1913 1914/1914/1914
f 1915/1915/1915 1916/1916/1916 1917/1917/1917
f 1918/1918/1918 1919/1919/1919 1920/1920/1920
f 1921/1921/1921 1922/1922/1922 1923/1923/1923
f 1924/1924/1924 1925/1925/1925 1926/1926/1926
f 1927/1927/1927 1928/1928/1928 1929/1929/1929
f 1930/1930/1930 1931/1931/1931 1932/1932/1932
f 1933/1933/1933 1934/1934/1934 1935/1935/1935
f 1936/1936/1936 1937/1937/1937 1938/1938/1938
f 1939/1939/1939 1940/1940/1940 1941/1941/1941
f 1942/1942/1942 1943/1943/1943 1944/1944/1944
f 1945/1945/1945 1946/1946/1946 1947/1947/1947
f 1948/1948/1948 1949/1949/1949 1950/1950/1950
f 1951/1951/1951 1952/1952/1952 1953/1953/1953
f 1954/1954/1954 1955/1955/1955 1956/1956/1956
g rl_lower
f 1957/1957/1957 1958/1958/1958 1959/1959/1959
f 1960/1960/1960 1961/1961/1961 1962/1962/1962
f 1963/1963/1963 1964/1964/1964 1965/1965/1965
f 1966/1966/1966 1967/1967/1967 1968/1968/1968
f 1969/1969/1969 1970/1970/1970 1971/1971/1971
f 1972/1972/1972 1973/1973/1973 1974/1974/1974
f 1975/1975/1975 1976/1976/1976 1977/1977/1977
f 1978/1978/1978 1979/1979/1979 1980/1980/1980
f 1981/1981/1981 1982/1982/1982 1983/1983/1983
f 1984/1984/1984 1985/1985/1985 1986/1986/1986
f 1987/1987/1987 1988/1988/1988 1989/1989/1989
f 1990/1990/1990 1991/1991/1991 1992/1992/1992
f 1993/1993/1993 1994/1994/1994 1995/1995/1995
f 1996/1996/1996 1997/1997/1997 1998/1998/1998
f 1999/1999/1999 2000/2000/2000 2001/2001/2001
f 2002/2002/2002 2003/2003/2003 2004/2004/2004
f 2005/2005/2005 2006/2006/2006 2007/2007/2007
f 2008/2008/2008 2009/2009/2009 2010/2010/2010
f 2011/2011/2011 2012/2012/2012 2013/2013/2013
f 2014/2014/2014 2015/2015/2015 2016/2016/2016
g rl_foot
f 2017/2017/2017 2018/2018/2018 2019/2019/2019
f 2020/2020/2020 2021/2021/2021 2022/2022/2022
f 2023/2023/2023 2024/2024/2024 2025/2025/2025
f 2026/2026/2026 2027/2027/2027 2028/2028/2028
f 2029/2029/2029 2030/2030/2030 2031/2031/2031
f 2032/2032/2032 2033/2033/2033 2034/2034/2034
f 2035/2035/2035 2036/2036/2036 2037/2037/2037
f 2038/2038/2038 2039/2039/2039 2040/2040/2040
f 2041/2041/2041 2042/2042/2042 2043/2043/2043
f 2044/2044/2044 2045/2045/2045 2046/2046/2046
f 2047/2047/2047 2048/2048/2048 2049/2049/2049
f 2050/2050/2050 2051/2051/2051 2052/2052/2052
g rr_upper
f 2053/2053/2053 2054/2054/2054 2055/2055/2055
f 2056/2056/2056 2057/2057/2057 2058/2058/2058
f 2059/2059/2059 2060/2060/2060 2061/2061/2061
f 2062/2062/2062 2063/2063/2063 2064/2064/2064
f 2065/2065/2065 2066/2066/2066 2067/2067/2067
f 2068/2068/2068 2069/2069/2069 2070/2070/2070
f 2071/2071/2071 2072/2072/2072 2073/2073/2073
f 2074/2074/2074 2075/2075/2075 2076/2076/2076
f 2077/2077/2077 2078/2078/2078 2079/2079/2079
f 2080/2080/2080 2081/2081/2081 2082/2082/2082
f 2083/2083/2083 2084/2084/2084 2085/2085/2085
f 2086/2086/2086 2087/2087/2087 2088/2088/2088
f 2089/2089/2089 2090/2090/2090 2091/2091/2091
f 2092/2092/2092 2093/2093/2093 2094/2094/2094
f 2095/2095/2095 2096/2096/2096 2097/2097/2097
f 2098/2098/2098 2099/2099/2099 2100/2100/2100
f 2101/2101/2101 2102/2102/2102 2103/2103/2103
f 2104/2104/2104 2105/2105/2105 2106/2106/2106
f 2107/2107/2107 2108/2108/2108 2109/2109/2109
f 2110/2110/2110 2111/2111/2111 2112/2112/2112
g rr_lower
f 2113/2113/2113 2114/2114/2114 2115/2115/2115
f 2116/2116/2116 2117/2117/2117 2118/2118/2118
f 2119/2119/2119 2120/2120/2120 2121/2121/2121
f 2122/2122/2122 2123/2123/2123 2124/2124/2124
f 2125/2125/2125 2126/2126/2126 2127/2127/2127
f 2128/2128/2128 2129/2129/2129 2130/2130/2130
f 2131/2131/2131 2132/2132/2132 2133/2133/2133
f 2134/2134/2134 2135/2135/2135 2136/2136/2136
f 2137/2137/2137 2138/2138/2138 2139/2139/2139
f 2140/2140/2140 2141/2141/2141 2142/2142/2142
f 2143/2143/2143 2144/2144/2144 2145/2145/2145
f 2146/2146/2146 2147/2147/2147 2148/2148/2148
f 2149/2149/2149 2150/2150/2150 2151/2151/2151
f 2152/2152/2152 2153/2153/2153 2154/2154/2154
f 2155/2155/2155 2156/2156/2156 2157/2157/2157
f 2158/2158/2158 2159/2159/2159 2160/2160/2160
f 2161/2161/2161 2162/2162/2162 2163/2163/2163
f 2164/2164/2164 2165/2165/2165 2166/2166/2166
f 2167/2167/2167 2168/2168/2168 2169/2169/2169
f 2170/2170/2170 2171/2171/2171 2172/2172/2172
g rr_foot
f 2173/2173/2173 2174/2174/2174 2175/2175/2175
f 2176/2176/2176 2177/2177/2177 2178/2178/2178
f 2179/2179/2179 2180/2180/2180 2181/2181/2181
f 2182/2182/2182 2183/2183/2183 2184/2184/2184
f 2185/2185/2185 2186/2186/2186 2187/2187/2187
f 2188/2188/2188 2189/2189/2189 2190/2190/2190
f 2191/2191/2191 2192/2192/2192 2193/2193/2193
f 2194/2194/2194 2195/2195/2195 2196/2196/2196
f 2197/2197/2197 2198/2198/2198 2199/2199/2199
f 2200/2200/2200 2201/2201/2201 2202/2202/2202
f 2203/2203/2203 2204/2204/2204 2205/2205/2205
f 2206/2206/2206 2207/2207/2207 2208/2208/2208
