# SK_EBS_KHA_BLD_004
# Author: Angelis Pseftis
# Frame: Unreal +X forward, +Y right, +Z up; centimeters; no axis conversion
# Kit: ebs-meshkit-v3
# SK_EBS_KHA_BLD_004 LOD0 rest pose (listening)
# Revision ebs-kha-bld-004-concept-v1
# Unreal +X forward, +Y right, +Z up; centimetres
o SK_EBS_KHA_BLD_004
v 102.7196 16.2692 0.0
v 61.1297 84.1378 0.0
v 61.1297 84.1378 46.0
v 102.7196 16.2692 0.0
v 61.1297 84.1378 46.0
v 102.7196 16.2692 46.0
v 61.1297 84.1378 0.0
v -16.2692 102.7196 0.0
v -16.2692 102.7196 46.0
v 61.1297 84.1378 0.0
v -16.2692 102.7196 46.0
v 61.1297 84.1378 46.0
v -16.2692 102.7196 0.0
v -84.1378 61.1297 0.0
v -84.1378 61.1297 46.0
v -16.2692 102.7196 0.0
v -84.1378 61.1297 46.0
v -16.2692 102.7196 46.0
v -84.1378 61.1297 0.0
v -102.7196 -16.2692 0.0
v -102.7196 -16.2692 46.0
v -84.1378 61.1297 0.0
v -102.7196 -16.2692 46.0
v -84.1378 61.1297 46.0
v -102.7196 -16.2692 0.0
v -61.1297 -84.1378 0.0
v -61.1297 -84.1378 46.0
v -102.7196 -16.2692 0.0
v -61.1297 -84.1378 46.0
v -102.7196 -16.2692 46.0
v -61.1297 -84.1378 0.0
v 16.2692 -102.7196 0.0
v 16.2692 -102.7196 46.0
v -61.1297 -84.1378 0.0
v 16.2692 -102.7196 46.0
v -61.1297 -84.1378 46.0
v 16.2692 -102.7196 0.0
v 84.1378 -61.1297 0.0
v 84.1378 -61.1297 46.0
v 16.2692 -102.7196 0.0
v 84.1378 -61.1297 46.0
v 16.2692 -102.7196 46.0
v 84.1378 -61.1297 0.0
v 102.7196 16.2692 0.0
v 102.7196 16.2692 46.0
v 84.1378 -61.1297 0.0
v 102.7196 16.2692 46.0
v 84.1378 -61.1297 46.0
v 84.1378 -61.1297 0.0
v 16.2692 -102.7196 0.0
v -61.1297 -84.1378 0.0
v 84.1378 -61.1297 0.0
v -61.1297 -84.1378 0.0
v -102.7196 -16.2692 0.0
v 84.1378 -61.1297 0.0
v -102.7196 -16.2692 0.0
v -84.1378 61.1297 0.0
v 84.1378 -61.1297 0.0
v -84.1378 61.1297 0.0
v -16.2692 102.7196 0.0
v 84.1378 -61.1297 0.0
v -16.2692 102.7196 0.0
v 61.1297 84.1378 0.0
v 84.1378 -61.1297 0.0
v 61.1297 84.1378 0.0
v 102.7196 16.2692 0.0
v 102.7196 16.2692 46.0
v 61.1297 84.1378 46.0
v -16.2692 102.7196 46.0
v 102.7196 16.2692 46.0
v -16.2692 102.7196 46.0
v -84.1378 61.1297 46.0
v 102.7196 16.2692 46.0
v -84.1378 61.1297 46.0
v -102.7196 -16.2692 46.0
v 102.7196 16.2692 46.0
v -102.7196 -16.2692 46.0
v -61.1297 -84.1378 46.0
v 102.7196 16.2692 46.0
v -61.1297 -84.1378 46.0
v 16.2692 -102.7196 46.0
v 102.7196 16.2692 46.0
v 16.2692 -102.7196 46.0
v 84.1378 -61.1297 46.0
v 87.4972 28.4296 46.0
v 41.7671 81.9726 46.0
v 41.7671 81.9726 86.0
v 87.4972 28.4296 46.0
v 41.7671 81.9726 86.0
v 87.4972 28.4296 86.0
v 41.7671 81.9726 46.0
v -28.4296 87.4972 46.0
v -28.4296 87.4972 86.0
v 41.7671 81.9726 46.0
v -28.4296 87.4972 86.0
v 41.7671 81.9726 86.0
v -28.4296 87.4972 46.0
v -81.9726 41.7671 46.0
v -81.9726 41.7671 86.0
v -28.4296 87.4972 46.0
v -81.9726 41.7671 86.0
v -28.4296 87.4972 86.0
v -81.9726 41.7671 46.0
v -87.4972 -28.4296 46.0
v -87.4972 -28.4296 86.0
v -81.9726 41.7671 46.0
v -87.4972 -28.4296 86.0
v -81.9726 41.7671 86.0
v -87.4972 -28.4296 46.0
v -41.7671 -81.9726 46.0
v -41.7671 -81.9726 86.0
v -87.4972 -28.4296 46.0
v -41.7671 -81.9726 86.0
v -87.4972 -28.4296 86.0
v -41.7671 -81.9726 46.0
v 28.4296 -87.4972 46.0
v 28.4296 -87.4972 86.0
v -41.7671 -81.9726 46.0
v 28.4296 -87.4972 86.0
v -41.7671 -81.9726 86.0
v 28.4296 -87.4972 46.0
v 81.9726 -41.7671 46.0
v 81.9726 -41.7671 86.0
v 28.4296 -87.4972 46.0
v 81.9726 -41.7671 86.0
v 28.4296 -87.4972 86.0
v 81.9726 -41.7671 46.0
v 87.4972 28.4296 46.0
v 87.4972 28.4296 86.0
v 81.9726 -41.7671 46.0
v 87.4972 28.4296 86.0
v 81.9726 -41.7671 86.0
v 87.4972 28.4296 86.0
v 41.7671 81.9726 86.0
v -28.4296 87.4972 86.0
v 87.4972 28.4296 86.0
v -28.4296 87.4972 86.0
v -81.9726 41.7671 86.0
v 87.4972 28.4296 86.0
v -81.9726 41.7671 86.0
v -87.4972 -28.4296 86.0
v 87.4972 28.4296 86.0
v -87.4972 -28.4296 86.0
v -41.7671 -81.9726 86.0
v 87.4972 28.4296 86.0
v -41.7671 -81.9726 86.0
v 28.4296 -87.4972 86.0
v 87.4972 28.4296 86.0
v 28.4296 -87.4972 86.0
v 81.9726 -41.7671 86.0
v 71.2805 36.3192 86.0
v 24.7214 76.0845 86.0
v 24.7214 76.0845 118.0
v 71.2805 36.3192 86.0
v 24.7214 76.0845 118.0
v 71.2805 36.3192 118.0
v 24.7214 76.0845 86.0
v -36.3192 71.2805 86.0
v -36.3192 71.2805 118.0
v 24.7214 76.0845 86.0
v -36.3192 71.2805 118.0
v 24.7214 76.0845 118.0
v -36.3192 71.2805 86.0
v -76.0845 24.7214 86.0
v -76.0845 24.7214 118.0
v -36.3192 71.2805 86.0
v -76.0845 24.7214 118.0
v -36.3192 71.2805 118.0
v -76.0845 24.7214 86.0
v -71.2805 -36.3192 86.0
v -71.2805 -36.3192 118.0
v -76.0845 24.7214 86.0
v -71.2805 -36.3192 118.0
v -76.0845 24.7214 118.0
v -71.2805 -36.3192 86.0
v -24.7214 -76.0845 86.0
v -24.7214 -76.0845 118.0
v -71.2805 -36.3192 86.0
v -24.7214 -76.0845 118.0
v -71.2805 -36.3192 118.0
v -24.7214 -76.0845 86.0
v 36.3192 -71.2805 86.0
v 36.3192 -71.2805 118.0
v -24.7214 -76.0845 86.0
v 36.3192 -71.2805 118.0
v -24.7214 -76.0845 118.0
v 36.3192 -71.2805 86.0
v 76.0845 -24.7214 86.0
v 76.0845 -24.7214 118.0
v 36.3192 -71.2805 86.0
v 76.0845 -24.7214 118.0
v 36.3192 -71.2805 118.0
v 76.0845 -24.7214 86.0
v 71.2805 36.3192 86.0
v 71.2805 36.3192 118.0
v 76.0845 -24.7214 86.0
v 71.2805 36.3192 118.0
v 76.0845 -24.7214 118.0
v 71.2805 36.3192 118.0
v 24.7214 76.0845 118.0
v -36.3192 71.2805 118.0
v 71.2805 36.3192 118.0
v -36.3192 71.2805 118.0
v -76.0845 24.7214 118.0
v 71.2805 36.3192 118.0
v -76.0845 24.7214 118.0
v -71.2805 -36.3192 118.0
v 71.2805 36.3192 118.0
v -71.2805 -36.3192 118.0
v -24.7214 -76.0845 118.0
v 71.2805 36.3192 118.0
v -24.7214 -76.0845 118.0
v 36.3192 -71.2805 118.0
v 71.2805 36.3192 118.0
v 36.3192 -71.2805 118.0
v 76.0845 -24.7214 118.0
v 96.0 8.0 12.0
v 96.5322 0.0 19.9823
v 156.5322 0.0 15.9823
v 96.0 8.0 12.0
v 156.5322 0.0 15.9823
v 156.0 8.0 8.0
v 96.5322 0.0 19.9823
v 96.0 -8.0 12.0
v 156.0 -8.0 8.0
v 96.5322 0.0 19.9823
v 156.0 -8.0 8.0
v 156.5322 0.0 15.9823
v 96.0 -8.0 12.0
v 95.4678 0.0 4.0177
v 155.4678 0.0 0.0177
v 96.0 -8.0 12.0
v 155.4678 0.0 0.0177
v 156.0 -8.0 8.0
v 95.4678 0.0 4.0177
v 96.0 8.0 12.0
v 156.0 8.0 8.0
v 95.4678 0.0 4.0177
v 156.0 8.0 8.0
v 155.4678 0.0 0.0177
v 95.4678 0.0 4.0177
v 96.0 -8.0 12.0
v 96.5322 0.0 19.9823
v 95.4678 0.0 4.0177
v 96.5322 0.0 19.9823
v 96.0 8.0 12.0
v 156.0 8.0 8.0
v 156.5322 0.0 15.9823
v 156.0 -8.0 8.0
v 156.0 8.0 8.0
v 156.0 -8.0 8.0
v 155.4678 0.0 0.0177
v 151.7378 3.6324 8.0
v 156.1847 0.2167 13.5928
v 186.7655 36.0999 11.1928
v 151.7378 3.6324 8.0
v 186.7655 36.0999 11.1928
v 182.3186 39.5155 5.6
v 156.1847 0.2167 13.5928
v 160.2622 -3.6324 8.0
v 190.843 32.2508 5.6
v 156.1847 0.2167 13.5928
v 190.843 32.2508 5.6
v 186.7655 36.0999 11.1928
v 160.2622 -3.6324 8.0
v 155.8153 -0.2167 2.4072
v 186.3961 35.6665 0.0072
v 160.2622 -3.6324 8.0
v 186.3961 35.6665 0.0072
v 190.843 32.2508 5.6
v 155.8153 -0.2167 2.4072
v 151.7378 3.6324 8.0
v 182.3186 39.5155 5.6
v 155.8153 -0.2167 2.4072
v 182.3186 39.5155 5.6
v 186.3961 35.6665 0.0072
v 155.8153 -0.2167 2.4072
v 160.2622 -3.6324 8.0
v 156.1847 0.2167 13.5928
v 155.8153 -0.2167 2.4072
v 156.1847 0.2167 13.5928
v 151.7378 3.6324 8.0
v 182.3186 39.5155 5.6
v 186.7655 36.0999 11.1928
v 190.843 32.2508 5.6
v 182.3186 39.5155 5.6
v 190.843 32.2508 5.6
v 186.3961 35.6665 0.0072
v 72.9633 62.8995 12.0
v 78.0962 56.7402 19.9823
v 126.6372 92.0073 15.9823
v 72.9633 62.8995 12.0
v 126.6372 92.0073 15.9823
v 121.5044 98.1666 8.0
v 78.0962 56.7402 19.9823
v 82.3679 49.9552 12.0
v 130.9089 85.2224 8.0
v 78.0962 56.7402 19.9823
v 130.9089 85.2224 8.0
v 126.6372 92.0073 15.9823
v 82.3679 49.9552 12.0
v 77.2351 56.1146 4.0177
v 125.7761 91.3817 0.0177
v 82.3679 49.9552 12.0
v 125.7761 91.3817 0.0177
v 130.9089 85.2224 8.0
v 77.2351 56.1146 4.0177
v 72.9633 62.8995 12.0
v 121.5044 98.1666 8.0
v 77.2351 56.1146 4.0177
v 121.5044 98.1666 8.0
v 125.7761 91.3817 0.0177
v 77.2351 56.1146 4.0177
v 82.3679 49.9552 12.0
v 78.0962 56.7402 19.9823
v 77.2351 56.1146 4.0177
v 78.0962 56.7402 19.9823
v 72.9633 62.8995 12.0
v 121.5044 98.1666 8.0
v 126.6372 92.0073 15.9823
v 130.9089 85.2224 8.0
v 121.5044 98.1666 8.0
v 130.9089 85.2224 8.0
v 125.7761 91.3817 0.0177
v 120.6234 92.1279 8.0
v 126.2287 91.9783 13.5928
v 129.8775 138.9834 11.1928
v 120.6234 92.1279 8.0
v 129.8775 138.9834 11.1928
v 124.2722 139.133 5.6
v 126.2287 91.9783 13.5928
v 131.7899 91.2611 8.0
v 135.4386 138.2662 5.6
v 126.2287 91.9783 13.5928
v 135.4386 138.2662 5.6
v 129.8775 138.9834 11.1928
v 131.7899 91.2611 8.0
v 126.1846 91.4107 2.4072
v 129.8334 138.4157 0.0072
v 131.7899 91.2611 8.0
v 129.8334 138.4157 0.0072
v 135.4386 138.2662 5.6
v 126.1846 91.4107 2.4072
v 120.6234 92.1279 8.0
v 124.2722 139.133 5.6
v 126.1846 91.4107 2.4072
v 124.2722 139.133 5.6
v 129.8334 138.4157 0.0072
v 126.1846 91.4107 2.4072
v 131.7899 91.2611 8.0
v 126.2287 91.9783 13.5928
v 126.1846 91.4107 2.4072
v 126.2287 91.9783 13.5928
v 120.6234 92.1279 8.0
v 124.2722 139.133 5.6
v 129.8775 138.9834 11.1928
v 135.4386 138.2662 5.6
v 124.2722 139.133 5.6
v 135.4386 138.2662 5.6
v 129.8334 138.4157 0.0072
v 22.0572 93.7736 12.0
v 29.8301 91.8075 19.9823
v 48.3711 148.8709 15.9823
v 22.0572 93.7736 12.0
v 48.3711 148.8709 15.9823
v 40.5982 150.837 8.0
v 29.8301 91.8075 19.9823
v 37.2741 88.8293 12.0
v 55.8151 145.8927 8.0
v 29.8301 91.8075 19.9823
v 55.8151 145.8927 8.0
v 48.3711 148.8709 15.9823
v 37.2741 88.8293 12.0
v 29.5012 90.7953 4.0177
v 48.0422 147.8587 0.0177
v 37.2741 88.8293 12.0
v 48.0422 147.8587 0.0177
v 55.8151 145.8927 8.0
v 29.5012 90.7953 4.0177
v 22.0572 93.7736 12.0
v 40.5982 150.837 8.0
v 29.5012 90.7953 4.0177
v 40.5982 150.837 8.0
v 48.0422 147.8587 0.0177
v 29.5012 90.7953 4.0177
v 37.2741 88.8293 12.0
v 29.8301 91.8075 19.9823
v 29.5012 90.7953 4.0177
v 29.8301 91.8075 19.9823
v 22.0572 93.7736 12.0
v 40.5982 150.837 8.0
v 48.3711 148.8709 15.9823
v 55.8151 145.8927 8.0
v 40.5982 150.837 8.0
v 55.8151 145.8927 8.0
v 48.0422 147.8587 0.0177
v 43.435 145.4337 8.0
v 48.0576 148.6074 13.5928
v 23.3807 188.78 11.1928
v 43.435 145.4337 8.0
v 23.3807 188.78 11.1928
v 18.758 185.6063 5.6
v 48.0576 148.6074 13.5928
v 52.9783 151.2959 8.0
v 28.3013 191.4685 5.6
v 48.0576 148.6074 13.5928
v 28.3013 191.4685 5.6
v 23.3807 188.78 11.1928
v 52.9783 151.2959 8.0
v 48.3557 148.1222 2.4072
v 23.6787 188.2948 0.0072
v 52.9783 151.2959 8.0
v 23.6787 188.2948 0.0072
v 28.3013 191.4685 5.6
v 48.3557 148.1222 2.4072
v 43.435 145.4337 8.0
v 18.758 185.6063 5.6
v 48.3557 148.1222 2.4072
v 18.758 185.6063 5.6
v 23.6787 188.2948 0.0072
v 48.3557 148.1222 2.4072
v 52.9783 151.2959 8.0
v 48.0576 148.6074 13.5928
v 48.3557 148.1222 2.4072
v 48.0576 148.6074 13.5928
v 43.435 145.4337 8.0
v 18.758 185.6063 5.6
v 23.3807 188.78 11.1928
v 28.3013 191.4685 5.6
v 18.758 185.6063 5.6
v 28.3013 191.4685 5.6
v 23.6787 188.2948 0.0072
v -37.2741 88.8293 12.0
v -29.8301 91.8075 19.9823
v -48.3711 148.8709 15.9823
v -37.2741 88.8293 12.0
v -48.3711 148.8709 15.9823
v -55.8151 145.8927 8.0
v -29.8301 91.8075 19.9823
v -22.0572 93.7736 12.0
v -40.5982 150.837 8.0
v -29.8301 91.8075 19.9823
v -40.5982 150.837 8.0
v -48.3711 148.8709 15.9823
v -22.0572 93.7736 12.0
v -29.5012 90.7953 4.0177
v -48.0422 147.8587 0.0177
v -22.0572 93.7736 12.0
v -48.0422 147.8587 0.0177
v -40.5982 150.837 8.0
v -29.5012 90.7953 4.0177
v -37.2741 88.8293 12.0
v -55.8151 145.8927 8.0
v -29.5012 90.7953 4.0177
v -55.8151 145.8927 8.0
v -48.0422 147.8587 0.0177
v -29.5012 90.7953 4.0177
v -22.0572 93.7736 12.0
v -29.8301 91.8075 19.9823
v -29.5012 90.7953 4.0177
v -29.8301 91.8075 19.9823
v -37.2741 88.8293 12.0
v -55.8151 145.8927 8.0
v -48.3711 148.8709 15.9823
v -40.5982 150.837 8.0
v -55.8151 145.8927 8.0
v -40.5982 150.837 8.0
v -48.0422 147.8587 0.0177
v -50.3441 143.1888 8.0
v -48.4698 148.4735 13.5928
v -92.0467 166.469 11.1928
v -50.3441 143.1888 8.0
v -92.0467 166.469 11.1928
v -93.9211 161.1844 5.6
v -48.4698 148.4735 13.5928
v -46.0692 153.5408 8.0
v -89.6461 171.5364 5.6
v -48.4698 148.4735 13.5928
v -89.6461 171.5364 5.6
v -92.0467 166.469 11.1928
v -46.0692 153.5408 8.0
v -47.9435 148.2561 2.4072
v -91.5204 166.2517 0.0072
v -46.0692 153.5408 8.0
v -91.5204 166.2517 0.0072
v -89.6461 171.5364 5.6
v -47.9435 148.2561 2.4072
v -50.3441 143.1888 8.0
v -93.9211 161.1844 5.6
v -47.9435 148.2561 2.4072
v -93.9211 161.1844 5.6
v -91.5204 166.2517 0.0072
v -47.9435 148.2561 2.4072
v -46.0692 153.5408 8.0
v -48.4698 148.4735 13.5928
v -47.9435 148.2561 2.4072
v -48.4698 148.4735 13.5928
v -50.3441 143.1888 8.0
v -93.9211 161.1844 5.6
v -92.0467 166.469 11.1928
v -89.6461 171.5364 5.6
v -93.9211 161.1844 5.6
v -89.6461 171.5364 5.6
v -91.5204 166.2517 0.0072
v -82.3679 49.9552 12.0
v -78.0962 56.7402 19.9823
v -126.6372 92.0073 15.9823
v -82.3679 49.9552 12.0
v -126.6372 92.0073 15.9823
v -130.9089 85.2224 8.0
v -78.0962 56.7402 19.9823
v -72.9633 62.8995 12.0
v -121.5044 98.1666 8.0
v -78.0962 56.7402 19.9823
v -121.5044 98.1666 8.0
v -126.6372 92.0073 15.9823
v -72.9633 62.8995 12.0
v -77.2351 56.1146 4.0177
v -125.7761 91.3817 0.0177
v -72.9633 62.8995 12.0
v -125.7761 91.3817 0.0177
v -121.5044 98.1666 8.0
v -77.2351 56.1146 4.0177
v -82.3679 49.9552 12.0
v -130.9089 85.2224 8.0
v -77.2351 56.1146 4.0177
v -130.9089 85.2224 8.0
v -125.7761 91.3817 0.0177
v -77.2351 56.1146 4.0177
v -72.9633 62.8995 12.0
v -78.0962 56.7402 19.9823
v -77.2351 56.1146 4.0177
v -78.0962 56.7402 19.9823
v -82.3679 49.9552 12.0
v -130.9089 85.2224 8.0
v -126.6372 92.0073 15.9823
v -121.5044 98.1666 8.0
v -130.9089 85.2224 8.0
v -121.5044 98.1666 8.0
v -125.7761 91.3817 0.0177
v -124.8935 86.2506 8.0
v -126.4834 91.6277 13.5928
v -172.3154 80.5726 11.1928
v -124.8935 86.2506 8.0
v -172.3154 80.5726 11.1928
v -170.7255 75.1955 5.6
v -126.4834 91.6277 13.5928
v -127.5198 97.1384 8.0
v -173.3518 86.0832 5.6
v -126.4834 91.6277 13.5928
v -173.3518 86.0832 5.6
v -172.3154 80.5726 11.1928
v -127.5198 97.1384 8.0
v -125.9299 91.7613 2.4072
v -171.7619 80.7061 0.0072
v -127.5198 97.1384 8.0
v -171.7619 80.7061 0.0072
v -173.3518 86.0832 5.6
v -125.9299 91.7613 2.4072
v -124.8935 86.2506 8.0
v -170.7255 75.1955 5.6
v -125.9299 91.7613 2.4072
v -170.7255 75.1955 5.6
v -171.7619 80.7061 0.0072
v -125.9299 91.7613 2.4072
v -127.5198 97.1384 8.0
v -126.4834 91.6277 13.5928
v -125.9299 91.7613 2.4072
v -126.4834 91.6277 13.5928
v -124.8935 86.2506 8.0
v -170.7255 75.1955 5.6
v -172.3154 80.5726 11.1928
v -173.3518 86.0832 5.6
v -170.7255 75.1955 5.6
v -173.3518 86.0832 5.6
v -171.7619 80.7061 0.0072
v -96.0 -8.0 12.0
v -96.5322 0.0 19.9823
v -156.5322 0.0 15.9823
v -96.0 -8.0 12.0
v -156.5322 0.0 15.9823
v -156.0 -8.0 8.0
v -96.5322 0.0 19.9823
v -96.0 8.0 12.0
v -156.0 8.0 8.0
v -96.5322 0.0 19.9823
v -156.0 8.0 8.0
v -156.5322 0.0 15.9823
v -96.0 8.0 12.0
v -95.4678 0.0 4.0177
v -155.4678 0.0 0.0177
v -96.0 8.0 12.0
v -155.4678 0.0 0.0177
v -156.0 8.0 8.0
v -95.4678 0.0 4.0177
v -96.0 -8.0 12.0
v -156.0 -8.0 8.0
v -95.4678 0.0 4.0177
v -156.0 -8.0 8.0
v -155.4678 0.0 0.0177
v -95.4678 0.0 4.0177
v -96.0 8.0 12.0
v -96.5322 0.0 19.9823
v -95.4678 0.0 4.0177
v -96.5322 0.0 19.9823
v -96.0 -8.0 12.0
v -156.0 -8.0 8.0
v -156.5322 0.0 15.9823
v -156.0 8.0 8.0
v -156.0 -8.0 8.0
v -156.0 8.0 8.0
v -155.4678 0.0 0.0177
v -151.7378 -3.6324 8.0
v -156.1847 -0.2167 13.5928
v -186.7655 -36.0999 11.1928
v -151.7378 -3.6324 8.0
v -186.7655 -36.0999 11.1928
v -182.3186 -39.5155 5.6
v -156.1847 -0.2167 13.5928
v -160.2622 3.6324 8.0
v -190.843 -32.2508 5.6
v -156.1847 -0.2167 13.5928
v -190.843 -32.2508 5.6
v -186.7655 -36.0999 11.1928
v -160.2622 3.6324 8.0
v -155.8153 0.2167 2.4072
v -186.3961 -35.6665 0.0072
v -160.2622 3.6324 8.0
v -186.3961 -35.6665 0.0072
v -190.843 -32.2508 5.6
v -155.8153 0.2167 2.4072
v -151.7378 -3.6324 8.0
v -182.3186 -39.5155 5.6
v -155.8153 0.2167 2.4072
v -182.3186 -39.5155 5.6
v -186.3961 -35.6665 0.0072
v -155.8153 0.2167 2.4072
v -160.2622 3.6324 8.0
v -156.1847 -0.2167 13.5928
v -155.8153 0.2167 2.4072
v -156.1847 -0.2167 13.5928
v -151.7378 -3.6324 8.0
v -182.3186 -39.5155 5.6
v -186.7655 -36.0999 11.1928
v -190.843 -32.2508 5.6
v -182.3186 -39.5155 5.6
v -190.843 -32.2508 5.6
v -186.3961 -35.6665 0.0072
v -72.9633 -62.8995 12.0
v -78.0962 -56.7402 19.9823
v -126.6372 -92.0073 15.9823
v -72.9633 -62.8995 12.0
v -126.6372 -92.0073 15.9823
v -121.5044 -98.1666 8.0
v -78.0962 -56.7402 19.9823
v -82.3679 -49.9552 12.0
v -130.9089 -85.2224 8.0
v -78.0962 -56.7402 19.9823
v -130.9089 -85.2224 8.0
v -126.6372 -92.0073 15.9823
v -82.3679 -49.9552 12.0
v -77.2351 -56.1146 4.0177
v -125.7761 -91.3817 0.0177
v -82.3679 -49.9552 12.0
v -125.7761 -91.3817 0.0177
v -130.9089 -85.2224 8.0
v -77.2351 -56.1146 4.0177
v -72.9633 -62.8995 12.0
v -121.5044 -98.1666 8.0
v -77.2351 -56.1146 4.0177
v -121.5044 -98.1666 8.0
v -125.7761 -91.3817 0.0177
v -77.2351 -56.1146 4.0177
v -82.3679 -49.9552 12.0
v -78.0962 -56.7402 19.9823
v -77.2351 -56.1146 4.0177
v -78.0962 -56.7402 19.9823
v -72.9633 -62.8995 12.0
v -121.5044 -98.1666 8.0
v -126.6372 -92.0073 15.9823
v -130.9089 -85.2224 8.0
v -121.5044 -98.1666 8.0
v -130.9089 -85.2224 8.0
v -125.7761 -91.3817 0.0177
v -120.6234 -92.1279 8.0
v -126.2287 -91.9783 13.5928
v -129.8775 -138.9834 11.1928
v -120.6234 -92.1279 8.0
v -129.8775 -138.9834 11.1928
v -124.2722 -139.133 5.6
v -126.2287 -91.9783 13.5928
v -131.7899 -91.2611 8.0
v -135.4386 -138.2662 5.6
v -126.2287 -91.9783 13.5928
v -135.4386 -138.2662 5.6
v -129.8775 -138.9834 11.1928
v -131.7899 -91.2611 8.0
v -126.1846 -91.4107 2.4072
v -129.8334 -138.4157 0.0072
v -131.7899 -91.2611 8.0
v -129.8334 -138.4157 0.0072
v -135.4386 -138.2662 5.6
v -126.1846 -91.4107 2.4072
v -120.6234 -92.1279 8.0
v -124.2722 -139.133 5.6
v -126.1846 -91.4107 2.4072
v -124.2722 -139.133 5.6
v -129.8334 -138.4157 0.0072
v -126.1846 -91.4107 2.4072
v -131.7899 -91.2611 8.0
v -126.2287 -91.9783 13.5928
v -126.1846 -91.4107 2.4072
v -126.2287 -91.9783 13.5928
v -120.6234 -92.1279 8.0
v -124.2722 -139.133 5.6
v -129.8775 -138.9834 11.1928
v -135.4386 -138.2662 5.6
v -124.2722 -139.133 5.6
v -135.4386 -138.2662 5.6
v -129.8334 -138.4157 0.0072
v -22.0572 -93.7736 12.0
v -29.8301 -91.8075 19.9823
v -48.3711 -148.8709 15.9823
v -22.0572 -93.7736 12.0
v -48.3711 -148.8709 15.9823
v -40.5982 -150.837 8.0
v -29.8301 -91.8075 19.9823
v -37.2741 -88.8293 12.0
v -55.8151 -145.8927 8.0
v -29.8301 -91.8075 19.9823
v -55.8151 -145.8927 8.0
v -48.3711 -148.8709 15.9823
v -37.2741 -88.8293 12.0
v -29.5012 -90.7953 4.0177
v -48.0422 -147.8587 0.0177
v -37.2741 -88.8293 12.0
v -48.0422 -147.8587 0.0177
v -55.8151 -145.8927 8.0
v -29.5012 -90.7953 4.0177
v -22.0572 -93.7736 12.0
v -40.5982 -150.837 8.0
v -29.5012 -90.7953 4.0177
v -40.5982 -150.837 8.0
v -48.0422 -147.8587 0.0177
v -29.5012 -90.7953 4.0177
v -37.2741 -88.8293 12.0
v -29.8301 -91.8075 19.9823
v -29.5012 -90.7953 4.0177
v -29.8301 -91.8075 19.9823
v -22.0572 -93.7736 12.0
v -40.5982 -150.837 8.0
v -48.3711 -148.8709 15.9823
v -55.8151 -145.8927 8.0
v -40.5982 -150.837 8.0
v -55.8151 -145.8927 8.0
v -48.0422 -147.8587 0.0177
v -43.435 -145.4337 8.0
v -48.0576 -148.6074 13.5928
v -23.3807 -188.78 11.1928
v -43.435 -145.4337 8.0
v -23.3807 -188.78 11.1928
v -18.758 -185.6063 5.6
v -48.0576 -148.6074 13.5928
v -52.9783 -151.2959 8.0
v -28.3013 -191.4685 5.6
v -48.0576 -148.6074 13.5928
v -28.3013 -191.4685 5.6
v -23.3807 -188.78 11.1928
v -52.9783 -151.2959 8.0
v -48.3557 -148.1222 2.4072
v -23.6787 -188.2948 0.0072
v -52.9783 -151.2959 8.0
v -23.6787 -188.2948 0.0072
v -28.3013 -191.4685 5.6
v -48.3557 -148.1222 2.4072
v -43.435 -145.4337 8.0
v -18.758 -185.6063 5.6
v -48.3557 -148.1222 2.4072
v -18.758 -185.6063 5.6
v -23.6787 -188.2948 0.0072
v -48.3557 -148.1222 2.4072
v -52.9783 -151.2959 8.0
v -48.0576 -148.6074 13.5928
v -48.3557 -148.1222 2.4072
v -48.0576 -148.6074 13.5928
v -43.435 -145.4337 8.0
v -18.758 -185.6063 5.6
v -23.3807 -188.78 11.1928
v -28.3013 -191.4685 5.6
v -18.758 -185.6063 5.6
v -28.3013 -191.4685 5.6
v -23.6787 -188.2948 0.0072
v 37.2741 -88.8293 12.0
v 29.8301 -91.8075 19.9823
v 48.3711 -148.8709 15.9823
v 37.2741 -88.8293 12.0
v 48.3711 -148.8709 15.9823
v 55.8151 -145.8927 8.0
v 29.8301 -91.8075 19.9823
v 22.0572 -93.7736 12.0
v 40.5982 -150.837 8.0
v 29.8301 -91.8075 19.9823
v 40.5982 -150.837 8.0
v 48.3711 -148.8709 15.9823
v 22.0572 -93.7736 12.0
v 29.5012 -90.7953 4.0177
v 48.0422 -147.8587 0.0177
v 22.0572 -93.7736 12.0
v 48.0422 -147.8587 0.0177
v 40.5982 -150.837 8.0
v 29.5012 -90.7953 4.0177
v 37.2741 -88.8293 12.0
v 55.8151 -145.8927 8.0
v 29.5012 -90.7953 4.0177
v 55.8151 -145.8927 8.0
v 48.0422 -147.8587 0.0177
v 29.5012 -90.7953 4.0177
v 22.0572 -93.7736 12.0
v 29.8301 -91.8075 19.9823
v 29.5012 -90.7953 4.0177
v 29.8301 -91.8075 19.9823
v 37.2741 -88.8293 12.0
v 55.8151 -145.8927 8.0
v 48.3711 -148.8709 15.9823
v 40.5982 -150.837 8.0
v 55.8151 -145.8927 8.0
v 40.5982 -150.837 8.0
v 48.0422 -147.8587 0.0177
v 50.3441 -143.1888 8.0
v 48.4698 -148.4735 13.5928
v 92.0467 -166.469 11.1928
v 50.3441 -143.1888 8.0
v 92.0467 -166.469 11.1928
v 93.9211 -161.1844 5.6
v 48.4698 -148.4735 13.5928
v 46.0692 -153.5408 8.0
v 89.6461 -171.5364 5.6
v 48.4698 -148.4735 13.5928
v 89.6461 -171.5364 5.6
v 92.0467 -166.469 11.1928
v 46.0692 -153.5408 8.0
v 47.9435 -148.2561 2.4072
v 91.5204 -166.2517 0.0072
v 46.0692 -153.5408 8.0
v 91.5204 -166.2517 0.0072
v 89.6461 -171.5364 5.6
v 47.9435 -148.2561 2.4072
v 50.3441 -143.1888 8.0
v 93.9211 -161.1844 5.6
v 47.9435 -148.2561 2.4072
v 93.9211 -161.1844 5.6
v 91.5204 -166.2517 0.0072
v 47.9435 -148.2561 2.4072
v 46.0692 -153.5408 8.0
v 48.4698 -148.4735 13.5928
v 47.9435 -148.2561 2.4072
v 48.4698 -148.4735 13.5928
v 50.3441 -143.1888 8.0
v 93.9211 -161.1844 5.6
v 92.0467 -166.469 11.1928
v 89.6461 -171.5364 5.6
v 93.9211 -161.1844 5.6
v 89.6461 -171.5364 5.6
v 91.5204 -166.2517 0.0072
v 82.3679 -49.9552 12.0
v 78.0962 -56.7402 19.9823
v 126.6372 -92.0073 15.9823
v 82.3679 -49.9552 12.0
v 126.6372 -92.0073 15.9823
v 130.9089 -85.2224 8.0
v 78.0962 -56.7402 19.9823
v 72.9633 -62.8995 12.0
v 121.5044 -98.1666 8.0
v 78.0962 -56.7402 19.9823
v 121.5044 -98.1666 8.0
v 126.6372 -92.0073 15.9823
v 72.9633 -62.8995 12.0
v 77.2351 -56.1146 4.0177
v 125.7761 -91.3817 0.0177
v 72.9633 -62.8995 12.0
v 125.7761 -91.3817 0.0177
v 121.5044 -98.1666 8.0
v 77.2351 -56.1146 4.0177
v 82.3679 -49.9552 12.0
v 130.9089 -85.2224 8.0
v 77.2351 -56.1146 4.0177
v 130.9089 -85.2224 8.0
v 125.7761 -91.3817 0.0177
v 77.2351 -56.1146 4.0177
v 72.9633 -62.8995 12.0
v 78.0962 -56.7402 19.9823
v 77.2351 -56.1146 4.0177
v 78.0962 -56.7402 19.9823
v 82.3679 -49.9552 12.0
v 130.9089 -85.2224 8.0
v 126.6372 -92.0073 15.9823
v 121.5044 -98.1666 8.0
v 130.9089 -85.2224 8.0
v 121.5044 -98.1666 8.0
v 125.7761 -91.3817 0.0177
v 124.8935 -86.2506 8.0
v 126.4834 -91.6277 13.5928
v 172.3154 -80.5726 11.1928
v 124.8935 -86.2506 8.0
v 172.3154 -80.5726 11.1928
v 170.7255 -75.1955 5.6
v 126.4834 -91.6277 13.5928
v 127.5198 -97.1384 8.0
v 173.3518 -86.0832 5.6
v 126.4834 -91.6277 13.5928
v 173.3518 -86.0832 5.6
v 172.3154 -80.5726 11.1928
v 127.5198 -97.1384 8.0
v 125.9299 -91.7613 2.4072
v 171.7619 -80.7061 0.0072
v 127.5198 -97.1384 8.0
v 171.7619 -80.7061 0.0072
v 173.3518 -86.0832 5.6
v 125.9299 -91.7613 2.4072
v 124.8935 -86.2506 8.0
v 170.7255 -75.1955 5.6
v 125.9299 -91.7613 2.4072
v 170.7255 -75.1955 5.6
v 171.7619 -80.7061 0.0072
v 125.9299 -91.7613 2.4072
v 127.5198 -97.1384 8.0
v 126.4834 -91.6277 13.5928
v 125.9299 -91.7613 2.4072
v 126.4834 -91.6277 13.5928
v 124.8935 -86.2506 8.0
v 170.7255 -75.1955 5.6
v 172.3154 -80.5726 11.1928
v 173.3518 -86.0832 5.6
v 170.7255 -75.1955 5.6
v 173.3518 -86.0832 5.6
v 171.7619 -80.7061 0.0072
v 67.5 0.0 118.0
v 47.7297 47.7297 118.0
v 31.1316 49.983 181.4444
v 67.5 0.0 118.0
v 31.1316 49.983 181.4444
v 57.6785 14.1069 181.4444
v 47.7297 47.7297 118.0
v 0.0 67.5 118.0
v -13.0082 56.5798 181.4444
v 47.7297 47.7297 118.0
v -13.0082 56.5798 181.4444
v 31.1316 49.983 181.4444
v 0.0 67.5 118.0
v -47.7297 47.7297 118.0
v -48.8843 30.0328 181.4444
v 0.0 67.5 118.0
v -48.8843 30.0328 181.4444
v -13.0082 56.5798 181.4444
v -47.7297 47.7297 118.0
v -67.5 0.0 118.0
v -55.481 -14.1069 181.4444
v -47.7297 47.7297 118.0
v -55.481 -14.1069 181.4444
v -48.8843 30.0328 181.4444
v -67.5 0.0 118.0
v -47.7297 -47.7297 118.0
v -28.9341 -49.983 181.4444
v -67.5 0.0 118.0
v -28.9341 -49.983 181.4444
v -55.481 -14.1069 181.4444
v -47.7297 -47.7297 118.0
v 0.0 -67.5 118.0
v 15.2057 -56.5798 181.4444
v -47.7297 -47.7297 118.0
v 15.2057 -56.5798 181.4444
v -28.9341 -49.983 181.4444
v 0.0 -67.5 118.0
v 47.7297 -47.7297 118.0
v 51.0818 -30.0328 181.4444
v 0.0 -67.5 118.0
v 51.0818 -30.0328 181.4444
v 15.2057 -56.5798 181.4444
v 47.7297 -47.7297 118.0
v 67.5 0.0 118.0
v 57.6785 14.1069 181.4444
v 47.7297 -47.7297 118.0
v 57.6785 14.1069 181.4444
v 51.0818 -30.0328 181.4444
v 47.7297 -47.7297 118.0
v 0.0 -67.5 118.0
v -47.7297 -47.7297 118.0
v 47.7297 -47.7297 118.0
v -47.7297 -47.7297 118.0
v -67.5 0.0 118.0
v 47.7297 -47.7297 118.0
v -67.5 0.0 118.0
v -47.7297 47.7297 118.0
v 47.7297 -47.7297 118.0
v -47.7297 47.7297 118.0
v 0.0 67.5 118.0
v 47.7297 -47.7297 118.0
v 0.0 67.5 118.0
v 47.7297 47.7297 118.0
v 47.7297 -47.7297 118.0
v 47.7297 47.7297 118.0
v 67.5 0.0 118.0
v 57.6785 14.1069 181.4444
v 31.1316 49.983 181.4444
v 18.8727 47.3542 244.8889
v 57.6785 14.1069 181.4444
v 18.8727 47.3542 244.8889
v 48.1168 23.2473 244.8889
v 31.1316 49.983 181.4444
v -13.0082 56.5798 181.4444
v -18.8522 43.7217 244.8889
v 31.1316 49.983 181.4444
v -18.8522 43.7217 244.8889
v 18.8727 47.3542 244.8889
v -13.0082 56.5798 181.4444
v -48.8843 30.0328 181.4444
v -42.9592 14.4776 244.8889
v -13.0082 56.5798 181.4444
v -42.9592 14.4776 244.8889
v -18.8522 43.7217 244.8889
v -48.8843 30.0328 181.4444
v -55.481 -14.1069 181.4444
v -39.3267 -23.2473 244.8889
v -48.8843 30.0328 181.4444
v -39.3267 -23.2473 244.8889
v -42.9592 14.4776 244.8889
v -55.481 -14.1069 181.4444
v -28.9341 -49.983 181.4444
v -10.0826 -47.3542 244.8889
v -55.481 -14.1069 181.4444
v -10.0826 -47.3542 244.8889
v -39.3267 -23.2473 244.8889
v -28.9341 -49.983 181.4444
v 15.2057 -56.5798 181.4444
v 27.6423 -43.7217 244.8889
v -28.9341 -49.983 181.4444
v 27.6423 -43.7217 244.8889
v -10.0826 -47.3542 244.8889
v 15.2057 -56.5798 181.4444
v 51.0818 -30.0328 181.4444
v 51.7493 -14.4776 244.8889
v 15.2057 -56.5798 181.4444
v 51.7493 -14.4776 244.8889
v 27.6423 -43.7217 244.8889
v 51.0818 -30.0328 181.4444
v 57.6785 14.1069 181.4444
v 48.1168 23.2473 244.8889
v 51.0818 -30.0328 181.4444
v 48.1168 23.2473 244.8889
v 51.7493 -14.4776 244.8889
v 48.1168 23.2473 244.8889
v 18.8727 47.3542 244.8889
v 12.0427 41.0976 308.3333
v 48.1168 23.2473 244.8889
v 12.0427 41.0976 308.3333
v 40.4723 27.5374 308.3333
v 18.8727 47.3542 244.8889
v -18.8522 43.7217 244.8889
v -17.6485 30.5834 308.3333
v 18.8727 47.3542 244.8889
v -17.6485 30.5834 308.3333
v 12.0427 41.0976 308.3333
v -18.8522 43.7217 244.8889
v -42.9592 14.4776 244.8889
v -31.2087 2.1538 308.3333
v -18.8522 43.7217 244.8889
v -31.2087 2.1538 308.3333
v -17.6485 30.5834 308.3333
v -42.9592 14.4776 244.8889
v -39.3267 -23.2473 244.8889
v -20.6945 -27.5374 308.3333
v -42.9592 14.4776 244.8889
v -20.6945 -27.5374 308.3333
v -31.2087 2.1538 308.3333
v -39.3267 -23.2473 244.8889
v -10.0826 -47.3542 244.8889
v 7.7351 -41.0976 308.3333
v -39.3267 -23.2473 244.8889
v 7.7351 -41.0976 308.3333
v -20.6945 -27.5374 308.3333
v -10.0826 -47.3542 244.8889
v 27.6423 -43.7217 244.8889
v 37.4263 -30.5834 308.3333
v -10.0826 -47.3542 244.8889
v 37.4263 -30.5834 308.3333
v 7.7351 -41.0976 308.3333
v 27.6423 -43.7217 244.8889
v 51.7493 -14.4776 244.8889
v 50.9865 -2.1538 308.3333
v 27.6423 -43.7217 244.8889
v 50.9865 -2.1538 308.3333
v 37.4263 -30.5834 308.3333
v 51.7493 -14.4776 244.8889
v 48.1168 23.2473 244.8889
v 40.4723 27.5374 308.3333
v 51.7493 -14.4776 244.8889
v 40.4723 27.5374 308.3333
v 50.9865 -2.1538 308.3333
v 40.4723 27.5374 308.3333
v 12.0427 41.0976 308.3333
v 11.2328 32.6547 371.7778
v 40.4723 27.5374 308.3333
v 11.2328 32.6547 371.7778
v 36.1823 27.5786 371.7778
v 12.0427 41.0976 308.3333
v -17.6485 30.5834 308.3333
v -9.9984 18.602 371.7778
v 12.0427 41.0976 308.3333
v -9.9984 18.602 371.7778
v 11.2328 32.6547 371.7778
v -17.6485 30.5834 308.3333
v -31.2087 2.1538 308.3333
v -15.0744 -6.3474 371.7778
v -17.6485 30.5834 308.3333
v -15.0744 -6.3474 371.7778
v -9.9984 18.602 371.7778
v -31.2087 2.1538 308.3333
v -20.6945 -27.5374 308.3333
v -1.0218 -27.5786 371.7778
v -31.2087 2.1538 308.3333
v -1.0218 -27.5786 371.7778
v -15.0744 -6.3474 371.7778
v -20.6945 -27.5374 308.3333
v 7.7351 -41.0976 308.3333
v 23.9277 -32.6547 371.7778
v -20.6945 -27.5374 308.3333
v 23.9277 -32.6547 371.7778
v -1.0218 -27.5786 371.7778
v 7.7351 -41.0976 308.3333
v 37.4263 -30.5834 308.3333
v 45.1589 -18.602 371.7778
v 7.7351 -41.0976 308.3333
v 45.1589 -18.602 371.7778
v 23.9277 -32.6547 371.7778
v 37.4263 -30.5834 308.3333
v 50.9865 -2.1538 308.3333
v 50.2349 6.3474 371.7778
v 37.4263 -30.5834 308.3333
v 50.2349 6.3474 371.7778
v 45.1589 -18.602 371.7778
v 50.9865 -2.1538 308.3333
v 40.4723 27.5374 308.3333
v 36.1823 27.5786 371.7778
v 50.9865 -2.1538 308.3333
v 36.1823 27.5786 371.7778
v 50.2349 6.3474 371.7778
v 36.1823 27.5786 371.7778
v 11.2328 32.6547 371.7778
v 16.5175 23.4859 435.2222
v 36.1823 27.5786 371.7778
v 16.5175 23.4859 435.2222
v 36.3322 24.351 435.2222
v 11.2328 32.6547 371.7778
v -9.9984 18.602 371.7778
v 3.1181 8.8631 435.2222
v 11.2328 32.6547 371.7778
v 3.1181 8.8631 435.2222
v 16.5175 23.4859 435.2222
v -9.9984 18.602 371.7778
v -15.0744 -6.3474 371.7778
v 3.9832 -10.9517 435.2222
v -9.9984 18.602 371.7778
v 3.9832 -10.9517 435.2222
v 3.1181 8.8631 435.2222
v -15.0744 -6.3474 371.7778
v -1.0218 -27.5786 371.7778
v 18.6061 -24.351 435.2222
v -15.0744 -6.3474 371.7778
v 18.6061 -24.351 435.2222
v 3.9832 -10.9517 435.2222
v -1.0218 -27.5786 371.7778
v 23.9277 -32.6547 371.7778
v 38.4208 -23.4859 435.2222
v -1.0218 -27.5786 371.7778
v 38.4208 -23.4859 435.2222
v 18.6061 -24.351 435.2222
v 23.9277 -32.6547 371.7778
v 45.1589 -18.602 371.7778
v 51.8202 -8.8631 435.2222
v 23.9277 -32.6547 371.7778
v 51.8202 -8.8631 435.2222
v 38.4208 -23.4859 435.2222
v 45.1589 -18.602 371.7778
v 50.2349 6.3474 371.7778
v 50.955 10.9517 435.2222
v 45.1589 -18.602 371.7778
v 50.955 10.9517 435.2222
v 51.8202 -8.8631 435.2222
v 50.2349 6.3474 371.7778
v 36.1823 27.5786 371.7778
v 36.3322 24.351 435.2222
v 50.2349 6.3474 371.7778
v 36.3322 24.351 435.2222
v 50.955 10.9517 435.2222
v 36.3322 24.351 435.2222
v 16.5175 23.4859 435.2222
v 27.4833 14.9079 498.6667
v 36.3322 24.351 435.2222
v 27.4833 14.9079 498.6667
v 41.5607 19.0779 498.6667
v 16.5175 23.4859 435.2222
v 3.1181 8.8631 435.2222
v 20.4777 2.0052 498.6667
v 16.5175 23.4859 435.2222
v 20.4777 2.0052 498.6667
v 27.4833 14.9079 498.6667
v 3.1181 8.8631 435.2222
v 3.9832 -10.9517 435.2222
v 24.6476 -12.0722 498.6667
v 3.1181 8.8631 435.2222
v 24.6476 -12.0722 498.6667
v 20.4777 2.0052 498.6667
v 3.9832 -10.9517 435.2222
v 18.6061 -24.351 435.2222
v 37.5504 -19.0779 498.6667
v 3.9832 -10.9517 435.2222
v 37.5504 -19.0779 498.6667
v 24.6476 -12.0722 498.6667
v 18.6061 -24.351 435.2222
v 38.4208 -23.4859 435.2222
v 51.6278 -14.9079 498.6667
v 18.6061 -24.351 435.2222
v 51.6278 -14.9079 498.6667
v 37.5504 -19.0779 498.6667
v 38.4208 -23.4859 435.2222
v 51.8202 -8.8631 435.2222
v 58.6334 -2.0052 498.6667
v 38.4208 -23.4859 435.2222
v 58.6334 -2.0052 498.6667
v 51.6278 -14.9079 498.6667
v 51.8202 -8.8631 435.2222
v 50.955 10.9517 435.2222
v 54.4635 12.0722 498.6667
v 51.8202 -8.8631 435.2222
v 54.4635 12.0722 498.6667
v 58.6334 -2.0052 498.6667
v 50.955 10.9517 435.2222
v 36.3322 24.351 435.2222
v 41.5607 19.0779 498.6667
v 50.955 10.9517 435.2222
v 41.5607 19.0779 498.6667
v 54.4635 12.0722 498.6667
v 41.5607 19.0779 498.6667
v 27.4833 14.9079 498.6667
v 43.2941 7.9466 562.1111
v 41.5607 19.0779 498.6667
v 43.2941 7.9466 562.1111
v 52.0018 13.0758 562.1111
v 27.4833 14.9079 498.6667
v 20.4777 2.0052 498.6667
v 40.7637 -1.8377 562.1111
v 27.4833 14.9079 498.6667
v 40.7637 -1.8377 562.1111
v 43.2941 7.9466 562.1111
v 20.4777 2.0052 498.6667
v 24.6476 -12.0722 498.6667
v 45.8929 -10.5454 562.1111
v 20.4777 2.0052 498.6667
v 45.8929 -10.5454 562.1111
v 40.7637 -1.8377 562.1111
v 24.6476 -12.0722 498.6667
v 37.5504 -19.0779 498.6667
v 55.6772 -13.0758 562.1111
v 24.6476 -12.0722 498.6667
v 55.6772 -13.0758 562.1111
v 45.8929 -10.5454 562.1111
v 37.5504 -19.0779 498.6667
v 51.6278 -14.9079 498.6667
v 64.385 -7.9466 562.1111
v 37.5504 -19.0779 498.6667
v 64.385 -7.9466 562.1111
v 55.6772 -13.0758 562.1111
v 51.6278 -14.9079 498.6667
v 58.6334 -2.0052 498.6667
v 66.9153 1.8377 562.1111
v 51.6278 -14.9079 498.6667
v 66.9153 1.8377 562.1111
v 64.385 -7.9466 562.1111
v 58.6334 -2.0052 498.6667
v 54.4635 12.0722 498.6667
v 61.7861 10.5454 562.1111
v 58.6334 -2.0052 498.6667
v 61.7861 10.5454 562.1111
v 66.9153 1.8377 562.1111
v 54.4635 12.0722 498.6667
v 41.5607 19.0779 498.6667
v 52.0018 13.0758 562.1111
v 54.4635 12.0722 498.6667
v 52.0018 13.0758 562.1111
v 61.7861 10.5454 562.1111
v 52.0018 13.0758 562.1111
v 43.2941 7.9466 562.1111
v 62.7558 3.2112 625.5556
v 52.0018 13.0758 562.1111
v 62.7558 3.2112 625.5556
v 67.2423 7.6201 625.5556
v 43.2941 7.9466 562.1111
v 40.7637 -1.8377 562.1111
v 62.7009 -3.0787 625.5556
v 43.2941 7.9466 562.1111
v 62.7009 -3.0787 625.5556
v 62.7558 3.2112 625.5556
v 40.7637 -1.8377 562.1111
v 45.8929 -10.5454 562.1111
v 67.1098 -7.5652 625.5556
v 40.7637 -1.8377 562.1111
v 67.1098 -7.5652 625.5556
v 62.7009 -3.0787 625.5556
v 45.8929 -10.5454 562.1111
v 55.6772 -13.0758 562.1111
v 73.3997 -7.6201 625.5556
v 45.8929 -10.5454 562.1111
v 73.3997 -7.6201 625.5556
v 67.1098 -7.5652 625.5556
v 55.6772 -13.0758 562.1111
v 64.385 -7.9466 562.1111
v 77.8862 -3.2112 625.5556
v 55.6772 -13.0758 562.1111
v 77.8862 -3.2112 625.5556
v 73.3997 -7.6201 625.5556
v 64.385 -7.9466 562.1111
v 66.9153 1.8377 562.1111
v 77.941 3.0787 625.5556
v 64.385 -7.9466 562.1111
v 77.941 3.0787 625.5556
v 77.8862 -3.2112 625.5556
v 66.9153 1.8377 562.1111
v 61.7861 10.5454 562.1111
v 73.5322 7.5652 625.5556
v 66.9153 1.8377 562.1111
v 73.5322 7.5652 625.5556
v 77.941 3.0787 625.5556
v 61.7861 10.5454 562.1111
v 52.0018 13.0758 562.1111
v 67.2423 7.6201 625.5556
v 61.7861 10.5454 562.1111
v 67.2423 7.6201 625.5556
v 73.5322 7.5652 625.5556
v 67.2423 7.6201 625.5556
v 62.7558 3.2112 625.5556
v 84.0616 0.7822 689.0
v 67.2423 7.6201 625.5556
v 84.0616 0.7822 689.0
v 86.0611 4.0451 689.0
v 62.7558 3.2112 625.5556
v 62.7009 -3.0787 625.5556
v 84.9549 -2.9389 689.0
v 62.7558 3.2112 625.5556
v 84.9549 -2.9389 689.0
v 84.0616 0.7822 689.0
v 62.7009 -3.0787 625.5556
v 67.1098 -7.5652 625.5556
v 88.2178 -4.9384 689.0
v 62.7009 -3.0787 625.5556
v 88.2178 -4.9384 689.0
v 84.9549 -2.9389 689.0
v 67.1098 -7.5652 625.5556
v 73.3997 -7.6201 625.5556
v 91.9389 -4.0451 689.0
v 67.1098 -7.5652 625.5556
v 91.9389 -4.0451 689.0
v 88.2178 -4.9384 689.0
v 73.3997 -7.6201 625.5556
v 77.8862 -3.2112 625.5556
v 93.9384 -0.7822 689.0
v 73.3997 -7.6201 625.5556
v 93.9384 -0.7822 689.0
v 91.9389 -4.0451 689.0
v 77.8862 -3.2112 625.5556
v 77.941 3.0787 625.5556
v 93.0451 2.9389 689.0
v 77.8862 -3.2112 625.5556
v 93.0451 2.9389 689.0
v 93.9384 -0.7822 689.0
v 77.941 3.0787 625.5556
v 73.5322 7.5652 625.5556
v 89.7822 4.9384 689.0
v 77.941 3.0787 625.5556
v 89.7822 4.9384 689.0
v 93.0451 2.9389 689.0
v 73.5322 7.5652 625.5556
v 67.2423 7.6201 625.5556
v 86.0611 4.0451 689.0
v 73.5322 7.5652 625.5556
v 86.0611 4.0451 689.0
v 89.7822 4.9384 689.0
v 74.4302 0.0 625.5556
v 73.2267 2.9057 625.5556
v 89.0 0.0 711.0
v 73.2267 2.9057 625.5556
v 70.321 4.1092 625.5556
v 89.0 0.0 711.0
v 70.321 4.1092 625.5556
v 67.4153 2.9057 625.5556
v 89.0 0.0 711.0
v 67.4153 2.9057 625.5556
v 66.2117 0.0 625.5556
v 89.0 0.0 711.0
v 66.2117 0.0 625.5556
v 67.4153 -2.9057 625.5556
v 89.0 0.0 711.0
v 67.4153 -2.9057 625.5556
v 70.321 -4.1092 625.5556
v 89.0 0.0 711.0
v 70.321 -4.1092 625.5556
v 73.2267 -2.9057 625.5556
v 89.0 0.0 711.0
v 73.2267 -2.9057 625.5556
v 74.4302 0.0 625.5556
v 89.0 0.0 711.0
v -60.1403 -14.505 134.1287
v -60.1403 14.505 134.1287
v -60.1403 14.505 170.3912
v -60.1403 -14.505 134.1287
v -60.1403 14.505 170.3912
v -60.1403 -14.505 170.3912
v -80.4473 -14.505 134.1287
v -80.4473 -14.505 170.3912
v -80.4473 14.505 170.3912
v -80.4473 -14.505 134.1287
v -80.4473 14.505 170.3912
v -80.4473 14.505 134.1287
v -80.4473 14.505 134.1287
v -80.4473 14.505 170.3912
v -60.1403 14.505 170.3912
v -80.4473 14.505 134.1287
v -60.1403 14.505 170.3912
v -60.1403 14.505 134.1287
v -80.4473 -14.505 134.1287
v -60.1403 -14.505 134.1287
v -60.1403 -14.505 170.3912
v -80.4473 -14.505 134.1287
v -60.1403 -14.505 170.3912
v -80.4473 -14.505 170.3912
v -80.4473 -14.505 170.3912
v -60.1403 -14.505 170.3912
v -60.1403 14.505 170.3912
v -80.4473 -14.505 170.3912
v -60.1403 14.505 170.3912
v -80.4473 14.505 170.3912
v -80.4473 -14.505 134.1287
v -80.4473 14.505 134.1287
v -60.1403 14.505 134.1287
v -80.4473 -14.505 134.1287
v -60.1403 14.505 134.1287
v -60.1403 -14.505 134.1287
v -51.8872 -13.812 182.959
v -51.8872 13.812 182.959
v -51.8872 13.812 217.489
v -51.8872 -13.812 182.959
v -51.8872 13.812 217.489
v -51.8872 -13.812 217.489
v -71.224 -13.812 182.959
v -71.224 -13.812 217.489
v -71.224 13.812 217.489
v -71.224 -13.812 182.959
v -71.224 13.812 217.489
v -71.224 13.812 182.959
v -71.224 13.812 182.959
v -71.224 13.812 217.489
v -51.8872 13.812 217.489
v -71.224 13.812 182.959
v -51.8872 13.812 217.489
v -51.8872 13.812 182.959
v -71.224 -13.812 182.959
v -51.8872 -13.812 182.959
v -51.8872 -13.812 217.489
v -71.224 -13.812 182.959
v -51.8872 -13.812 217.489
v -71.224 -13.812 217.489
v -71.224 -13.812 217.489
v -51.8872 -13.812 217.489
v -51.8872 13.812 217.489
v -71.224 -13.812 217.489
v -51.8872 13.812 217.489
v -71.224 13.812 217.489
v -71.224 -13.812 182.959
v -71.224 13.812 182.959
v -51.8872 13.812 182.959
v -71.224 -13.812 182.959
v -51.8872 13.812 182.959
v -51.8872 -13.812 182.959
v -42.6088 -13.119 231.7892
v -42.6088 13.119 231.7892
v -42.6088 13.119 264.5867
v -42.6088 -13.119 231.7892
v -42.6088 13.119 264.5867
v -42.6088 -13.119 264.5867
v -60.9754 -13.119 231.7892
v -60.9754 -13.119 264.5867
v -60.9754 13.119 264.5867
v -60.9754 -13.119 231.7892
v -60.9754 13.119 264.5867
v -60.9754 13.119 231.7892
v -60.9754 13.119 231.7892
v -60.9754 13.119 264.5867
v -42.6088 13.119 264.5867
v -60.9754 13.119 231.7892
v -42.6088 13.119 264.5867
v -42.6088 13.119 231.7892
v -60.9754 -13.119 231.7892
v -42.6088 -13.119 231.7892
v -42.6088 -13.119 264.5867
v -60.9754 -13.119 231.7892
v -42.6088 -13.119 264.5867
v -60.9754 -13.119 264.5867
v -60.9754 -13.119 264.5867
v -42.6088 -13.119 264.5867
v -42.6088 13.119 264.5867
v -60.9754 -13.119 264.5867
v -42.6088 13.119 264.5867
v -60.9754 13.119 264.5867
v -60.9754 -13.119 231.7892
v -60.9754 13.119 231.7892
v -42.6088 13.119 231.7892
v -60.9754 -13.119 231.7892
v -42.6088 13.119 231.7892
v -42.6088 -13.119 231.7892
v -32.3213 -12.426 280.6195
v -32.3213 12.426 280.6195
v -32.3213 12.426 311.6845
v -32.3213 -12.426 280.6195
v -32.3213 12.426 311.6845
v -32.3213 -12.426 311.6845
v -49.7177 -12.426 280.6195
v -49.7177 -12.426 311.6845
v -49.7177 12.426 311.6845
v -49.7177 -12.426 280.6195
v -49.7177 12.426 311.6845
v -49.7177 12.426 280.6195
v -49.7177 12.426 280.6195
v -49.7177 12.426 311.6845
v -32.3213 12.426 311.6845
v -49.7177 12.426 280.6195
v -32.3213 12.426 311.6845
v -32.3213 12.426 280.6195
v -49.7177 -12.426 280.6195
v -32.3213 -12.426 280.6195
v -32.3213 -12.426 311.6845
v -49.7177 -12.426 280.6195
v -32.3213 -12.426 311.6845
v -49.7177 -12.426 311.6845
v -49.7177 -12.426 311.6845
v -32.3213 -12.426 311.6845
v -32.3213 12.426 311.6845
v -49.7177 -12.426 311.6845
v -32.3213 12.426 311.6845
v -49.7177 12.426 311.6845
v -49.7177 -12.426 280.6195
v -49.7177 12.426 280.6195
v -32.3213 12.426 280.6195
v -49.7177 -12.426 280.6195
v -32.3213 12.426 280.6195
v -32.3213 -12.426 280.6195
v -21.0439 -11.733 329.4497
v -21.0439 11.733 329.4497
v -21.0439 11.733 358.7822
v -21.0439 -11.733 329.4497
v -21.0439 11.733 358.7822
v -21.0439 -11.733 358.7822
v -37.4701 -11.733 329.4497
v -37.4701 -11.733 358.7822
v -37.4701 11.733 358.7822
v -37.4701 -11.733 329.4497
v -37.4701 11.733 358.7822
v -37.4701 11.733 329.4497
v -37.4701 11.733 329.4497
v -37.4701 11.733 358.7822
v -21.0439 11.733 358.7822
v -37.4701 11.733 329.4497
v -21.0439 11.733 358.7822
v -21.0439 11.733 329.4497
v -37.4701 -11.733 329.4497
v -21.0439 -11.733 329.4497
v -21.0439 -11.733 358.7822
v -37.4701 -11.733 329.4497
v -21.0439 -11.733 358.7822
v -37.4701 -11.733 358.7822
v -37.4701 -11.733 358.7822
v -21.0439 -11.733 358.7822
v -21.0439 11.733 358.7822
v -37.4701 -11.733 358.7822
v -21.0439 11.733 358.7822
v -37.4701 11.733 358.7822
v -37.4701 -11.733 329.4497
v -37.4701 11.733 329.4497
v -21.0439 11.733 329.4497
v -37.4701 -11.733 329.4497
v -21.0439 11.733 329.4497
v -21.0439 -11.733 329.4497
v -8.8002 -11.04 378.28
v -8.8002 11.04 378.28
v -8.8002 11.04 405.88
v -8.8002 -11.04 378.28
v -8.8002 11.04 405.88
v -8.8002 -11.04 405.88
v -24.2562 -11.04 378.28
v -24.2562 -11.04 405.88
v -24.2562 11.04 405.88
v -24.2562 -11.04 378.28
v -24.2562 11.04 405.88
v -24.2562 11.04 378.28
v -24.2562 11.04 378.28
v -24.2562 11.04 405.88
v -8.8002 11.04 405.88
v -24.2562 11.04 378.28
v -8.8002 11.04 405.88
v -8.8002 11.04 378.28
v -24.2562 -11.04 378.28
v -8.8002 -11.04 378.28
v -8.8002 -11.04 405.88
v -24.2562 -11.04 378.28
v -8.8002 -11.04 405.88
v -24.2562 -11.04 405.88
v -24.2562 -11.04 405.88
v -8.8002 -11.04 405.88
v -8.8002 11.04 405.88
v -24.2562 -11.04 405.88
v -8.8002 11.04 405.88
v -24.2562 11.04 405.88
v -24.2562 -11.04 378.28
v -24.2562 11.04 378.28
v -8.8002 11.04 378.28
v -24.2562 -11.04 378.28
v -8.8002 11.04 378.28
v -8.8002 -11.04 378.28
v 4.3799 -10.347 427.1103
v 4.3799 10.347 427.1103
v 4.3799 10.347 452.9778
v 4.3799 -10.347 427.1103
v 4.3799 10.347 452.9778
v 4.3799 -10.347 452.9778
v -10.1059 -10.347 427.1103
v -10.1059 -10.347 452.9778
v -10.1059 10.347 452.9778
v -10.1059 -10.347 427.1103
v -10.1059 10.347 452.9778
v -10.1059 10.347 427.1103
v -10.1059 10.347 427.1103
v -10.1059 10.347 452.9778
v 4.3799 10.347 452.9778
v -10.1059 10.347 427.1103
v 4.3799 10.347 452.9778
v 4.3799 10.347 427.1103
v -10.1059 -10.347 427.1103
v 4.3799 -10.347 427.1103
v 4.3799 -10.347 452.9778
v -10.1059 -10.347 427.1103
v 4.3799 -10.347 452.9778
v -10.1059 -10.347 452.9778
v -10.1059 -10.347 452.9778
v 4.3799 -10.347 452.9778
v 4.3799 10.347 452.9778
v -10.1059 -10.347 452.9778
v 4.3799 10.347 452.9778
v -10.1059 10.347 452.9778
v -10.1059 -10.347 427.1103
v -10.1059 10.347 427.1103
v 4.3799 10.347 427.1103
v -10.1059 -10.347 427.1103
v 4.3799 10.347 427.1103
v 4.3799 -10.347 427.1103
v 18.4575 -9.654 475.9405
v 18.4575 9.654 475.9405
v 18.4575 9.654 500.0755
v 18.4575 -9.654 475.9405
v 18.4575 9.654 500.0755
v 18.4575 -9.654 500.0755
v 4.9419 -9.654 475.9405
v 4.9419 -9.654 500.0755
v 4.9419 9.654 500.0755
v 4.9419 -9.654 475.9405
v 4.9419 9.654 500.0755
v 4.9419 9.654 475.9405
v 4.9419 9.654 475.9405
v 4.9419 9.654 500.0755
v 18.4575 9.654 500.0755
v 4.9419 9.654 475.9405
v 18.4575 9.654 500.0755
v 18.4575 9.654 475.9405
v 4.9419 -9.654 475.9405
v 18.4575 -9.654 475.9405
v 18.4575 -9.654 500.0755
v 4.9419 -9.654 475.9405
v 18.4575 -9.654 500.0755
v 4.9419 -9.654 500.0755
v 4.9419 -9.654 500.0755
v 18.4575 -9.654 500.0755
v 18.4575 9.654 500.0755
v 4.9419 -9.654 500.0755
v 18.4575 9.654 500.0755
v 4.9419 9.654 500.0755
v 4.9419 -9.654 475.9405
v 4.9419 9.654 475.9405
v 18.4575 9.654 475.9405
v 4.9419 -9.654 475.9405
v 18.4575 9.654 475.9405
v 18.4575 -9.654 475.9405
v 33.3781 -8.961 524.7708
v 33.3781 8.961 524.7708
v 33.3781 8.961 547.1732
v 33.3781 -8.961 524.7708
v 33.3781 8.961 547.1732
v 33.3781 -8.961 547.1732
v 20.8327 -8.961 524.7708
v 20.8327 -8.961 547.1732
v 20.8327 8.961 547.1732
v 20.8327 -8.961 524.7708
v 20.8327 8.961 547.1732
v 20.8327 8.961 524.7708
v 20.8327 8.961 524.7708
v 20.8327 8.961 547.1732
v 33.3781 8.961 547.1732
v 20.8327 8.961 524.7708
v 33.3781 8.961 547.1732
v 33.3781 8.961 524.7708
v 20.8327 -8.961 524.7708
v 33.3781 -8.961 524.7708
v 33.3781 -8.961 547.1732
v 20.8327 -8.961 524.7708
v 33.3781 -8.961 547.1732
v 20.8327 -8.961 547.1732
v 20.8327 -8.961 547.1732
v 33.3781 -8.961 547.1732
v 33.3781 8.961 547.1732
v 20.8327 -8.961 547.1732
v 33.3781 8.961 547.1732
v 20.8327 8.961 547.1732
v 20.8327 -8.961 524.7708
v 20.8327 8.961 524.7708
v 33.3781 8.961 524.7708
v 20.8327 -8.961 524.7708
v 33.3781 8.961 524.7708
v 33.3781 -8.961 524.7708
v 49.0598 -8.268 573.601
v 49.0598 8.268 573.601
v 49.0598 8.268 594.271
v 49.0598 -8.268 573.601
v 49.0598 8.268 594.271
v 49.0598 -8.268 594.271
v 37.4846 -8.268 573.601
v 37.4846 -8.268 594.271
v 37.4846 8.268 594.271
v 37.4846 -8.268 573.601
v 37.4846 8.268 594.271
v 37.4846 8.268 573.601
v 37.4846 8.268 573.601
v 37.4846 8.268 594.271
v 49.0598 8.268 594.271
v 37.4846 8.268 573.601
v 49.0598 8.268 594.271
v 49.0598 8.268 573.601
v 37.4846 -8.268 573.601
v 49.0598 -8.268 573.601
v 49.0598 -8.268 594.271
v 37.4846 -8.268 573.601
v 49.0598 -8.268 594.271
v 37.4846 -8.268 594.271
v 37.4846 -8.268 594.271
v 49.0598 -8.268 594.271
v 49.0598 8.268 594.271
v 37.4846 -8.268 594.271
v 49.0598 8.268 594.271
v 37.4846 8.268 594.271
v 37.4846 -8.268 573.601
v 37.4846 8.268 573.601
v 49.0598 8.268 573.601
v 37.4846 -8.268 573.601
v 49.0598 8.268 573.601
v 49.0598 -8.268 573.601
v 65.3587 -7.575 622.4313
v 65.3587 7.575 622.4313
v 65.3587 7.575 641.3688
v 65.3587 -7.575 622.4313
v 65.3587 7.575 641.3688
v 65.3587 -7.575 641.3688
v 54.7537 -7.575 622.4313
v 54.7537 -7.575 641.3688
v 54.7537 7.575 641.3688
v 54.7537 -7.575 622.4313
v 54.7537 7.575 641.3688
v 54.7537 7.575 622.4313
v 54.7537 7.575 622.4313
v 54.7537 7.575 641.3688
v 65.3587 7.575 641.3688
v 54.7537 7.575 622.4313
v 65.3587 7.575 641.3688
v 65.3587 7.575 622.4313
v 54.7537 -7.575 622.4313
v 65.3587 -7.575 622.4313
v 65.3587 -7.575 641.3688
v 54.7537 -7.575 622.4313
v 65.3587 -7.575 641.3688
v 54.7537 -7.575 641.3688
v 54.7537 -7.575 641.3688
v 65.3587 -7.575 641.3688
v 65.3587 7.575 641.3688
v 54.7537 -7.575 641.3688
v 65.3587 7.575 641.3688
v 54.7537 7.575 641.3688
v 54.7537 -7.575 622.4313
v 54.7537 7.575 622.4313
v 65.3587 7.575 622.4313
v 54.7537 -7.575 622.4313
v 65.3587 7.575 622.4313
v 65.3587 -7.575 622.4313
vt 0.0636 1.0
vt 0.3287 1.0
vt 0.3287 1.1797
vt 0.0636 1.0
vt 0.3287 1.1797
vt 0.0636 1.1797
vt 0.2388 1.0
vt -0.0636 1.0
vt -0.0636 1.1797
vt 0.2388 1.0
vt -0.0636 1.1797
vt 0.2388 1.1797
vt -0.0636 1.0
vt -0.3287 1.0
vt -0.3287 1.1797
vt -0.0636 1.0
vt -0.3287 1.1797
vt -0.0636 1.1797
vt 0.2388 1.0
vt -0.0636 1.0
vt -0.0636 1.1797
vt 0.2388 1.0
vt -0.0636 1.1797
vt 0.2388 1.1797
vt -0.0636 1.0
vt -0.3287 1.0
vt -0.3287 1.1797
vt -0.0636 1.0
vt -0.3287 1.1797
vt -0.0636 1.1797
vt -0.2388 1.0
vt 0.0636 1.0
vt 0.0636 1.1797
vt -0.2388 1.0
vt 0.0636 1.1797
vt -0.2388 1.1797
vt 0.0636 1.0
vt 0.3287 1.0
vt 0.3287 1.1797
vt 0.0636 1.0
vt 0.3287 1.1797
vt 0.0636 1.1797
vt -0.2388 1.0
vt 0.0636 1.0
vt 0.0636 1.1797
vt -0.2388 1.0
vt 0.0636 1.1797
vt -0.2388 1.1797
vt 0.3287 1.2388
vt 0.0636 1.4012
vt -0.2388 1.3287
vt 0.3287 1.2388
vt -0.2388 1.3287
vt -0.4012 1.0636
vt 0.3287 1.2388
vt -0.4012 1.0636
vt -0.3287 0.7612
vt 0.3287 1.2388
vt -0.3287 0.7612
vt -0.0636 0.5988
vt 0.3287 1.2388
vt -0.0636 0.5988
vt 0.2388 0.6713
vt 0.3287 1.2388
vt 0.2388 0.6713
vt 0.4012 0.9364
vt 0.4012 0.9364
vt 0.2388 0.6713
vt -0.0636 0.5988
vt 0.4012 0.9364
vt -0.0636 0.5988
vt -0.3287 0.7612
vt 0.4012 0.9364
vt -0.3287 0.7612
vt -0.4012 1.0636
vt 0.4012 0.9364
vt -0.4012 1.0636
vt -0.2388 1.3287
vt 0.4012 0.9364
vt -0.2388 1.3287
vt 0.0636 1.4012
vt 0.4012 0.9364
vt 0.0636 1.4012
vt 0.3287 1.2388
vt 0.1111 1.1797
vt 0.3202 1.1797
vt 0.3202 1.3359
vt 0.1111 1.1797
vt 0.3202 1.3359
vt 0.1111 1.3359
vt 0.1632 1.1797
vt -0.1111 1.1797
vt -0.1111 1.3359
vt 0.1632 1.1797
vt -0.1111 1.3359
vt 0.1632 1.3359
vt -0.1111 1.1797
vt -0.3202 1.1797
vt -0.3202 1.3359
vt -0.1111 1.1797
vt -0.3202 1.3359
vt -0.1111 1.3359
vt 0.1632 1.1797
vt -0.1111 1.1797
vt -0.1111 1.3359
vt 0.1632 1.1797
vt -0.1111 1.3359
vt 0.1632 1.3359
vt -0.1111 1.1797
vt -0.3202 1.1797
vt -0.3202 1.3359
vt -0.1111 1.1797
vt -0.3202 1.3359
vt -0.1111 1.3359
vt -0.1632 1.1797
vt 0.1111 1.1797
vt 0.1111 1.3359
vt -0.1632 1.1797
vt 0.1111 1.3359
vt -0.1632 1.3359
vt 0.1111 1.1797
vt 0.3202 1.1797
vt 0.3202 1.3359
vt 0.1111 1.1797
vt 0.3202 1.3359
vt 0.1111 1.3359
vt -0.1632 1.1797
vt 0.1111 1.1797
vt 0.1111 1.3359
vt -0.1632 1.1797
vt 0.1111 1.3359
vt -0.1632 1.3359
vt 0.3418 0.8889
vt 0.1632 0.6798
vt -0.1111 0.6582
vt 0.3418 0.8889
vt -0.1111 0.6582
vt -0.3202 0.8368
vt 0.3418 0.8889
vt -0.3202 0.8368
vt -0.3418 1.1111
vt 0.3418 0.8889
vt -0.3418 1.1111
vt -0.1632 1.3202
vt 0.3418 0.8889
vt -0.1632 1.3202
vt 0.1111 1.3418
vt 0.3418 0.8889
vt 0.1111 1.3418
vt 0.3202 1.1632
vt 0.2784 1.3359
vt 0.0966 1.3359
vt 0.0966 1.4609
vt 0.2784 1.3359
vt 0.0966 1.4609
vt 0.2784 1.4609
vt 0.0966 1.3359
vt -0.1419 1.3359
vt -0.1419 1.4609
vt 0.0966 1.3359
vt -0.1419 1.4609
vt 0.0966 1.4609
vt 0.2784 1.3359
vt 0.0966 1.3359
vt 0.0966 1.4609
vt 0.2784 1.3359
vt 0.0966 1.4609
vt 0.2784 1.4609
vt 0.0966 1.3359
vt -0.1419 1.3359
vt -0.1419 1.4609
vt 0.0966 1.3359
vt -0.1419 1.4609
vt 0.0966 1.4609
vt -0.2784 1.3359
vt -0.0966 1.3359
vt -0.0966 1.4609
vt -0.2784 1.3359
vt -0.0966 1.4609
vt -0.2784 1.4609
vt -0.0966 1.3359
vt 0.1419 1.3359
vt 0.1419 1.4609
vt -0.0966 1.3359
vt 0.1419 1.4609
vt -0.0966 1.4609
vt -0.2784 1.3359
vt -0.0966 1.3359
vt -0.0966 1.4609
vt -0.2784 1.3359
vt -0.0966 1.4609
vt -0.2784 1.4609
vt -0.0966 1.3359
vt 0.1419 1.3359
vt 0.1419 1.4609
vt -0.0966 1.3359
vt 0.1419 1.4609
vt -0.0966 1.4609
vt 0.2784 0.8581
vt 0.0966 0.7028
vt -0.1419 0.7216
vt 0.2784 0.8581
vt -0.1419 0.7216
vt -0.2972 0.9034
vt 0.2784 0.8581
vt -0.2972 0.9034
vt -0.2784 1.1419
vt 0.2784 0.8581
vt -0.2784 1.1419
vt -0.0966 1.2972
vt 0.2784 0.8581
vt -0.0966 1.2972
vt 0.1419 1.2784
vt 0.2784 0.8581
vt 0.1419 1.2784
vt 0.2972 1.0966
vt 0.375 1.0469
vt 0.3771 1.0781
vt 0.6115 1.0624
vt 0.375 1.0469
vt 0.6115 1.0624
vt 0.6094 1.0312
vt 0.3771 1.0781
vt 0.375 1.0469
vt 0.6094 1.0313
vt 0.3771 1.0781
vt 0.6094 1.0313
vt 0.6115 1.0624
vt 0.375 1.0469
vt 0.3729 1.0157
vt 0.6073 1.0001
vt 0.375 1.0469
vt 0.6073 1.0001
vt 0.6094 1.0313
vt 0.3729 1.0157
vt 0.375 1.0469
vt 0.6094 1.0312
vt 0.3729 1.0157
vt 0.6094 1.0312
vt 0.6073 1.0001
vt 0.0 1.0157
vt -0.0312 1.0469
vt 0.0 1.0781
vt 0.0 1.0157
vt 0.0 1.0781
vt 0.0312 1.0469
vt 0.0312 1.0312
vt 0.0 1.0624
vt -0.0312 1.0313
vt 0.0312 1.0312
vt -0.0312 1.0313
vt 0.0 1.0001
vt 0.5927 0.9858
vt 0.6101 0.9992
vt 0.7296 0.859
vt 0.5927 0.9858
vt 0.7296 0.859
vt 0.7122 0.8456
vt 0.6101 0.9992
vt 0.626 1.0142
vt 0.7455 0.874
vt 0.6101 0.9992
vt 0.7455 0.874
vt 0.7296 0.859
vt 0.626 1.0142
vt 0.6087 1.0008
vt 0.7281 0.8607
vt 0.626 1.0142
vt 0.7281 0.8607
vt 0.7455 0.874
vt 0.6087 1.0008
vt 0.5927 0.9858
vt 0.7122 0.8456
vt 0.6087 1.0008
vt 0.7122 0.8456
vt 0.7281 0.8607
vt 0.6087 1.0094
vt 0.626 1.0312
vt 0.6101 1.0531
vt 0.6087 1.0094
vt 0.6101 1.0531
vt 0.5927 1.0312
vt 0.7122 1.0219
vt 0.7296 1.0437
vt 0.7455 1.0219
vt 0.7122 1.0219
vt 0.7455 1.0219
vt 0.7281 1.0
vt 0.285 0.7543
vt 0.3051 0.7784
vt 0.4947 0.6406
vt 0.285 0.7543
vt 0.4947 0.6406
vt 0.4746 0.6165
vt 0.3051 0.7784
vt 0.3217 0.8049
vt 0.5114 0.6671
vt 0.3051 0.7784
vt 0.5114 0.6671
vt 0.4947 0.6406
vt 0.3217 0.8049
vt 0.3017 0.7808
vt 0.4913 0.643
vt 0.3217 0.8049
vt 0.4913 0.643
vt 0.5114 0.6671
vt 0.3017 0.7808
vt 0.285 0.7543
vt 0.4746 0.6165
vt 0.3017 0.7808
vt 0.4746 0.6165
vt 0.4913 0.643
vt 0.2192 1.0157
vt 0.1951 1.0469
vt 0.2216 1.0781
vt 0.2192 1.0157
vt 0.2216 1.0781
vt 0.2457 1.0469
vt 0.3835 1.0312
vt 0.3594 1.0624
vt 0.3329 1.0313
vt 0.3835 1.0312
vt 0.3329 1.0313
vt 0.357 1.0001
vt 0.4712 0.6401
vt 0.4931 0.6407
vt 0.5073 0.4571
vt 0.4712 0.6401
vt 0.5073 0.4571
vt 0.4854 0.4565
vt 0.3593 1.0531
vt 0.3565 1.0312
vt 0.5401 1.0219
vt 0.3593 1.0531
vt 0.5401 1.0219
vt 0.5429 1.0437
vt 0.5148 0.6435
vt 0.4929 0.6429
vt 0.5072 0.4593
vt 0.5148 0.6435
vt 0.5072 0.4593
vt 0.5291 0.4599
vt 0.3571 1.0094
vt 0.3599 1.0312
vt 0.5435 1.0219
vt 0.3571 1.0094
vt 0.5435 1.0219
vt 0.5407 1.0
vt 0.4929 1.0094
vt 0.5148 1.0312
vt 0.4931 1.0531
vt 0.4929 1.0094
vt 0.4931 1.0531
vt 0.4712 1.0312
vt 0.4854 1.0219
vt 0.5073 1.0437
vt 0.5291 1.0219
vt 0.4854 1.0219
vt 0.5291 1.0219
vt 0.5072 1.0
vt 0.0862 0.6337
vt 0.1165 0.6414
vt 0.1889 0.4185
vt 0.0862 0.6337
vt 0.1889 0.4185
vt 0.1586 0.4108
vt 0.1165 0.6414
vt 0.1456 0.653
vt 0.218 0.4301
vt 0.1165 0.6414
vt 0.218 0.4301
vt 0.1889 0.4185
vt 0.1456 0.653
vt 0.1152 0.6453
vt 0.1877 0.4224
vt 0.1456 0.653
vt 0.1877 0.4224
vt 0.218 0.4301
vt 0.1152 0.6453
vt 0.0862 0.6337
vt 0.1586 0.4108
vt 0.1152 0.6453
vt 0.1586 0.4108
vt 0.1877 0.4224
vt 0.1152 1.0157
vt 0.1456 1.0469
vt 0.1165 1.0781
vt 0.1152 1.0157
vt 0.1165 1.0781
vt 0.0862 1.0469
vt 0.1586 1.0312
vt 0.1889 1.0624
vt 0.218 1.0313
vt 0.1586 1.0312
vt 0.218 1.0313
vt 0.1877 1.0001
vt 0.1697 0.4319
vt 0.1877 0.4195
vt 0.0913 0.2626
vt 0.1697 0.4319
vt 0.0913 0.2626
vt 0.0733 0.275
vt 0.1877 0.4195
vt 0.2069 0.409
vt 0.1106 0.2521
vt 0.1877 0.4195
vt 0.1106 0.2521
vt 0.0913 0.2626
vt 0.2069 0.409
vt 0.1889 0.4214
vt 0.0925 0.2645
vt 0.2069 0.409
vt 0.0925 0.2645
vt 0.1106 0.2521
vt 0.1889 0.4214
vt 0.1697 0.4319
vt 0.0733 0.275
vt 0.1889 0.4214
vt 0.0733 0.275
vt 0.0925 0.2645
vt 0.1889 1.0094
vt 0.2069 1.0312
vt 0.1877 1.0531
vt 0.1889 1.0094
vt 0.1877 1.0531
vt 0.1697 1.0312
vt 0.0733 1.0219
vt 0.0913 1.0437
vt 0.1106 1.0219
vt 0.0733 1.0219
vt 0.1106 1.0219
vt 0.0925 1.0
vt -0.1456 0.653
vt -0.1165 0.6414
vt -0.1889 0.4185
vt -0.1456 0.653
vt -0.1889 0.4185
vt -0.218 0.4301
vt -0.1165 0.6414
vt -0.0862 0.6337
vt -0.1586 0.4108
vt -0.1165 0.6414
vt -0.1586 0.4108
vt -0.1889 0.4185
vt -0.0862 0.6337
vt -0.1152 0.6453
vt -0.1877 0.4224
vt -0.0862 0.6337
vt -0.1877 0.4224
vt -0.1586 0.4108
vt -0.1152 0.6453
vt -0.1456 0.653
vt -0.218 0.4301
vt -0.1152 0.6453
vt -0.218 0.4301
vt -0.1877 0.4224
vt -0.1152 1.0157
vt -0.0862 1.0469
vt -0.1165 1.0781
vt -0.1152 1.0157
vt -0.1165 1.0781
vt -0.1456 1.0469
vt -0.218 1.0312
vt -0.1889 1.0624
vt -0.1586 1.0313
vt -0.218 1.0312
vt -0.1586 1.0313
vt -0.1877 1.0001
vt -0.1967 0.4407
vt -0.1893 0.42
vt -0.3596 0.3497
vt -0.1967 0.4407
vt -0.3596 0.3497
vt -0.3669 0.3704
vt -0.1893 0.42
vt -0.18 0.4002
vt -0.3502 0.3299
vt -0.1893 0.42
vt -0.3502 0.3299
vt -0.3596 0.3497
vt -0.18 0.4002
vt -0.1873 0.4209
vt -0.3575 0.3506
vt -0.18 0.4002
vt -0.3575 0.3506
vt -0.3502 0.3299
vt -0.1873 0.4209
vt -0.1967 0.4407
vt -0.3669 0.3704
vt -0.1873 0.4209
vt -0.3669 0.3704
vt -0.3575 0.3506
vt 0.5791 1.0094
vt 0.5998 1.0312
vt 0.58 1.0531
vt 0.5791 1.0094
vt 0.58 1.0531
vt 0.5593 1.0312
vt 0.6296 1.0219
vt 0.6503 1.0437
vt 0.6701 1.0219
vt 0.6296 1.0219
vt 0.6701 1.0219
vt 0.6494 1.0
vt -0.3217 0.8049
vt -0.3051 0.7784
vt -0.4947 0.6406
vt -0.3217 0.8049
vt -0.4947 0.6406
vt -0.5114 0.6671
vt -0.3051 0.7784
vt -0.285 0.7543
vt -0.4746 0.6165
vt -0.3051 0.7784
vt -0.4746 0.6165
vt -0.4947 0.6406
vt -0.285 0.7543
vt -0.3017 0.7808
vt -0.4913 0.643
vt -0.285 0.7543
vt -0.4913 0.643
vt -0.4746 0.6165
vt -0.3017 0.7808
vt -0.3217 0.8049
vt -0.5114 0.6671
vt -0.3017 0.7808
vt -0.5114 0.6671
vt -0.4913 0.643
vt 0.2192 1.0157
vt 0.2457 1.0469
vt 0.2216 1.0781
vt 0.2192 1.0157
vt 0.2216 1.0781
vt 0.1951 1.0469
vt 0.3329 1.0312
vt 0.3594 1.0624
vt 0.3835 1.0313
vt 0.3329 1.0312
vt 0.3835 1.0313
vt 0.357 1.0001
vt -0.4879 0.6631
vt -0.4941 0.6421
vt -0.6731 0.6853
vt -0.4879 0.6631
vt -0.6731 0.6853
vt -0.6669 0.7063
vt -0.4941 0.6421
vt -0.4981 0.6206
vt -0.6772 0.6637
vt -0.4941 0.6421
vt -0.6772 0.6637
vt -0.6731 0.6853
vt -0.4981 0.6206
vt -0.4919 0.6416
vt -0.6709 0.6847
vt -0.4981 0.6206
vt -0.6709 0.6847
vt -0.6772 0.6637
vt -0.4919 0.6416
vt -0.4879 0.6631
vt -0.6669 0.7063
vt -0.4919 0.6416
vt -0.6669 0.7063
vt -0.6709 0.6847
vt 0.3584 1.0094
vt 0.3794 1.0312
vt 0.3579 1.0531
vt 0.3584 1.0094
vt 0.3579 1.0531
vt 0.3369 1.0312
vt 0.2937 1.0219
vt 0.3147 1.0437
vt 0.3363 1.0219
vt 0.2937 1.0219
vt 0.3363 1.0219
vt 0.3153 1.0
vt -0.375 1.0469
vt -0.3771 1.0781
vt -0.6115 1.0624
vt -0.375 1.0469
vt -0.6115 1.0624
vt -0.6094 1.0312
vt -0.3771 1.0781
vt -0.375 1.0469
vt -0.6094 1.0313
vt -0.3771 1.0781
vt -0.6094 1.0313
vt -0.6115 1.0624
vt -0.375 1.0469
vt -0.3729 1.0157
vt -0.6073 1.0001
vt -0.375 1.0469
vt -0.6073 1.0001
vt -0.6094 1.0313
vt -0.3729 1.0157
vt -0.375 1.0469
vt -0.6094 1.0312
vt -0.3729 1.0157
vt -0.6094 1.0312
vt -0.6073 1.0001
vt 0.0 1.0157
vt 0.0313 1.0469
vt 0.0 1.0781
vt 0.0 1.0157
vt 0.0 1.0781
vt -0.0312 1.0469
vt -0.0312 1.0312
vt 0.0 1.0624
vt 0.0313 1.0313
vt -0.0312 1.0312
vt 0.0313 1.0313
vt 0.0 1.0001
vt -0.5927 1.0142
vt -0.6101 1.0008
vt -0.7296 1.141
vt -0.5927 1.0142
vt -0.7296 1.141
vt -0.7122 1.1544
vt -0.6101 1.0008
vt -0.626 0.9858
vt -0.7455 1.126
vt -0.6101 1.0008
vt -0.7455 1.126
vt -0.7296 1.141
vt -0.626 0.9858
vt -0.6087 0.9992
vt -0.7281 1.1393
vt -0.626 0.9858
vt -0.7281 1.1393
vt -0.7455 1.126
vt -0.6087 0.9992
vt -0.5927 1.0142
vt -0.7122 1.1544
vt -0.6087 0.9992
vt -0.7122 1.1544
vt -0.7281 1.1393
vt -0.6087 1.0094
vt -0.626 1.0312
vt -0.6101 1.0531
vt -0.6087 1.0094
vt -0.6101 1.0531
vt -0.5927 1.0312
vt -0.7122 1.0219
vt -0.7296 1.0437
vt -0.7455 1.0219
vt -0.7122 1.0219
vt -0.7455 1.0219
vt -0.7281 1.0
vt -0.285 1.2457
vt -0.3051 1.2216
vt -0.4947 1.3594
vt -0.285 1.2457
vt -0.4947 1.3594
vt -0.4746 1.3835
vt -0.3051 1.2216
vt -0.3217 1.1951
vt -0.5114 1.3329
vt -0.3051 1.2216
vt -0.5114 1.3329
vt -0.4947 1.3594
vt -0.3217 1.1951
vt -0.3017 1.2192
vt -0.4913 1.357
vt -0.3217 1.1951
vt -0.4913 1.357
vt -0.5114 1.3329
vt -0.3017 1.2192
vt -0.285 1.2457
vt -0.4746 1.3835
vt -0.3017 1.2192
vt -0.4746 1.3835
vt -0.4913 1.357
vt -0.2192 1.0157
vt -0.1951 1.0469
vt -0.2216 1.0781
vt -0.2192 1.0157
vt -0.2216 1.0781
vt -0.2457 1.0469
vt -0.3835 1.0312
vt -0.3594 1.0624
vt -0.3329 1.0313
vt -0.3835 1.0312
vt -0.3329 1.0313
vt -0.357 1.0001
vt -0.4712 1.3599
vt -0.4931 1.3593
vt -0.5073 1.5429
vt -0.4712 1.3599
vt -0.5073 1.5429
vt -0.4854 1.5435
vt -0.3593 1.0531
vt -0.3565 1.0312
vt -0.5401 1.0219
vt -0.3593 1.0531
vt -0.5401 1.0219
vt -0.5429 1.0437
vt -0.5148 1.3565
vt -0.4929 1.3571
vt -0.5072 1.5407
vt -0.5148 1.3565
vt -0.5072 1.5407
vt -0.5291 1.5401
vt -0.3571 1.0094
vt -0.3599 1.0312
vt -0.5435 1.0219
vt -0.3571 1.0094
vt -0.5435 1.0219
vt -0.5407 1.0
vt -0.4929 1.0094
vt -0.5148 1.0312
vt -0.4931 1.0531
vt -0.4929 1.0094
vt -0.4931 1.0531
vt -0.4712 1.0312
vt -0.4854 1.0219
vt -0.5073 1.0437
vt -0.5291 1.0219
vt -0.4854 1.0219
vt -0.5291 1.0219
vt -0.5072 1.0
vt -0.0862 1.3663
vt -0.1165 1.3586
vt -0.1889 1.5815
vt -0.0862 1.3663
vt -0.1889 1.5815
vt -0.1586 1.5892
vt -0.1165 1.3586
vt -0.1456 1.347
vt -0.218 1.5699
vt -0.1165 1.3586
vt -0.218 1.5699
vt -0.1889 1.5815
vt -0.1456 1.347
vt -0.1152 1.3547
vt -0.1877 1.5776
vt -0.1456 1.347
vt -0.1877 1.5776
vt -0.218 1.5699
vt -0.1152 1.3547
vt -0.0862 1.3663
vt -0.1586 1.5892
vt -0.1152 1.3547
vt -0.1586 1.5892
vt -0.1877 1.5776
vt -0.1152 1.0157
vt -0.1456 1.0469
vt -0.1165 1.0781
vt -0.1152 1.0157
vt -0.1165 1.0781
vt -0.0862 1.0469
vt -0.1586 1.0312
vt -0.1889 1.0624
vt -0.218 1.0313
vt -0.1586 1.0312
vt -0.218 1.0313
vt -0.1877 1.0001
vt -0.1697 1.5681
vt -0.1877 1.5805
vt -0.0913 1.7374
vt -0.1697 1.5681
vt -0.0913 1.7374
vt -0.0733 1.725
vt -0.1877 1.5805
vt -0.2069 1.591
vt -0.1106 1.7479
vt -0.1877 1.5805
vt -0.1106 1.7479
vt -0.0913 1.7374
vt -0.2069 1.591
vt -0.1889 1.5786
vt -0.0925 1.7355
vt -0.2069 1.591
vt -0.0925 1.7355
vt -0.1106 1.7479
vt -0.1889 1.5786
vt -0.1697 1.5681
vt -0.0733 1.725
vt -0.1889 1.5786
vt -0.0733 1.725
vt -0.0925 1.7355
vt -0.1889 1.0094
vt -0.2069 1.0312
vt -0.1877 1.0531
vt -0.1889 1.0094
vt -0.1877 1.0531
vt -0.1697 1.0312
vt -0.0733 1.0219
vt -0.0913 1.0437
vt -0.1106 1.0219
vt -0.0733 1.0219
vt -0.1106 1.0219
vt -0.0925 1.0
vt 0.1456 1.347
vt 0.1165 1.3586
vt 0.1889 1.5815
vt 0.1456 1.347
vt 0.1889 1.5815
vt 0.218 1.5699
vt 0.1165 1.3586
vt 0.0862 1.3663
vt 0.1586 1.5892
vt 0.1165 1.3586
vt 0.1586 1.5892
vt 0.1889 1.5815
vt 0.0862 1.3663
vt 0.1152 1.3547
vt 0.1877 1.5776
vt 0.0862 1.3663
vt 0.1877 1.5776
vt 0.1586 1.5892
vt 0.1152 1.3547
vt 0.1456 1.347
vt 0.218 1.5699
vt 0.1152 1.3547
vt 0.218 1.5699
vt 0.1877 1.5776
vt 0.1152 1.0157
vt 0.0862 1.0469
vt 0.1165 1.0781
vt 0.1152 1.0157
vt 0.1165 1.0781
vt 0.1456 1.0469
vt 0.218 1.0312
vt 0.1889 1.0624
vt 0.1586 1.0313
vt 0.218 1.0312
vt 0.1586 1.0313
vt 0.1877 1.0001
vt 0.1967 1.5593
vt 0.1893 1.58
vt 0.3596 1.6503
vt 0.1967 1.5593
vt 0.3596 1.6503
vt 0.3669 1.6296
vt 0.1893 1.58
vt 0.18 1.5998
vt 0.3502 1.6701
vt 0.1893 1.58
vt 0.3502 1.6701
vt 0.3596 1.6503
vt 0.18 1.5998
vt 0.1873 1.5791
vt 0.3575 1.6494
vt 0.18 1.5998
vt 0.3575 1.6494
vt 0.3502 1.6701
vt 0.1873 1.5791
vt 0.1967 1.5593
vt 0.3669 1.6296
vt 0.1873 1.5791
vt 0.3669 1.6296
vt 0.3575 1.6494
vt -0.5791 1.0094
vt -0.5998 1.0312
vt -0.58 1.0531
vt -0.5791 1.0094
vt -0.58 1.0531
vt -0.5593 1.0312
vt -0.6296 1.0219
vt -0.6503 1.0437
vt -0.6701 1.0219
vt -0.6296 1.0219
vt -0.6701 1.0219
vt -0.6494 1.0
vt 0.3217 1.1951
vt 0.3051 1.2216
vt 0.4947 1.3594
vt 0.3217 1.1951
vt 0.4947 1.3594
vt 0.5114 1.3329
vt 0.3051 1.2216
vt 0.285 1.2457
vt 0.4746 1.3835
vt 0.3051 1.2216
vt 0.4746 1.3835
vt 0.4947 1.3594
vt 0.285 1.2457
vt 0.3017 1.2192
vt 0.4913 1.357
vt 0.285 1.2457
vt 0.4913 1.357
vt 0.4746 1.3835
vt 0.3017 1.2192
vt 0.3217 1.1951
vt 0.5114 1.3329
vt 0.3017 1.2192
vt 0.5114 1.3329
vt 0.4913 1.357
vt -0.2192 1.0157
vt -0.2457 1.0469
vt -0.2216 1.0781
vt -0.2192 1.0157
vt -0.2216 1.0781
vt -0.1951 1.0469
vt -0.3329 1.0312
vt -0.3594 1.0624
vt -0.3835 1.0313
vt -0.3329 1.0312
vt -0.3835 1.0313
vt -0.357 1.0001
vt 0.4879 1.3369
vt 0.4941 1.3579
vt 0.6731 1.3147
vt 0.4879 1.3369
vt 0.6731 1.3147
vt 0.6669 1.2937
vt 0.4941 1.3579
vt 0.4981 1.3794
vt 0.6772 1.3363
vt 0.4941 1.3579
vt 0.6772 1.3363
vt 0.6731 1.3147
vt 0.4981 1.3794
vt 0.4919 1.3584
vt 0.6709 1.3153
vt 0.4981 1.3794
vt 0.6709 1.3153
vt 0.6772 1.3363
vt 0.4919 1.3584
vt 0.4879 1.3369
vt 0.6669 1.2937
vt 0.4919 1.3584
vt 0.6669 1.2937
vt 0.6709 1.3153
vt -0.3584 1.0094
vt -0.3794 1.0312
vt -0.3579 1.0531
vt -0.3584 1.0094
vt -0.3579 1.0531
vt -0.3369 1.0312
vt -0.2937 1.0219
vt -0.3147 1.0437
vt -0.3363 1.0219
vt -0.2937 1.0219
vt -0.3363 1.0219
vt -0.3153 1.0
vt 0.0 1.4609
vt 0.1864 1.4609
vt 0.1952 1.7088
vt 0.0 1.4609
vt 0.1952 1.7088
vt 0.0551 1.7088
vt 0.1864 1.4609
vt 0.0 1.4609
vt -0.0508 1.7088
vt 0.1864 1.4609
vt -0.0508 1.7088
vt 0.1216 1.7088
vt 0.0 1.4609
vt -0.1864 1.4609
vt -0.191 1.7088
vt 0.0 1.4609
vt -0.191 1.7088
vt -0.0508 1.7088
vt 0.1864 1.4609
vt 0.0 1.4609
vt -0.0551 1.7088
vt 0.1864 1.4609
vt -0.0551 1.7088
vt 0.1173 1.7088
vt 0.0 1.4609
vt -0.1864 1.4609
vt -0.1952 1.7088
vt 0.0 1.4609
vt -0.1952 1.7088
vt -0.0551 1.7088
vt -0.1864 1.4609
vt 0.0 1.4609
vt 0.0594 1.7088
vt -0.1864 1.4609
vt 0.0594 1.7088
vt -0.113 1.7088
vt 0.0 1.4609
vt 0.1864 1.4609
vt 0.1995 1.7088
vt 0.0 1.4609
vt 0.1995 1.7088
vt 0.0594 1.7088
vt -0.1864 1.4609
vt 0.0 1.4609
vt 0.0551 1.7088
vt -0.1864 1.4609
vt 0.0551 1.7088
vt -0.1173 1.7088
vt 0.1864 1.1864
vt 0.0 1.2637
vt -0.1864 1.1864
vt 0.1864 1.1864
vt -0.1864 1.1864
vt -0.2637 1.0
vt 0.1864 1.1864
vt -0.2637 1.0
vt -0.1864 0.8136
vt 0.1864 1.1864
vt -0.1864 0.8136
vt 0.0 0.7363
vt 0.1864 1.1864
vt 0.0 0.7363
vt 0.1864 0.8136
vt 0.1864 1.1864
vt 0.1864 0.8136
vt 0.2637 1.0
vt 0.0551 1.7088
vt 0.1952 1.7088
vt 0.185 1.9566
vt 0.0551 1.7088
vt 0.185 1.9566
vt 0.0908 1.9566
vt 0.1216 1.7088
vt -0.0508 1.7088
vt -0.0736 1.9566
vt 0.1216 1.7088
vt -0.0736 1.9566
vt 0.0737 1.9566
vt -0.0508 1.7088
vt -0.191 1.7088
vt -0.1678 1.9566
vt -0.0508 1.7088
vt -0.1678 1.9566
vt -0.0736 1.9566
vt 0.1173 1.7088
vt -0.0551 1.7088
vt -0.0908 1.9566
vt 0.1173 1.7088
vt -0.0908 1.9566
vt 0.0566 1.9566
vt -0.0551 1.7088
vt -0.1952 1.7088
vt -0.185 1.9566
vt -0.0551 1.7088
vt -0.185 1.9566
vt -0.0908 1.9566
vt -0.113 1.7088
vt 0.0594 1.7088
vt 0.108 1.9566
vt -0.113 1.7088
vt 0.108 1.9566
vt -0.0394 1.9566
vt 0.0594 1.7088
vt 0.1995 1.7088
vt 0.2021 1.9566
vt 0.0594 1.7088
vt 0.2021 1.9566
vt 0.108 1.9566
vt -0.1173 1.7088
vt 0.0551 1.7088
vt 0.0908 1.9566
vt -0.1173 1.7088
vt 0.0908 1.9566
vt -0.0566 1.9566
vt 0.188 1.9566
vt 0.0737 1.9566
vt 0.047 2.2044
vt 0.188 1.9566
vt 0.047 2.2044
vt 0.1581 2.2044
vt 0.0737 1.9566
vt -0.0736 1.9566
vt -0.0689 2.2044
vt 0.0737 1.9566
vt -0.0689 2.2044
vt 0.047 2.2044
vt 0.1708 1.9566
vt 0.0566 1.9566
vt 0.0084 2.2044
vt 0.1708 1.9566
vt 0.0084 2.2044
vt 0.1195 2.2044
vt 0.0566 1.9566
vt -0.0908 1.9566
vt -0.1076 2.2044
vt 0.0566 1.9566
vt -0.1076 2.2044
vt 0.0084 2.2044
vt -0.1536 1.9566
vt -0.0394 1.9566
vt 0.0302 2.2044
vt -0.1536 1.9566
vt 0.0302 2.2044
vt -0.0808 2.2044
vt -0.0394 1.9566
vt 0.108 1.9566
vt 0.1462 2.2044
vt -0.0394 1.9566
vt 0.1462 2.2044
vt 0.0302 2.2044
vt -0.1708 1.9566
vt -0.0566 1.9566
vt -0.0084 2.2044
vt -0.1708 1.9566
vt -0.0084 2.2044
vt -0.1195 2.2044
vt -0.0566 1.9566
vt 0.0908 1.9566
vt 0.1076 2.2044
vt -0.0566 1.9566
vt 0.1076 2.2044
vt -0.0084 2.2044
vt 0.1581 2.2044
vt 0.047 2.2044
vt 0.0439 2.4523
vt 0.1581 2.2044
vt 0.0439 2.4523
vt 0.1413 2.4523
vt 0.047 2.2044
vt -0.0689 2.2044
vt -0.0391 2.4523
vt 0.047 2.2044
vt -0.0391 2.4523
vt 0.0439 2.4523
vt 0.1195 2.2044
vt 0.0084 2.2044
vt -0.0248 2.4523
vt 0.1195 2.2044
vt -0.0248 2.4523
vt 0.0727 2.4523
vt 0.0084 2.2044
vt -0.1076 2.2044
vt -0.1077 2.4523
vt 0.0084 2.2044
vt -0.1077 2.4523
vt -0.0248 2.4523
vt -0.0808 2.2044
vt 0.0302 2.2044
vt 0.0935 2.4523
vt -0.0808 2.2044
vt 0.0935 2.4523
vt -0.004 2.4523
vt 0.0302 2.2044
vt 0.1462 2.2044
vt 0.1764 2.4523
vt 0.0302 2.2044
vt 0.1764 2.4523
vt 0.0935 2.4523
vt -0.1195 2.2044
vt -0.0084 2.2044
vt 0.0248 2.4523
vt -0.1195 2.2044
vt 0.0248 2.4523
vt -0.0727 2.4523
vt -0.0084 2.2044
vt 0.1076 2.2044
vt 0.1077 2.4523
vt -0.0084 2.2044
vt 0.1077 2.4523
vt 0.0248 2.4523
vt 0.1413 2.4523
vt 0.0439 2.4523
vt 0.0645 2.7001
vt 0.1413 2.4523
vt 0.0645 2.7001
vt 0.1419 2.7001
vt 0.0439 2.4523
vt -0.0391 2.4523
vt 0.0122 2.7001
vt 0.0439 2.4523
vt 0.0122 2.7001
vt 0.0645 2.7001
vt 0.0727 2.4523
vt -0.0248 2.4523
vt -0.0428 2.7001
vt 0.0727 2.4523
vt -0.0428 2.7001
vt 0.0346 2.7001
vt -0.0248 2.4523
vt -0.1077 2.4523
vt -0.0951 2.7001
vt -0.0248 2.4523
vt -0.0951 2.7001
vt -0.0428 2.7001
vt -0.004 2.4523
vt 0.0935 2.4523
vt 0.1501 2.7001
vt -0.004 2.4523
vt 0.1501 2.7001
vt 0.0727 2.7001
vt 0.0935 2.4523
vt 0.1764 2.4523
vt 0.2024 2.7001
vt 0.0935 2.4523
vt 0.2024 2.7001
vt 0.1501 2.7001
vt -0.0727 2.4523
vt 0.0248 2.4523
vt 0.0428 2.7001
vt -0.0727 2.4523
vt 0.0428 2.7001
vt -0.0346 2.7001
vt 0.0248 2.4523
vt 0.1077 2.4523
vt 0.0951 2.7001
vt 0.0248 2.4523
vt 0.0951 2.7001
vt 0.0428 2.7001
vt 0.1419 2.7001
vt 0.0645 2.7001
vt 0.1074 2.9479
vt 0.1419 2.7001
vt 0.1074 2.9479
vt 0.1623 2.9479
vt 0.0917 2.7001
vt 0.0346 2.7001
vt 0.0078 2.9479
vt 0.0917 2.7001
vt 0.0078 2.9479
vt 0.0582 2.9479
vt 0.0346 2.7001
vt -0.0428 2.7001
vt -0.0472 2.9479
vt 0.0346 2.7001
vt -0.0472 2.9479
vt 0.0078 2.9479
vt 0.0156 2.7001
vt 0.0727 2.7001
vt 0.1467 2.9479
vt 0.0156 2.7001
vt 0.1467 2.9479
vt 0.0963 2.9479
vt 0.0727 2.7001
vt 0.1501 2.7001
vt 0.2017 2.9479
vt 0.0727 2.7001
vt 0.2017 2.9479
vt 0.1467 2.9479
vt -0.0917 2.7001
vt -0.0346 2.7001
vt -0.0078 2.9479
vt -0.0917 2.7001
vt -0.0078 2.9479
vt -0.0582 2.9479
vt -0.0346 2.7001
vt 0.0428 2.7001
vt 0.0472 2.9479
vt -0.0346 2.7001
vt 0.0472 2.9479
vt -0.0078 2.9479
vt 0.199 2.7001
vt 0.1419 2.7001
vt 0.1623 2.9479
vt 0.199 2.7001
vt 0.1623 2.9479
vt 0.2127 2.9479
vt 0.1623 2.9479
vt 0.1074 2.9479
vt 0.1691 3.1957
vt 0.1623 2.9479
vt 0.1691 3.1957
vt 0.2031 3.1957
vt 0.0582 2.9479
vt 0.0078 2.9479
vt -0.0072 3.1957
vt 0.0582 2.9479
vt -0.0072 3.1957
vt 0.031 3.1957
vt 0.0078 2.9479
vt -0.0472 2.9479
vt -0.0412 3.1957
vt 0.0078 2.9479
vt -0.0412 3.1957
vt -0.0072 3.1957
vt 0.0963 2.9479
vt 0.1467 2.9479
vt 0.2175 3.1957
vt 0.0963 2.9479
vt 0.2175 3.1957
vt 0.1793 3.1957
vt 0.1467 2.9479
vt 0.2017 2.9479
vt 0.2515 3.1957
vt 0.1467 2.9479
vt 0.2515 3.1957
vt 0.2175 3.1957
vt -0.0582 2.9479
vt -0.0078 2.9479
vt 0.0072 3.1957
vt -0.0582 2.9479
vt 0.0072 3.1957
vt -0.031 3.1957
vt -0.0078 2.9479
vt 0.0472 2.9479
vt 0.0412 3.1957
vt -0.0078 2.9479
vt 0.0412 3.1957
vt 0.0072 3.1957
vt 0.2127 2.9479
vt 0.1623 2.9479
vt 0.2031 3.1957
vt 0.2127 2.9479
vt 0.2031 3.1957
vt 0.2414 3.1957
vt 0.2031 3.1957
vt 0.1691 3.1957
vt 0.2451 3.4436
vt 0.2031 3.1957
vt 0.2451 3.4436
vt 0.2627 3.4436
vt 0.031 3.1957
vt -0.0072 3.1957
vt -0.012 3.4436
vt 0.031 3.1957
vt -0.012 3.4436
vt 0.0125 3.4436
vt -0.0072 3.1957
vt -0.0412 3.1957
vt -0.0296 3.4436
vt -0.0072 3.1957
vt -0.0296 3.4436
vt -0.012 3.4436
vt 0.1793 3.1957
vt 0.2175 3.1957
vt 0.2867 3.4436
vt 0.1793 3.1957
vt 0.2867 3.4436
vt 0.2621 3.4436
vt 0.2175 3.1957
vt 0.2515 3.1957
vt 0.3042 3.4436
vt 0.2175 3.1957
vt 0.3042 3.4436
vt 0.2867 3.4436
vt -0.031 3.1957
vt 0.0072 3.1957
vt 0.012 3.4436
vt -0.031 3.1957
vt 0.012 3.4436
vt -0.0125 3.4436
vt 0.0072 3.1957
vt 0.0412 3.1957
vt 0.0296 3.4436
vt 0.0072 3.1957
vt 0.0296 3.4436
vt 0.012 3.4436
vt 0.2414 3.1957
vt 0.2031 3.1957
vt 0.2627 3.4436
vt 0.2414 3.1957
vt 0.2627 3.4436
vt 0.2872 3.4436
vt 0.2627 3.4436
vt 0.2451 3.4436
vt 0.3284 3.6914
vt 0.2627 3.4436
vt 0.3284 3.6914
vt 0.3362 3.6914
vt 0.0125 3.4436
vt -0.012 3.4436
vt -0.0115 3.6914
vt 0.0125 3.4436
vt -0.0115 3.6914
vt 0.0031 3.6914
vt -0.012 3.4436
vt -0.0296 3.4436
vt -0.0193 3.6914
vt -0.012 3.4436
vt -0.0193 3.6914
vt -0.0115 3.6914
vt 0.2621 3.4436
vt 0.2867 3.4436
vt 0.3591 3.6914
vt 0.2621 3.4436
vt 0.3591 3.6914
vt 0.3446 3.6914
vt 0.2867 3.4436
vt 0.3042 3.4436
vt 0.3669 3.6914
vt 0.2867 3.4436
vt 0.3669 3.6914
vt 0.3591 3.6914
vt -0.0125 3.4436
vt 0.012 3.4436
vt 0.0115 3.6914
vt -0.0125 3.4436
vt 0.0115 3.6914
vt -0.0031 3.6914
vt 0.012 3.4436
vt 0.0296 3.4436
vt 0.0193 3.6914
vt 0.012 3.4436
vt 0.0193 3.6914
vt 0.0115 3.6914
vt 0.2872 3.4436
vt 0.2627 3.4436
vt 0.3362 3.6914
vt 0.2872 3.4436
vt 0.3362 3.6914
vt 0.3507 3.6914
vt 0.0 3.4436
vt 0.0114 3.4436
vt 0.0 3.7773
vt 0.286 3.4436
vt 0.2747 3.4436
vt 0.3477 3.7773
vt 0.2747 3.4436
vt 0.2633 3.4436
vt 0.3477 3.7773
vt 0.0114 3.4436
vt 0.0 3.4436
vt 0.0 3.7773
vt 0.0 3.4436
vt -0.0114 3.4436
vt 0.0 3.7773
vt 0.2633 3.4436
vt 0.2747 3.4436
vt 0.3477 3.7773
vt 0.2747 3.4436
vt 0.286 3.4436
vt 0.3477 3.7773
vt -0.0114 3.4436
vt 0.0 3.4436
vt 0.0 3.7773
vt -0.0567 1.5239
vt 0.0567 1.5239
vt 0.0567 1.6656
vt -0.0567 1.5239
vt 0.0567 1.6656
vt -0.0567 1.6656
vt -0.0567 1.5239
vt -0.0567 1.6656
vt 0.0567 1.6656
vt -0.0567 1.5239
vt 0.0567 1.6656
vt 0.0567 1.5239
vt -0.3142 1.5239
vt -0.3142 1.6656
vt -0.2349 1.6656
vt -0.3142 1.5239
vt -0.2349 1.6656
vt -0.2349 1.5239
vt -0.3142 1.5239
vt -0.2349 1.5239
vt -0.2349 1.6656
vt -0.3142 1.5239
vt -0.2349 1.6656
vt -0.3142 1.6656
vt -0.3142 1.0567
vt -0.2349 1.0567
vt -0.2349 0.9433
vt -0.3142 1.0567
vt -0.2349 0.9433
vt -0.3142 0.9433
vt -0.3142 1.0567
vt -0.3142 0.9433
vt -0.2349 0.9433
vt -0.3142 1.0567
vt -0.2349 0.9433
vt -0.2349 1.0567
vt -0.054 1.7147
vt 0.054 1.7147
vt 0.054 1.8496
vt -0.054 1.7147
vt 0.054 1.8496
vt -0.054 1.8496
vt -0.054 1.7147
vt -0.054 1.8496
vt 0.054 1.8496
vt -0.054 1.7147
vt 0.054 1.8496
vt 0.054 1.7147
vt -0.2782 1.7147
vt -0.2782 1.8496
vt -0.2027 1.8496
vt -0.2782 1.7147
vt -0.2027 1.8496
vt -0.2027 1.7147
vt -0.2782 1.7147
vt -0.2027 1.7147
vt -0.2027 1.8496
vt -0.2782 1.7147
vt -0.2027 1.8496
vt -0.2782 1.8496
vt -0.2782 1.054
vt -0.2027 1.054
vt -0.2027 0.946
vt -0.2782 1.054
vt -0.2027 0.946
vt -0.2782 0.946
vt -0.2782 1.054
vt -0.2782 0.946
vt -0.2027 0.946
vt -0.2782 1.054
vt -0.2027 0.946
vt -0.2027 1.054
vt -0.0512 1.9054
vt 0.0512 1.9054
vt 0.0512 2.0335
vt -0.0512 1.9054
vt 0.0512 2.0335
vt -0.0512 2.0335
vt -0.0512 1.9054
vt -0.0512 2.0335
vt 0.0512 2.0335
vt -0.0512 1.9054
vt 0.0512 2.0335
vt 0.0512 1.9054
vt -0.2382 1.9054
vt -0.2382 2.0335
vt -0.1664 2.0335
vt -0.2382 1.9054
vt -0.1664 2.0335
vt -0.1664 1.9054
vt -0.2382 1.9054
vt -0.1664 1.9054
vt -0.1664 2.0335
vt -0.2382 1.9054
vt -0.1664 2.0335
vt -0.2382 2.0335
vt -0.2382 1.0512
vt -0.1664 1.0512
vt -0.1664 0.9488
vt -0.2382 1.0512
vt -0.1664 0.9488
vt -0.2382 0.9488
vt -0.2382 1.0512
vt -0.2382 0.9488
vt -0.1664 0.9488
vt -0.2382 1.0512
vt -0.1664 0.9488
vt -0.1664 1.0512
vt -0.0485 2.0962
vt 0.0485 2.0962
vt 0.0485 2.2175
vt -0.0485 2.0962
vt 0.0485 2.2175
vt -0.0485 2.2175
vt -0.0485 2.0962
vt -0.0485 2.2175
vt 0.0485 2.2175
vt -0.0485 2.0962
vt 0.0485 2.2175
vt 0.0485 2.0962
vt -0.1942 2.0962
vt -0.1942 2.2175
vt -0.1263 2.2175
vt -0.1942 2.0962
vt -0.1263 2.2175
vt -0.1263 2.0962
vt -0.1942 2.0962
vt -0.1263 2.0962
vt -0.1263 2.2175
vt -0.1942 2.0962
vt -0.1263 2.2175
vt -0.1942 2.2175
vt -0.1942 1.0485
vt -0.1263 1.0485
vt -0.1263 0.9515
vt -0.1942 1.0485
vt -0.1263 0.9515
vt -0.1942 0.9515
vt -0.1942 1.0485
vt -0.1942 0.9515
vt -0.1263 0.9515
vt -0.1942 1.0485
vt -0.1263 0.9515
vt -0.1263 1.0485
vt -0.0458 2.2869
vt 0.0458 2.2869
vt 0.0458 2.4015
vt -0.0458 2.2869
vt 0.0458 2.4015
vt -0.0458 2.4015
vt -0.0458 2.2869
vt -0.0458 2.4015
vt 0.0458 2.4015
vt -0.0458 2.2869
vt 0.0458 2.4015
vt 0.0458 2.2869
vt -0.1464 2.2869
vt -0.1464 2.4015
vt -0.0822 2.4015
vt -0.1464 2.2869
vt -0.0822 2.4015
vt -0.0822 2.2869
vt -0.1464 2.2869
vt -0.0822 2.2869
vt -0.0822 2.4015
vt -0.1464 2.2869
vt -0.0822 2.4015
vt -0.1464 2.4015
vt -0.1464 1.0458
vt -0.0822 1.0458
vt -0.0822 0.9542
vt -0.1464 1.0458
vt -0.0822 0.9542
vt -0.1464 0.9542
vt -0.1464 1.0458
vt -0.1464 0.9542
vt -0.0822 0.9542
vt -0.1464 1.0458
vt -0.0822 0.9542
vt -0.0822 1.0458
vt -0.0431 2.4777
vt 0.0431 2.4777
vt 0.0431 2.5855
vt -0.0431 2.4777
vt 0.0431 2.5855
vt -0.0431 2.5855
vt -0.0431 2.4777
vt -0.0431 2.5855
vt 0.0431 2.5855
vt -0.0431 2.4777
vt 0.0431 2.5855
vt 0.0431 2.4777
vt -0.0948 2.4777
vt -0.0948 2.5855
vt -0.0344 2.5855
vt -0.0948 2.4777
vt -0.0344 2.5855
vt -0.0344 2.4777
vt -0.0948 2.4777
vt -0.0344 2.4777
vt -0.0344 2.5855
vt -0.0948 2.4777
vt -0.0344 2.5855
vt -0.0948 2.5855
vt -0.0948 1.0431
vt -0.0344 1.0431
vt -0.0344 0.9569
vt -0.0948 1.0431
vt -0.0344 0.9569
vt -0.0948 0.9569
vt -0.0948 1.0431
vt -0.0948 0.9569
vt -0.0344 0.9569
vt -0.0948 1.0431
vt -0.0344 0.9569
vt -0.0344 1.0431
vt -0.0404 2.6684
vt 0.0404 2.6684
vt 0.0404 2.7694
vt -0.0404 2.6684
vt 0.0404 2.7694
vt -0.0404 2.7694
vt -0.0404 2.6684
vt -0.0404 2.7694
vt 0.0404 2.7694
vt -0.0404 2.6684
vt 0.0404 2.7694
vt 0.0404 2.6684
vt -0.0395 2.6684
vt -0.0395 2.7694
vt 0.0171 2.7694
vt -0.0395 2.6684
vt 0.0171 2.7694
vt 0.0171 2.6684
vt -0.0395 2.6684
vt 0.0171 2.6684
vt 0.0171 2.7694
vt -0.0395 2.6684
vt 0.0171 2.7694
vt -0.0395 2.7694
vt -0.0395 1.0404
vt 0.0171 1.0404
vt 0.0171 0.9596
vt -0.0395 1.0404
vt 0.0171 0.9596
vt -0.0395 0.9596
vt -0.0395 1.0404
vt -0.0395 0.9596
vt 0.0171 0.9596
vt -0.0395 1.0404
vt 0.0171 0.9596
vt 0.0171 1.0404
vt -0.0377 2.8591
vt 0.0377 2.8591
vt 0.0377 2.9534
vt -0.0377 2.8591
vt 0.0377 2.9534
vt -0.0377 2.9534
vt -0.0377 2.8591
vt -0.0377 2.9534
vt 0.0377 2.9534
vt -0.0377 2.8591
vt 0.0377 2.9534
vt 0.0377 2.8591
vt 0.0193 2.8591
vt 0.0193 2.9534
vt 0.0721 2.9534
vt 0.0193 2.8591
vt 0.0721 2.9534
vt 0.0721 2.8591
vt 0.0193 2.8591
vt 0.0721 2.8591
vt 0.0721 2.9534
vt 0.0193 2.8591
vt 0.0721 2.9534
vt 0.0193 2.9534
vt 0.0193 1.0377
vt 0.0721 1.0377
vt 0.0721 0.9623
vt 0.0193 1.0377
vt 0.0721 0.9623
vt 0.0193 0.9623
vt 0.0193 1.0377
vt 0.0193 0.9623
vt 0.0721 0.9623
vt 0.0193 1.0377
vt 0.0721 0.9623
vt 0.0721 1.0377
vt -0.035 3.0499
vt 0.035 3.0499
vt 0.035 3.1374
vt -0.035 3.0499
vt 0.035 3.1374
vt -0.035 3.1374
vt -0.035 3.0499
vt -0.035 3.1374
vt 0.035 3.1374
vt -0.035 3.0499
vt 0.035 3.1374
vt 0.035 3.0499
vt 0.0814 3.0499
vt 0.0814 3.1374
vt 0.1304 3.1374
vt 0.0814 3.0499
vt 0.1304 3.1374
vt 0.1304 3.0499
vt 0.0814 3.0499
vt 0.1304 3.0499
vt 0.1304 3.1374
vt 0.0814 3.0499
vt 0.1304 3.1374
vt 0.0814 3.1374
vt 0.0814 1.035
vt 0.1304 1.035
vt 0.1304 0.965
vt 0.0814 1.035
vt 0.1304 0.965
vt 0.0814 0.965
vt 0.0814 1.035
vt 0.0814 0.965
vt 0.1304 0.965
vt 0.0814 1.035
vt 0.1304 0.965
vt 0.1304 1.035
vt -0.0323 3.2406
vt 0.0323 3.2406
vt 0.0323 3.3214
vt -0.0323 3.2406
vt 0.0323 3.3214
vt -0.0323 3.3214
vt -0.0323 3.2406
vt -0.0323 3.3214
vt 0.0323 3.3214
vt -0.0323 3.2406
vt 0.0323 3.3214
vt 0.0323 3.2406
vt 0.1464 3.2406
vt 0.1464 3.3214
vt 0.1916 3.3214
vt 0.1464 3.2406
vt 0.1916 3.3214
vt 0.1916 3.2406
vt 0.1464 3.2406
vt 0.1916 3.2406
vt 0.1916 3.3214
vt 0.1464 3.2406
vt 0.1916 3.3214
vt 0.1464 3.3214
vt 0.1464 1.0323
vt 0.1916 1.0323
vt 0.1916 0.9677
vt 0.1464 1.0323
vt 0.1916 0.9677
vt 0.1464 0.9677
vt 0.1464 1.0323
vt 0.1464 0.9677
vt 0.1916 0.9677
vt 0.1464 1.0323
vt 0.1916 0.9677
vt 0.1916 1.0323
vt -0.0296 3.4314
vt 0.0296 3.4314
vt 0.0296 3.5053
vt -0.0296 3.4314
vt 0.0296 3.5053
vt -0.0296 3.5053
vt -0.0296 3.4314
vt -0.0296 3.5053
vt 0.0296 3.5053
vt -0.0296 3.4314
vt 0.0296 3.5053
vt 0.0296 3.4314
vt 0.2139 3.4314
vt 0.2139 3.5053
vt 0.2553 3.5053
vt 0.2139 3.4314
vt 0.2553 3.5053
vt 0.2553 3.4314
vt 0.2139 3.4314
vt 0.2553 3.4314
vt 0.2553 3.5053
vt 0.2139 3.4314
vt 0.2553 3.5053
vt 0.2139 3.5053
vt 0.2139 1.0296
vt 0.2553 1.0296
vt 0.2553 0.9704
vt 0.2139 1.0296
vt 0.2553 0.9704
vt 0.2139 0.9704
vt 0.2139 1.0296
vt 0.2139 0.9704
vt 0.2553 0.9704
vt 0.2139 1.0296
vt 0.2553 0.9704
vt 0.2553 1.0296
vn 0.8526 0.5225 0.0
vn 0.8526 0.5225 0.0
vn 0.8526 0.5225 0.0
vn 0.8526 0.5225 0.0
vn 0.8526 0.5225 0.0
vn 0.8526 0.5225 0.0
vn 0.2334 0.9724 0.0
vn 0.2334 0.9724 0.0
vn 0.2334 0.9724 0.0
vn 0.2334 0.9724 0.0
vn 0.2334 0.9724 0.0
vn 0.2334 0.9724 0.0
vn -0.5225 0.8526 0.0
vn -0.5225 0.8526 0.0
vn -0.5225 0.8526 0.0
vn -0.5225 0.8526 0.0
vn -0.5225 0.8526 0.0
vn -0.5225 0.8526 0.0
vn -0.9724 0.2334 0.0
vn -0.9724 0.2334 0.0
vn -0.9724 0.2334 0.0
vn -0.9724 0.2334 0.0
vn -0.9724 0.2334 0.0
vn -0.9724 0.2334 0.0
vn -0.8526 -0.5225 0.0
vn -0.8526 -0.5225 0.0
vn -0.8526 -0.5225 0.0
vn -0.8526 -0.5225 0.0
vn -0.8526 -0.5225 0.0
vn -0.8526 -0.5225 0.0
vn -0.2334 -0.9724 0.0
vn -0.2334 -0.9724 0.0
vn -0.2334 -0.9724 0.0
vn -0.2334 -0.9724 0.0
vn -0.2334 -0.9724 0.0
vn -0.2334 -0.9724 0.0
vn 0.5225 -0.8526 0.0
vn 0.5225 -0.8526 0.0
vn 0.5225 -0.8526 0.0
vn 0.5225 -0.8526 0.0
vn 0.5225 -0.8526 0.0
vn 0.5225 -0.8526 0.0
vn 0.9724 -0.2334 0.0
vn 0.9724 -0.2334 0.0
vn 0.9724 -0.2334 0.0
vn 0.9724 -0.2334 0.0
vn 0.9724 -0.2334 0.0
vn 0.9724 -0.2334 0.0
vn 0.0 0.0 -1.0
vn 0.0 0.0 -1.0
vn 0.0 0.0 -1.0
vn 0.0 0.0 -1.0
vn 0.0 0.0 -1.0
vn 0.0 0.0 -1.0
vn 0.0 0.0 -1.0
vn 0.0 0.0 -1.0
vn 0.0 0.0 -1.0
vn 0.0 0.0 -1.0
vn 0.0 0.0 -1.0
vn 0.0 0.0 -1.0
vn 0.0 0.0 -1.0
vn 0.0 0.0 -1.0
vn 0.0 0.0 -1.0
vn 0.0 0.0 -1.0
vn 0.0 0.0 -1.0
vn 0.0 0.0 -1.0
vn 0.0 0.0 1.0
vn 0.0 0.0 1.0
vn 0.0 0.0 1.0
vn 0.0 0.0 1.0
vn 0.0 0.0 1.0
vn 0.0 0.0 1.0
vn 0.0 0.0 1.0
vn 0.0 0.0 1.0
vn 0.0 0.0 1.0
vn 0.0 0.0 1.0
vn 0.0 0.0 1.0
vn 0.0 0.0 1.0
vn 0.0 0.0 1.0
vn 0.0 0.0 1.0
vn 0.0 0.0 1.0
vn 0.0 0.0 1.0
vn 0.0 0.0 1.0
vn 0.0 0.0 1.0
vn 0.7604 0.6494 0.0
vn 0.7604 0.6494 0.0
vn 0.7604 0.6494 0.0
vn 0.7604 0.6494 0.0
vn 0.7604 0.6494 0.0
vn 0.7604 0.6494 0.0
vn 0.0785 0.9969 0.0
vn 0.0785 0.9969 0.0
vn 0.0785 0.9969 0.0
vn 0.0785 0.9969 0.0
vn 0.0785 0.9969 0.0
vn 0.0785 0.9969 0.0
vn -0.6494 0.7604 0.0
vn -0.6494 0.7604 0.0
vn -0.6494 0.7604 0.0
vn -0.6494 0.7604 0.0
vn -0.6494 0.7604 0.0
vn -0.6494 0.7604 0.0
vn -0.9969 0.0785 0.0
vn -0.9969 0.0785 0.0
vn -0.9969 0.0785 0.0
vn -0.9969 0.0785 0.0
vn -0.9969 0.0785 0.0
vn -0.9969 0.0785 0.0
vn -0.7604 -0.6494 0.0
vn -0.7604 -0.6494 0.0
vn -0.7604 -0.6494 0.0
vn -0.7604 -0.6494 0.0
vn -0.7604 -0.6494 0.0
vn -0.7604 -0.6494 0.0
vn -0.0785 -0.9969 0.0
vn -0.0785 -0.9969 0.0
vn -0.0785 -0.9969 0.0
vn -0.0785 -0.9969 0.0
vn -0.0785 -0.9969 0.0
vn -0.0785 -0.9969 0.0
vn 0.6494 -0.7604 0.0
vn 0.6494 -0.7604 0.0
vn 0.6494 -0.7604 0.0
vn 0.6494 -0.7604 0.0
vn 0.6494 -0.7604 0.0
vn 0.6494 -0.7604 0.0
vn 0.9969 -0.0785 0.0
vn 0.9969 -0.0785 0.0
vn 0.9969 -0.0785 0.0
vn 0.9969 -0.0785 0.0
vn 0.9969 -0.0785 0.0
vn 0.9969 -0.0785 0.0
vn 0.0 0.0 1.0
vn 0.0 0.0 1.0
vn 0.0 0.0 1.0
vn 0.0 0.0 1.0
vn 0.0 0.0 1.0
vn 0.0 0.0 1.0
vn 0.0 0.0 1.0
vn 0.0 0.0 1.0
vn 0.0 0.0 1.0
vn 0.0 0.0 1.0
vn 0.0 0.0 1.0
vn 0.0 0.0 1.0
vn 0.0 0.0 1.0
vn 0.0 0.0 1.0
vn 0.0 0.0 1.0
vn 0.0 0.0 1.0
vn 0.0 0.0 1.0
vn 0.0 0.0 1.0
vn 0.6494 0.7604 0.0
vn 0.6494 0.7604 0.0
vn 0.6494 0.7604 0.0
vn 0.6494 0.7604 0.0
vn 0.6494 0.7604 0.0
vn 0.6494 0.7604 0.0
vn -0.0785 0.9969 0.0
vn -0.0785 0.9969 0.0
vn -0.0785 0.9969 0.0
vn -0.0785 0.9969 0.0
vn -0.0785 0.9969 0.0
vn -0.0785 0.9969 0.0
vn -0.7604 0.6494 0.0
vn -0.7604 0.6494 0.0
vn -0.7604 0.6494 0.0
vn -0.7604 0.6494 0.0
vn -0.7604 0.6494 0.0
vn -0.7604 0.6494 0.0
vn -0.9969 -0.0785 0.0
vn -0.9969 -0.0785 0.0
vn -0.9969 -0.0785 0.0
vn -0.9969 -0.0785 0.0
vn -0.9969 -0.0785 0.0
vn -0.9969 -0.0785 0.0
vn -0.6494 -0.7604 0.0
vn -0.6494 -0.7604 0.0
vn -0.6494 -0.7604 0.0
vn -0.6494 -0.7604 0.0
vn -0.6494 -0.7604 0.0
vn -0.6494 -0.7604 0.0
vn 0.0785 -0.9969 0.0
vn 0.0785 -0.9969 0.0
vn 0.0785 -0.9969 0.0
vn 0.0785 -0.9969 0.0
vn 0.0785 -0.9969 0.0
vn 0.0785 -0.9969 0.0
vn 0.7604 -0.6494 0.0
vn 0.7604 -0.6494 0.0
vn 0.7604 -0.6494 0.0
vn 0.7604 -0.6494 0.0
vn 0.7604 -0.6494 0.0
vn 0.7604 -0.6494 0.0
vn 0.9969 0.0785 0.0
vn 0.9969 0.0785 0.0
vn 0.9969 0.0785 0.0
vn 0.9969 0.0785 0.0
vn 0.9969 0.0785 0.0
vn 0.9969 0.0785 0.0
vn 0.0 0.0 1.0
vn 0.0 0.0 1.0
vn 0.0 0.0 1.0
vn 0.0 0.0 1.0
vn 0.0 0.0 1.0
vn 0.0 0.0 1.0
vn 0.0 0.0 1.0
vn 0.0 0.0 1.0
vn 0.0 0.0 1.0
vn 0.0 0.0 1.0
vn 0.0 0.0 1.0
vn 0.0 0.0 1.0
vn 0.0 0.0 1.0
vn 0.0 0.0 1.0
vn 0.0 0.0 1.0
vn 0.0 0.0 1.0
vn 0.0 0.0 1.0
vn 0.0 0.0 1.0
vn 0.047 0.7071 0.7055
vn 0.047 0.7071 0.7055
vn 0.047 0.7071 0.7055
vn 0.047 0.7071 0.7055
vn 0.047 0.7071 0.7055
vn 0.047 0.7071 0.7055
vn 0.047 -0.7071 0.7055
vn 0.047 -0.7071 0.7055
vn 0.047 -0.7071 0.7055
vn 0.047 -0.7071 0.7055
vn 0.047 -0.7071 0.7055
vn 0.047 -0.7071 0.7055
vn -0.047 -0.7071 -0.7055
vn -0.047 -0.7071 -0.7055
vn -0.047 -0.7071 -0.7055
vn -0.047 -0.7071 -0.7055
vn -0.047 -0.7071 -0.7055
vn -0.047 -0.7071 -0.7055
vn -0.047 0.7071 -0.7055
vn -0.047 0.7071 -0.7055
vn -0.047 0.7071 -0.7055
vn -0.047 0.7071 -0.7055
vn -0.047 0.7071 -0.7055
vn -0.047 0.7071 -0.7055
vn -0.9978 0.0 0.0665
vn -0.9978 0.0 0.0665
vn -0.9978 0.0 0.0665
vn -0.9978 0.0 0.0665
vn -0.9978 0.0 0.0665
vn -0.9978 0.0 0.0665
vn 0.9978 0.0 -0.0665
vn 0.9978 0.0 -0.0665
vn 0.9978 0.0 -0.0665
vn 0.9978 0.0 -0.0665
vn 0.9978 0.0 -0.0665
vn 0.9978 0.0 -0.0665
vn -0.5149 0.486 0.7062
vn -0.5149 0.486 0.7062
vn -0.5149 0.486 0.7062
vn -0.5149 0.486 0.7062
vn -0.5149 0.486 0.7062
vn -0.5149 0.486 0.7062
vn 0.5615 -0.4313 0.7062
vn 0.5615 -0.4313 0.7062
vn 0.5615 -0.4313 0.7062
vn 0.5615 -0.4313 0.7062
vn 0.5615 -0.4313 0.7062
vn 0.5615 -0.4313 0.7062
vn 0.5149 -0.486 -0.7062
vn 0.5149 -0.486 -0.7062
vn 0.5149 -0.486 -0.7062
vn 0.5149 -0.486 -0.7062
vn 0.5149 -0.486 -0.7062
vn 0.5149 -0.486 -0.7062
vn -0.5615 0.4313 -0.7062
vn -0.5615 0.4313 -0.7062
vn -0.5615 0.4313 -0.7062
vn -0.5615 0.4313 -0.7062
vn -0.5615 0.4313 -0.7062
vn -0.5615 0.4313 -0.7062
vn -0.6478 -0.7601 0.0508
vn -0.6478 -0.7601 0.0508
vn -0.6478 -0.7601 0.0508
vn -0.6478 -0.7601 0.0508
vn -0.6478 -0.7601 0.0508
vn -0.6478 -0.7601 0.0508
vn 0.6478 0.7601 -0.0508
vn 0.6478 0.7601 -0.0508
vn 0.6478 0.7601 -0.0508
vn 0.6478 0.7601 -0.0508
vn 0.6478 0.7601 -0.0508
vn 0.6478 0.7601 -0.0508
vn -0.3776 0.5997 0.7055
vn -0.3776 0.5997 0.7055
vn -0.3776 0.5997 0.7055
vn -0.3776 0.5997 0.7055
vn -0.3776 0.5997 0.7055
vn -0.3776 0.5997 0.7055
vn 0.4537 -0.5444 0.7055
vn 0.4537 -0.5444 0.7055
vn 0.4537 -0.5444 0.7055
vn 0.4537 -0.5444 0.7055
vn 0.4537 -0.5444 0.7055
vn 0.4537 -0.5444 0.7055
vn 0.3776 -0.5997 -0.7055
vn 0.3776 -0.5997 -0.7055
vn 0.3776 -0.5997 -0.7055
vn 0.3776 -0.5997 -0.7055
vn 0.3776 -0.5997 -0.7055
vn 0.3776 -0.5997 -0.7055
vn -0.4537 0.5444 -0.7055
vn -0.4537 0.5444 -0.7055
vn -0.4537 0.5444 -0.7055
vn -0.4537 0.5444 -0.7055
vn -0.4537 0.5444 -0.7055
vn -0.4537 0.5444 -0.7055
vn -0.8072 -0.5865 0.0665
vn -0.8072 -0.5865 0.0665
vn -0.8072 -0.5865 0.0665
vn -0.8072 -0.5865 0.0665
vn -0.8072 -0.5865 0.0665
vn -0.8072 -0.5865 0.0665
vn 0.8072 0.5865 -0.0665
vn 0.8072 0.5865 -0.0665
vn 0.8072 0.5865 -0.0665
vn 0.8072 0.5865 -0.0665
vn 0.8072 0.5865 -0.0665
vn 0.8072 0.5865 -0.0665
vn -0.7022 0.0906 0.7062
vn -0.7022 0.0906 0.7062
vn -0.7022 0.0906 0.7062
vn -0.7022 0.0906 0.7062
vn -0.7022 0.0906 0.7062
vn -0.7022 0.0906 0.7062
vn 0.7078 -0.0189 0.7062
vn 0.7078 -0.0189 0.7062
vn 0.7078 -0.0189 0.7062
vn 0.7078 -0.0189 0.7062
vn 0.7078 -0.0189 0.7062
vn 0.7078 -0.0189 0.7062
vn 0.7022 -0.0906 -0.7062
vn 0.7022 -0.0906 -0.7062
vn 0.7022 -0.0906 -0.7062
vn 0.7022 -0.0906 -0.7062
vn 0.7022 -0.0906 -0.7062
vn 0.7022 -0.0906 -0.7062
vn -0.7078 0.0189 -0.7062
vn -0.7078 0.0189 -0.7062
vn -0.7078 0.0189 -0.7062
vn -0.7078 0.0189 -0.7062
vn -0.7078 0.0189 -0.7062
vn -0.7078 0.0189 -0.7062
vn -0.0773 -0.9957 0.0508
vn -0.0773 -0.9957 0.0508
vn -0.0773 -0.9957 0.0508
vn -0.0773 -0.9957 0.0508
vn -0.0773 -0.9957 0.0508
vn -0.0773 -0.9957 0.0508
vn 0.0773 0.9957 -0.0508
vn 0.0773 0.9957 -0.0508
vn 0.0773 0.9957 -0.0508
vn 0.0773 0.9957 -0.0508
vn 0.0773 0.9957 -0.0508
vn 0.0773 0.9957 -0.0508
vn -0.658 0.2632 0.7055
vn -0.658 0.2632 0.7055
vn -0.658 0.2632 0.7055
vn -0.658 0.2632 0.7055
vn -0.658 0.2632 0.7055
vn -0.658 0.2632 0.7055
vn 0.687 -0.1738 0.7055
vn 0.687 -0.1738 0.7055
vn 0.687 -0.1738 0.7055
vn 0.687 -0.1738 0.7055
vn 0.687 -0.1738 0.7055
vn 0.687 -0.1738 0.7055
vn 0.658 -0.2632 -0.7055
vn 0.658 -0.2632 -0.7055
vn 0.658 -0.2632 -0.7055
vn 0.658 -0.2632 -0.7055
vn 0.658 -0.2632 -0.7055
vn 0.658 -0.2632 -0.7055
vn -0.687 0.1738 -0.7055
vn -0.687 0.1738 -0.7055
vn -0.687 0.1738 -0.7055
vn -0.687 0.1738 -0.7055
vn -0.687 0.1738 -0.7055
vn -0.687 0.1738 -0.7055
vn -0.3083 -0.949 0.0665
vn -0.3083 -0.949 0.0665
vn -0.3083 -0.949 0.0665
vn -0.3083 -0.949 0.0665
vn -0.3083 -0.949 0.0665
vn -0.3083 -0.949 0.0665
vn 0.3083 0.949 -0.0665
vn 0.3083 0.949 -0.0665
vn 0.3083 0.949 -0.0665
vn 0.3083 0.949 -0.0665
vn 0.3083 0.949 -0.0665
vn 0.3083 0.949 -0.0665
vn -0.6213 -0.3395 0.7062
vn -0.6213 -0.3395 0.7062
vn -0.6213 -0.3395 0.7062
vn -0.6213 -0.3395 0.7062
vn -0.6213 -0.3395 0.7062
vn -0.6213 -0.3395 0.7062
vn 0.5837 0.4007 0.7062
vn 0.5837 0.4007 0.7062
vn 0.5837 0.4007 0.7062
vn 0.5837 0.4007 0.7062
vn 0.5837 0.4007 0.7062
vn 0.5837 0.4007 0.7062
vn 0.6213 0.3395 -0.7062
vn 0.6213 0.3395 -0.7062
vn 0.6213 0.3395 -0.7062
vn 0.6213 0.3395 -0.7062
vn 0.6213 0.3395 -0.7062
vn 0.6213 0.3395 -0.7062
vn -0.5837 -0.4007 -0.7062
vn -0.5837 -0.4007 -0.7062
vn -0.5837 -0.4007 -0.7062
vn -0.5837 -0.4007 -0.7062
vn -0.5837 -0.4007 -0.7062
vn -0.5837 -0.4007 -0.7062
vn 0.5227 -0.851 0.0508
vn 0.5227 -0.851 0.0508
vn 0.5227 -0.851 0.0508
vn 0.5227 -0.851 0.0508
vn 0.5227 -0.851 0.0508
vn 0.5227 -0.851 0.0508
vn -0.5227 0.851 -0.0508
vn -0.5227 0.851 -0.0508
vn -0.5227 0.851 -0.0508
vn -0.5227 0.851 -0.0508
vn -0.5227 0.851 -0.0508
vn -0.5227 0.851 -0.0508
vn -0.687 -0.1738 0.7055
vn -0.687 -0.1738 0.7055
vn -0.687 -0.1738 0.7055
vn -0.687 -0.1738 0.7055
vn -0.687 -0.1738 0.7055
vn -0.687 -0.1738 0.7055
vn 0.658 0.2632 0.7055
vn 0.658 0.2632 0.7055
vn 0.658 0.2632 0.7055
vn 0.658 0.2632 0.7055
vn 0.658 0.2632 0.7055
vn 0.658 0.2632 0.7055
vn 0.687 0.1738 -0.7055
vn 0.687 0.1738 -0.7055
vn 0.687 0.1738 -0.7055
vn 0.687 0.1738 -0.7055
vn 0.687 0.1738 -0.7055
vn 0.687 0.1738 -0.7055
vn -0.658 -0.2632 -0.7055
vn -0.658 -0.2632 -0.7055
vn -0.658 -0.2632 -0.7055
vn -0.658 -0.2632 -0.7055
vn -0.658 -0.2632 -0.7055
vn -0.658 -0.2632 -0.7055
vn 0.3083 -0.949 0.0665
vn 0.3083 -0.949 0.0665
vn 0.3083 -0.949 0.0665
vn 0.3083 -0.949 0.0665
vn 0.3083 -0.949 0.0665
vn 0.3083 -0.949 0.0665
vn -0.3083 0.949 -0.0665
vn -0.3083 0.949 -0.0665
vn -0.3083 0.949 -0.0665
vn -0.3083 0.949 -0.0665
vn -0.3083 0.949 -0.0665
vn -0.3083 0.949 -0.0665
vn -0.3031 -0.6398 0.7062
vn -0.3031 -0.6398 0.7062
vn -0.3031 -0.6398 0.7062
vn -0.3031 -0.6398 0.7062
vn -0.3031 -0.6398 0.7062
vn -0.3031 -0.6398 0.7062
vn 0.2367 0.6673 0.7062
vn 0.2367 0.6673 0.7062
vn 0.2367 0.6673 0.7062
vn 0.2367 0.6673 0.7062
vn 0.2367 0.6673 0.7062
vn 0.2367 0.6673 0.7062
vn 0.3031 0.6398 -0.7062
vn 0.3031 0.6398 -0.7062
vn 0.3031 0.6398 -0.7062
vn 0.3031 0.6398 -0.7062
vn 0.3031 0.6398 -0.7062
vn 0.3031 0.6398 -0.7062
vn -0.2367 -0.6673 -0.7062
vn -0.2367 -0.6673 -0.7062
vn -0.2367 -0.6673 -0.7062
vn -0.2367 -0.6673 -0.7062
vn -0.2367 -0.6673 -0.7062
vn -0.2367 -0.6673 -0.7062
vn 0.9231 -0.3812 0.0508
vn 0.9231 -0.3812 0.0508
vn 0.9231 -0.3812 0.0508
vn 0.9231 -0.3812 0.0508
vn 0.9231 -0.3812 0.0508
vn 0.9231 -0.3812 0.0508
vn -0.9231 0.3812 -0.0508
vn -0.9231 0.3812 -0.0508
vn -0.9231 0.3812 -0.0508
vn -0.9231 0.3812 -0.0508
vn -0.9231 0.3812 -0.0508
vn -0.9231 0.3812 -0.0508
vn -0.4537 -0.5444 0.7055
vn -0.4537 -0.5444 0.7055
vn -0.4537 -0.5444 0.7055
vn -0.4537 -0.5444 0.7055
vn -0.4537 -0.5444 0.7055
vn -0.4537 -0.5444 0.7055
vn 0.3776 0.5997 0.7055
vn 0.3776 0.5997 0.7055
vn 0.3776 0.5997 0.7055
vn 0.3776 0.5997 0.7055
vn 0.3776 0.5997 0.7055
vn 0.3776 0.5997 0.7055
vn 0.4537 0.5444 -0.7055
vn 0.4537 0.5444 -0.7055
vn 0.4537 0.5444 -0.7055
vn 0.4537 0.5444 -0.7055
vn 0.4537 0.5444 -0.7055
vn 0.4537 0.5444 -0.7055
vn -0.3776 -0.5997 -0.7055
vn -0.3776 -0.5997 -0.7055
vn -0.3776 -0.5997 -0.7055
vn -0.3776 -0.5997 -0.7055
vn -0.3776 -0.5997 -0.7055
vn -0.3776 -0.5997 -0.7055
vn 0.8072 -0.5865 0.0665
vn 0.8072 -0.5865 0.0665
vn 0.8072 -0.5865 0.0665
vn 0.8072 -0.5865 0.0665
vn 0.8072 -0.5865 0.0665
vn 0.8072 -0.5865 0.0665
vn -0.8072 0.5865 -0.0665
vn -0.8072 0.5865 -0.0665
vn -0.8072 0.5865 -0.0665
vn -0.8072 0.5865 -0.0665
vn -0.8072 0.5865 -0.0665
vn -0.8072 0.5865 -0.0665
vn 0.1309 -0.6958 0.7062
vn 0.1309 -0.6958 0.7062
vn 0.1309 -0.6958 0.7062
vn 0.1309 -0.6958 0.7062
vn 0.1309 -0.6958 0.7062
vn 0.1309 -0.6958 0.7062
vn -0.2008 0.679 0.7062
vn -0.2008 0.679 0.7062
vn -0.2008 0.679 0.7062
vn -0.2008 0.679 0.7062
vn -0.2008 0.679 0.7062
vn -0.2008 0.679 0.7062
vn -0.1309 0.6958 -0.7062
vn -0.1309 0.6958 -0.7062
vn -0.1309 0.6958 -0.7062
vn -0.1309 0.6958 -0.7062
vn -0.1309 0.6958 -0.7062
vn -0.1309 0.6958 -0.7062
vn 0.2008 -0.679 -0.7062
vn 0.2008 -0.679 -0.7062
vn 0.2008 -0.679 -0.7062
vn 0.2008 -0.679 -0.7062
vn 0.2008 -0.679 -0.7062
vn 0.2008 -0.679 -0.7062
vn 0.9709 0.2342 0.0508
vn 0.9709 0.2342 0.0508
vn 0.9709 0.2342 0.0508
vn 0.9709 0.2342 0.0508
vn 0.9709 0.2342 0.0508
vn 0.9709 0.2342 0.0508
vn -0.9709 -0.2342 -0.0508
vn -0.9709 -0.2342 -0.0508
vn -0.9709 -0.2342 -0.0508
vn -0.9709 -0.2342 -0.0508
vn -0.9709 -0.2342 -0.0508
vn -0.9709 -0.2342 -0.0508
vn -0.047 -0.7071 0.7055
vn -0.047 -0.7071 0.7055
vn -0.047 -0.7071 0.7055
vn -0.047 -0.7071 0.7055
vn -0.047 -0.7071 0.7055
vn -0.047 -0.7071 0.7055
vn -0.047 0.7071 0.7055
vn -0.047 0.7071 0.7055
vn -0.047 0.7071 0.7055
vn -0.047 0.7071 0.7055
vn -0.047 0.7071 0.7055
vn -0.047 0.7071 0.7055
vn 0.047 0.7071 -0.7055
vn 0.047 0.7071 -0.7055
vn 0.047 0.7071 -0.7055
vn 0.047 0.7071 -0.7055
vn 0.047 0.7071 -0.7055
vn 0.047 0.7071 -0.7055
vn 0.047 -0.7071 -0.7055
vn 0.047 -0.7071 -0.7055
vn 0.047 -0.7071 -0.7055
vn 0.047 -0.7071 -0.7055
vn 0.047 -0.7071 -0.7055
vn 0.047 -0.7071 -0.7055
vn 0.9978 0.0 0.0665
vn 0.9978 0.0 0.0665
vn 0.9978 0.0 0.0665
vn 0.9978 0.0 0.0665
vn 0.9978 0.0 0.0665
vn 0.9978 0.0 0.0665
vn -0.9978 0.0 -0.0665
vn -0.9978 0.0 -0.0665
vn -0.9978 0.0 -0.0665
vn -0.9978 0.0 -0.0665
vn -0.9978 0.0 -0.0665
vn -0.9978 0.0 -0.0665
vn 0.5149 -0.486 0.7062
vn 0.5149 -0.486 0.7062
vn 0.5149 -0.486 0.7062
vn 0.5149 -0.486 0.7062
vn 0.5149 -0.486 0.7062
vn 0.5149 -0.486 0.7062
vn -0.5615 0.4313 0.7062
vn -0.5615 0.4313 0.7062
vn -0.5615 0.4313 0.7062
vn -0.5615 0.4313 0.7062
vn -0.5615 0.4313 0.7062
vn -0.5615 0.4313 0.7062
vn -0.5149 0.486 -0.7062
vn -0.5149 0.486 -0.7062
vn -0.5149 0.486 -0.7062
vn -0.5149 0.486 -0.7062
vn -0.5149 0.486 -0.7062
vn -0.5149 0.486 -0.7062
vn 0.5615 -0.4313 -0.7062
vn 0.5615 -0.4313 -0.7062
vn 0.5615 -0.4313 -0.7062
vn 0.5615 -0.4313 -0.7062
vn 0.5615 -0.4313 -0.7062
vn 0.5615 -0.4313 -0.7062
vn 0.6478 0.7601 0.0508
vn 0.6478 0.7601 0.0508
vn 0.6478 0.7601 0.0508
vn 0.6478 0.7601 0.0508
vn 0.6478 0.7601 0.0508
vn 0.6478 0.7601 0.0508
vn -0.6478 -0.7601 -0.0508
vn -0.6478 -0.7601 -0.0508
vn -0.6478 -0.7601 -0.0508
vn -0.6478 -0.7601 -0.0508
vn -0.6478 -0.7601 -0.0508
vn -0.6478 -0.7601 -0.0508
vn 0.3776 -0.5997 0.7055
vn 0.3776 -0.5997 0.7055
vn 0.3776 -0.5997 0.7055
vn 0.3776 -0.5997 0.7055
vn 0.3776 -0.5997 0.7055
vn 0.3776 -0.5997 0.7055
vn -0.4537 0.5444 0.7055
vn -0.4537 0.5444 0.7055
vn -0.4537 0.5444 0.7055
vn -0.4537 0.5444 0.7055
vn -0.4537 0.5444 0.7055
vn -0.4537 0.5444 0.7055
vn -0.3776 0.5997 -0.7055
vn -0.3776 0.5997 -0.7055
vn -0.3776 0.5997 -0.7055
vn -0.3776 0.5997 -0.7055
vn -0.3776 0.5997 -0.7055
vn -0.3776 0.5997 -0.7055
vn 0.4537 -0.5444 -0.7055
vn 0.4537 -0.5444 -0.7055
vn 0.4537 -0.5444 -0.7055
vn 0.4537 -0.5444 -0.7055
vn 0.4537 -0.5444 -0.7055
vn 0.4537 -0.5444 -0.7055
vn 0.8072 0.5865 0.0665
vn 0.8072 0.5865 0.0665
vn 0.8072 0.5865 0.0665
vn 0.8072 0.5865 0.0665
vn 0.8072 0.5865 0.0665
vn 0.8072 0.5865 0.0665
vn -0.8072 -0.5865 -0.0665
vn -0.8072 -0.5865 -0.0665
vn -0.8072 -0.5865 -0.0665
vn -0.8072 -0.5865 -0.0665
vn -0.8072 -0.5865 -0.0665
vn -0.8072 -0.5865 -0.0665
vn 0.7022 -0.0906 0.7062
vn 0.7022 -0.0906 0.7062
vn 0.7022 -0.0906 0.7062
vn 0.7022 -0.0906 0.7062
vn 0.7022 -0.0906 0.7062
vn 0.7022 -0.0906 0.7062
vn -0.7078 0.0189 0.7062
vn -0.7078 0.0189 0.7062
vn -0.7078 0.0189 0.7062
vn -0.7078 0.0189 0.7062
vn -0.7078 0.0189 0.7062
vn -0.7078 0.0189 0.7062
vn -0.7022 0.0906 -0.7062
vn -0.7022 0.0906 -0.7062
vn -0.7022 0.0906 -0.7062
vn -0.7022 0.0906 -0.7062
vn -0.7022 0.0906 -0.7062
vn -0.7022 0.0906 -0.7062
vn 0.7078 -0.0189 -0.7062
vn 0.7078 -0.0189 -0.7062
vn 0.7078 -0.0189 -0.7062
vn 0.7078 -0.0189 -0.7062
vn 0.7078 -0.0189 -0.7062
vn 0.7078 -0.0189 -0.7062
vn 0.0773 0.9957 0.0508
vn 0.0773 0.9957 0.0508
vn 0.0773 0.9957 0.0508
vn 0.0773 0.9957 0.0508
vn 0.0773 0.9957 0.0508
vn 0.0773 0.9957 0.0508
vn -0.0773 -0.9957 -0.0508
vn -0.0773 -0.9957 -0.0508
vn -0.0773 -0.9957 -0.0508
vn -0.0773 -0.9957 -0.0508
vn -0.0773 -0.9957 -0.0508
vn -0.0773 -0.9957 -0.0508
vn 0.658 -0.2632 0.7055
vn 0.658 -0.2632 0.7055
vn 0.658 -0.2632 0.7055
vn 0.658 -0.2632 0.7055
vn 0.658 -0.2632 0.7055
vn 0.658 -0.2632 0.7055
vn -0.687 0.1738 0.7055
vn -0.687 0.1738 0.7055
vn -0.687 0.1738 0.7055
vn -0.687 0.1738 0.7055
vn -0.687 0.1738 0.7055
vn -0.687 0.1738 0.7055
vn -0.658 0.2632 -0.7055
vn -0.658 0.2632 -0.7055
vn -0.658 0.2632 -0.7055
vn -0.658 0.2632 -0.7055
vn -0.658 0.2632 -0.7055
vn -0.658 0.2632 -0.7055
vn 0.687 -0.1738 -0.7055
vn 0.687 -0.1738 -0.7055
vn 0.687 -0.1738 -0.7055
vn 0.687 -0.1738 -0.7055
vn 0.687 -0.1738 -0.7055
vn 0.687 -0.1738 -0.7055
vn 0.3083 0.949 0.0665
vn 0.3083 0.949 0.0665
vn 0.3083 0.949 0.0665
vn 0.3083 0.949 0.0665
vn 0.3083 0.949 0.0665
vn 0.3083 0.949 0.0665
vn -0.3083 -0.949 -0.0665
vn -0.3083 -0.949 -0.0665
vn -0.3083 -0.949 -0.0665
vn -0.3083 -0.949 -0.0665
vn -0.3083 -0.949 -0.0665
vn -0.3083 -0.949 -0.0665
vn 0.6213 0.3395 0.7062
vn 0.6213 0.3395 0.7062
vn 0.6213 0.3395 0.7062
vn 0.6213 0.3395 0.7062
vn 0.6213 0.3395 0.7062
vn 0.6213 0.3395 0.7062
vn -0.5837 -0.4007 0.7062
vn -0.5837 -0.4007 0.7062
vn -0.5837 -0.4007 0.7062
vn -0.5837 -0.4007 0.7062
vn -0.5837 -0.4007 0.7062
vn -0.5837 -0.4007 0.7062
vn -0.6213 -0.3395 -0.7062
vn -0.6213 -0.3395 -0.7062
vn -0.6213 -0.3395 -0.7062
vn -0.6213 -0.3395 -0.7062
vn -0.6213 -0.3395 -0.7062
vn -0.6213 -0.3395 -0.7062
vn 0.5837 0.4007 -0.7062
vn 0.5837 0.4007 -0.7062
vn 0.5837 0.4007 -0.7062
vn 0.5837 0.4007 -0.7062
vn 0.5837 0.4007 -0.7062
vn 0.5837 0.4007 -0.7062
vn -0.5227 0.851 0.0508
vn -0.5227 0.851 0.0508
vn -0.5227 0.851 0.0508
vn -0.5227 0.851 0.0508
vn -0.5227 0.851 0.0508
vn -0.5227 0.851 0.0508
vn 0.5227 -0.851 -0.0508
vn 0.5227 -0.851 -0.0508
vn 0.5227 -0.851 -0.0508
vn 0.5227 -0.851 -0.0508
vn 0.5227 -0.851 -0.0508
vn 0.5227 -0.851 -0.0508
vn 0.687 0.1738 0.7055
vn 0.687 0.1738 0.7055
vn 0.687 0.1738 0.7055
vn 0.687 0.1738 0.7055
vn 0.687 0.1738 0.7055
vn 0.687 0.1738 0.7055
vn -0.658 -0.2632 0.7055
vn -0.658 -0.2632 0.7055
vn -0.658 -0.2632 0.7055
vn -0.658 -0.2632 0.7055
vn -0.658 -0.2632 0.7055
vn -0.658 -0.2632 0.7055
vn -0.687 -0.1738 -0.7055
vn -0.687 -0.1738 -0.7055
vn -0.687 -0.1738 -0.7055
vn -0.687 -0.1738 -0.7055
vn -0.687 -0.1738 -0.7055
vn -0.687 -0.1738 -0.7055
vn 0.658 0.2632 -0.7055
vn 0.658 0.2632 -0.7055
vn 0.658 0.2632 -0.7055
vn 0.658 0.2632 -0.7055
vn 0.658 0.2632 -0.7055
vn 0.658 0.2632 -0.7055
vn -0.3083 0.949 0.0665
vn -0.3083 0.949 0.0665
vn -0.3083 0.949 0.0665
vn -0.3083 0.949 0.0665
vn -0.3083 0.949 0.0665
vn -0.3083 0.949 0.0665
vn 0.3083 -0.949 -0.0665
vn 0.3083 -0.949 -0.0665
vn 0.3083 -0.949 -0.0665
vn 0.3083 -0.949 -0.0665
vn 0.3083 -0.949 -0.0665
vn 0.3083 -0.949 -0.0665
vn 0.3031 0.6398 0.7062
vn 0.3031 0.6398 0.7062
vn 0.3031 0.6398 0.7062
vn 0.3031 0.6398 0.7062
vn 0.3031 0.6398 0.7062
vn 0.3031 0.6398 0.7062
vn -0.2367 -0.6673 0.7062
vn -0.2367 -0.6673 0.7062
vn -0.2367 -0.6673 0.7062
vn -0.2367 -0.6673 0.7062
vn -0.2367 -0.6673 0.7062
vn -0.2367 -0.6673 0.7062
vn -0.3031 -0.6398 -0.7062
vn -0.3031 -0.6398 -0.7062
vn -0.3031 -0.6398 -0.7062
vn -0.3031 -0.6398 -0.7062
vn -0.3031 -0.6398 -0.7062
vn -0.3031 -0.6398 -0.7062
vn 0.2367 0.6673 -0.7062
vn 0.2367 0.6673 -0.7062
vn 0.2367 0.6673 -0.7062
vn 0.2367 0.6673 -0.7062
vn 0.2367 0.6673 -0.7062
vn 0.2367 0.6673 -0.7062
vn -0.9231 0.3812 0.0508
vn -0.9231 0.3812 0.0508
vn -0.9231 0.3812 0.0508
vn -0.9231 0.3812 0.0508
vn -0.9231 0.3812 0.0508
vn -0.9231 0.3812 0.0508
vn 0.9231 -0.3812 -0.0508
vn 0.9231 -0.3812 -0.0508
vn 0.9231 -0.3812 -0.0508
vn 0.9231 -0.3812 -0.0508
vn 0.9231 -0.3812 -0.0508
vn 0.9231 -0.3812 -0.0508
vn 0.4537 0.5444 0.7055
vn 0.4537 0.5444 0.7055
vn 0.4537 0.5444 0.7055
vn 0.4537 0.5444 0.7055
vn 0.4537 0.5444 0.7055
vn 0.4537 0.5444 0.7055
vn -0.3776 -0.5997 0.7055
vn -0.3776 -0.5997 0.7055
vn -0.3776 -0.5997 0.7055
vn -0.3776 -0.5997 0.7055
vn -0.3776 -0.5997 0.7055
vn -0.3776 -0.5997 0.7055
vn -0.4537 -0.5444 -0.7055
vn -0.4537 -0.5444 -0.7055
vn -0.4537 -0.5444 -0.7055
vn -0.4537 -0.5444 -0.7055
vn -0.4537 -0.5444 -0.7055
vn -0.4537 -0.5444 -0.7055
vn 0.3776 0.5997 -0.7055
vn 0.3776 0.5997 -0.7055
vn 0.3776 0.5997 -0.7055
vn 0.3776 0.5997 -0.7055
vn 0.3776 0.5997 -0.7055
vn 0.3776 0.5997 -0.7055
vn -0.8072 0.5865 0.0665
vn -0.8072 0.5865 0.0665
vn -0.8072 0.5865 0.0665
vn -0.8072 0.5865 0.0665
vn -0.8072 0.5865 0.0665
vn -0.8072 0.5865 0.0665
vn 0.8072 -0.5865 -0.0665
vn 0.8072 -0.5865 -0.0665
vn 0.8072 -0.5865 -0.0665
vn 0.8072 -0.5865 -0.0665
vn 0.8072 -0.5865 -0.0665
vn 0.8072 -0.5865 -0.0665
vn -0.1309 0.6958 0.7062
vn -0.1309 0.6958 0.7062
vn -0.1309 0.6958 0.7062
vn -0.1309 0.6958 0.7062
vn -0.1309 0.6958 0.7062
vn -0.1309 0.6958 0.7062
vn 0.2008 -0.679 0.7062
vn 0.2008 -0.679 0.7062
vn 0.2008 -0.679 0.7062
vn 0.2008 -0.679 0.7062
vn 0.2008 -0.679 0.7062
vn 0.2008 -0.679 0.7062
vn 0.1309 -0.6958 -0.7062
vn 0.1309 -0.6958 -0.7062
vn 0.1309 -0.6958 -0.7062
vn 0.1309 -0.6958 -0.7062
vn 0.1309 -0.6958 -0.7062
vn 0.1309 -0.6958 -0.7062
vn -0.2008 0.679 -0.7062
vn -0.2008 0.679 -0.7062
vn -0.2008 0.679 -0.7062
vn -0.2008 0.679 -0.7062
vn -0.2008 0.679 -0.7062
vn -0.2008 0.679 -0.7062
vn -0.9709 -0.2342 0.0508
vn -0.9709 -0.2342 0.0508
vn -0.9709 -0.2342 0.0508
vn -0.9709 -0.2342 0.0508
vn -0.9709 -0.2342 0.0508
vn -0.9709 -0.2342 0.0508
vn 0.9709 0.2342 -0.0508
vn 0.9709 0.2342 -0.0508
vn 0.9709 0.2342 -0.0508
vn 0.9709 0.2342 -0.0508
vn 0.9709 0.2342 -0.0508
vn 0.9709 0.2342 -0.0508
vn 0.9007 0.3731 0.2224
vn 0.9007 0.3731 0.2224
vn 0.9007 0.3731 0.2224
vn 0.9007 0.3731 0.2224
vn 0.9007 0.3731 0.2224
vn 0.9007 0.3731 0.2224
vn 0.3723 0.8989 0.2311
vn 0.3723 0.8989 0.2311
vn 0.3723 0.8989 0.2311
vn 0.3723 0.8989 0.2311
vn 0.3723 0.8989 0.2311
vn 0.3723 0.8989 0.2311
vn -0.3712 0.8961 0.2432
vn -0.3712 0.8961 0.2432
vn -0.3712 0.8961 0.2432
vn -0.3712 0.8961 0.2432
vn -0.3712 0.8961 0.2432
vn -0.3712 0.8961 0.2432
vn -0.8941 0.3704 0.2517
vn -0.8941 0.3704 0.2517
vn -0.8941 0.3704 0.2517
vn -0.8941 0.3704 0.2517
vn -0.8941 0.3704 0.2517
vn -0.8941 0.3704 0.2517
vn -0.8941 -0.3704 0.2517
vn -0.8941 -0.3704 0.2517
vn -0.8941 -0.3704 0.2517
vn -0.8941 -0.3704 0.2517
vn -0.8941 -0.3704 0.2517
vn -0.8941 -0.3704 0.2517
vn -0.3712 -0.8961 0.2432
vn -0.3712 -0.8961 0.2432
vn -0.3712 -0.8961 0.2432
vn -0.3712 -0.8961 0.2432
vn -0.3712 -0.8961 0.2432
vn -0.3712 -0.8961 0.2432
vn 0.3723 -0.8989 0.2311
vn 0.3723 -0.8989 0.2311
vn 0.3723 -0.8989 0.2311
vn 0.3723 -0.8989 0.2311
vn 0.3723 -0.8989 0.2311
vn 0.3723 -0.8989 0.2311
vn 0.9007 -0.3731 0.2224
vn 0.9007 -0.3731 0.2224
vn 0.9007 -0.3731 0.2224
vn 0.9007 -0.3731 0.2224
vn 0.9007 -0.3731 0.2224
vn 0.9007 -0.3731 0.2224
vn 0.0 0.0 -1.0
vn 0.0 0.0 -1.0
vn 0.0 0.0 -1.0
vn 0.0 0.0 -1.0
vn 0.0 0.0 -1.0
vn 0.0 0.0 -1.0
vn 0.0 0.0 -1.0
vn 0.0 0.0 -1.0
vn 0.0 0.0 -1.0
vn 0.0 0.0 -1.0
vn 0.0 0.0 -1.0
vn 0.0 0.0 -1.0
vn 0.0 0.0 -1.0
vn 0.0 0.0 -1.0
vn 0.0 0.0 -1.0
vn 0.0 0.0 -1.0
vn 0.0 0.0 -1.0
vn 0.0 0.0 -1.0
vn 0.7911 0.5854 0.1771
vn 0.7911 0.5854 0.1771
vn 0.7911 0.5854 0.1771
vn 0.7911 0.5854 0.1771
vn 0.7911 0.5854 0.1771
vn 0.7911 0.5854 0.1771
vn 0.1445 0.9671 0.2093
vn 0.1445 0.9671 0.2093
vn 0.1445 0.9671 0.2093
vn 0.1445 0.9671 0.2093
vn 0.1445 0.9671 0.2093
vn 0.1445 0.9671 0.2093
vn -0.5767 0.7794 0.2449
vn -0.5767 0.7794 0.2449
vn -0.5767 0.7794 0.2449
vn -0.5767 0.7794 0.2449
vn -0.5767 0.7794 0.2449
vn -0.5767 0.7794 0.2449
vn -0.9541 0.1426 0.2635
vn -0.9541 0.1426 0.2635
vn -0.9541 0.1426 0.2635
vn -0.9541 0.1426 0.2635
vn -0.9541 0.1426 0.2635
vn -0.9541 0.1426 0.2635
vn -0.7773 -0.5752 0.2548
vn -0.7773 -0.5752 0.2548
vn -0.7773 -0.5752 0.2548
vn -0.7773 -0.5752 0.2548
vn -0.7773 -0.5752 0.2548
vn -0.7773 -0.5752 0.2548
vn -0.1441 -0.964 0.2236
vn -0.1441 -0.964 0.2236
vn -0.1441 -0.964 0.2236
vn -0.1441 -0.964 0.2236
vn -0.1441 -0.964 0.2236
vn -0.1441 -0.964 0.2236
vn 0.5843 -0.7896 0.1874
vn 0.5843 -0.7896 0.1874
vn 0.5843 -0.7896 0.1874
vn 0.5843 -0.7896 0.1874
vn 0.5843 -0.7896 0.1874
vn 0.5843 -0.7896 0.1874
vn 0.975 -0.1457 0.1679
vn 0.975 -0.1457 0.1679
vn 0.975 -0.1457 0.1679
vn 0.975 -0.1457 0.1679
vn 0.975 -0.1457 0.1679
vn 0.975 -0.1457 0.1679
vn 0.6295 0.7637 0.1431
vn 0.6295 0.7637 0.1431
vn 0.6295 0.7637 0.1431
vn 0.6295 0.7637 0.1431
vn 0.6295 0.7637 0.1431
vn 0.6295 0.7637 0.1431
vn -0.0938 0.9745 0.2036
vn -0.0938 0.9745 0.2036
vn -0.0938 0.9745 0.2036
vn -0.0938 0.9745 0.2036
vn -0.0938 0.9745 0.2036
vn -0.0938 0.9745 0.2036
vn -0.7456 0.6146 0.2575
vn -0.7456 0.6146 0.2575
vn -0.7456 0.6146 0.2575
vn -0.7456 0.6146 0.2575
vn -0.7456 0.6146 0.2575
vn -0.7456 0.6146 0.2575
vn -0.9571 -0.0922 0.2748
vn -0.9571 -0.0922 0.2748
vn -0.9571 -0.0922 0.2748
vn -0.9571 -0.0922 0.2748
vn -0.9571 -0.0922 0.2748
vn -0.9571 -0.0922 0.2748
vn -0.6164 -0.7477 0.2468
vn -0.6164 -0.7477 0.2468
vn -0.6164 -0.7477 0.2468
vn -0.6164 -0.7477 0.2468
vn -0.6164 -0.7477 0.2468
vn -0.6164 -0.7477 0.2468
vn 0.0941 -0.9777 0.1879
vn 0.0941 -0.9777 0.1879
vn 0.0941 -0.9777 0.1879
vn 0.0941 -0.9777 0.1879
vn 0.0941 -0.9777 0.1879
vn 0.0941 -0.9777 0.1879
vn 0.7649 -0.6305 0.1317
vn 0.7649 -0.6305 0.1317
vn 0.7649 -0.6305 0.1317
vn 0.7649 -0.6305 0.1317
vn 0.7649 -0.6305 0.1317
vn 0.7649 -0.6305 0.1317
vn 0.9891 0.0952 0.1127
vn 0.9891 0.0952 0.1127
vn 0.9891 0.0952 0.1127
vn 0.9891 0.0952 0.1127
vn 0.9891 0.0952 0.1127
vn 0.9891 0.0952 0.1127
vn 0.4272 0.8955 0.1246
vn 0.4272 0.8955 0.1246
vn 0.4272 0.8955 0.1246
vn 0.4272 0.8955 0.1246
vn 0.4272 0.8955 0.1246
vn 0.4272 0.8955 0.1246
vn -0.3261 0.921 0.2132
vn -0.3261 0.921 0.2132
vn -0.3261 0.921 0.2132
vn -0.3261 0.921 0.2132
vn -0.3261 0.921 0.2132
vn -0.3261 0.921 0.2132
vn -0.8675 0.4138 0.2761
vn -0.8675 0.4138 0.2761
vn -0.8675 0.4138 0.2761
vn -0.8675 0.4138 0.2761
vn -0.8675 0.4138 0.2761
vn -0.8675 0.4138 0.2761
vn -0.9048 -0.3204 0.2804
vn -0.9048 -0.3204 0.2804
vn -0.9048 -0.3204 0.2804
vn -0.9048 -0.3204 0.2804
vn -0.9048 -0.3204 0.2804
vn -0.9048 -0.3204 0.2804
vn -0.4196 -0.8796 0.2241
vn -0.4196 -0.8796 0.2241
vn -0.4196 -0.8796 0.2241
vn -0.4196 -0.8796 0.2241
vn -0.4196 -0.8796 0.2241
vn -0.4196 -0.8796 0.2241
vn 0.3307 -0.9339 0.1361
vn 0.3307 -0.9339 0.1361
vn 0.3307 -0.9339 0.1361
vn 0.3307 -0.9339 0.1361
vn 0.3307 -0.9339 0.1361
vn 0.3307 -0.9339 0.1361
vn 0.9005 -0.4295 0.0682
vn 0.9005 -0.4295 0.0682
vn 0.9005 -0.4295 0.0682
vn 0.9005 -0.4295 0.0682
vn 0.9005 -0.4295 0.0682
vn 0.9005 -0.4295 0.0682
vn 0.9407 0.3331 0.0634
vn 0.9407 0.3331 0.0634
vn 0.9407 0.3331 0.0634
vn 0.9407 0.3331 0.0634
vn 0.9407 0.3331 0.0634
vn 0.9407 0.3331 0.0634
vn 0.1978 0.9724 0.124
vn 0.1978 0.9724 0.124
vn 0.1978 0.9724 0.124
vn 0.1978 0.9724 0.124
vn 0.1978 0.9724 0.124
vn 0.1978 0.9724 0.124
vn -0.5364 0.8105 0.2353
vn -0.5364 0.8105 0.2353
vn -0.5364 0.8105 0.2353
vn -0.5364 0.8105 0.2353
vn -0.5364 0.8105 0.2353
vn -0.5364 0.8105 0.2353
vn -0.9363 0.1905 0.2951
vn -0.9363 0.1905 0.2951
vn -0.9363 0.1905 0.2951
vn -0.9363 0.1905 0.2951
vn -0.9363 0.1905 0.2951
vn -0.9363 0.1905 0.2951
vn -0.8017 -0.5307 0.275
vn -0.8017 -0.5307 0.275
vn -0.8017 -0.5307 0.275
vn -0.8017 -0.5307 0.275
vn -0.8017 -0.5307 0.275
vn -0.8017 -0.5307 0.275
vn -0.196 -0.9632 0.184
vn -0.196 -0.9632 0.184
vn -0.196 -0.9632 0.184
vn -0.196 -0.9632 0.184
vn -0.196 -0.9632 0.184
vn -0.196 -0.9632 0.184
vn 0.5506 -0.8318 0.0699
vn 0.5506 -0.8318 0.0699
vn 0.5506 -0.8318 0.0699
vn 0.5506 -0.8318 0.0699
vn 0.5506 -0.8318 0.0699
vn 0.5506 -0.8318 0.0699
vn 0.9799 -0.1994 0.0033
vn 0.9799 -0.1994 0.0033
vn 0.9799 -0.1994 0.0033
vn 0.9799 -0.1994 0.0033
vn 0.9799 -0.1994 0.0033
vn 0.9799 -0.1994 0.0033
vn 0.8336 0.5517 0.0261
vn 0.8336 0.5517 0.0261
vn 0.8336 0.5517 0.0261
vn 0.8336 0.5517 0.0261
vn 0.8336 0.5517 0.0261
vn 0.8336 0.5517 0.0261
vn -0.0432 0.989 0.1412
vn -0.0432 0.989 0.1412
vn -0.0432 0.989 0.1412
vn -0.0432 0.989 0.1412
vn -0.0432 0.989 0.1412
vn -0.0432 0.989 0.1412
vn -0.7109 0.6514 0.2649
vn -0.7109 0.6514 0.2649
vn -0.7109 0.6514 0.2649
vn -0.7109 0.6514 0.2649
vn -0.7109 0.6514 0.2649
vn -0.7109 0.6514 0.2649
vn -0.9502 -0.0415 0.3088
vn -0.9502 -0.0415 0.3088
vn -0.9502 -0.0415 0.3088
vn -0.9502 -0.0415 0.3088
vn -0.9502 -0.0415 0.3088
vn -0.9502 -0.0415 0.3088
vn -0.6534 -0.713 0.2544
vn -0.6534 -0.713 0.2544
vn -0.6534 -0.713 0.2544
vn -0.6534 -0.713 0.2544
vn -0.6534 -0.713 0.2544
vn -0.6534 -0.713 0.2544
vn 0.0433 -0.9912 0.125
vn 0.0433 -0.9912 0.125
vn 0.0433 -0.9912 0.125
vn 0.0433 -0.9912 0.125
vn 0.0433 -0.9912 0.125
vn 0.0433 -0.9912 0.125
vn 0.7373 -0.6756 -0.0061
vn 0.7373 -0.6756 -0.0061
vn 0.7373 -0.6756 -0.0061
vn 0.7373 -0.6756 -0.0061
vn 0.7373 -0.6756 -0.0061
vn 0.7373 -0.6756 -0.0061
vn 0.9975 0.0436 -0.0559
vn 0.9975 0.0436 -0.0559
vn 0.9975 0.0436 -0.0559
vn 0.9975 0.0436 -0.0559
vn 0.9975 0.0436 -0.0559
vn 0.9975 0.0436 -0.0559
vn 0.6756 0.7373 0.0056
vn 0.6756 0.7373 0.0056
vn 0.6756 0.7373 0.0056
vn 0.6756 0.7373 0.0056
vn 0.6756 0.7373 0.0056
vn 0.6756 0.7373 0.0056
vn -0.2797 0.9443 0.1733
vn -0.2797 0.9443 0.1733
vn -0.2797 0.9443 0.1733
vn -0.2797 0.9443 0.1733
vn -0.2797 0.9443 0.1733
vn -0.2797 0.9443 0.1733
vn -0.8394 0.4558 0.296
vn -0.8394 0.4558 0.296
vn -0.8394 0.4558 0.296
vn -0.8394 0.4558 0.296
vn -0.8394 0.4558 0.296
vn -0.8394 0.4558 0.296
vn -0.9111 -0.2699 0.3116
vn -0.9111 -0.2699 0.3116
vn -0.9111 -0.2699 0.3116
vn -0.9111 -0.2699 0.3116
vn -0.9111 -0.2699 0.3116
vn -0.9111 -0.2699 0.3116
vn -0.4661 -0.8584 0.2144
vn -0.4661 -0.8584 0.2144
vn -0.4661 -0.8584 0.2144
vn -0.4661 -0.8584 0.2144
vn -0.4661 -0.8584 0.2144
vn -0.4661 -0.8584 0.2144
vn 0.2837 -0.9577 0.048
vn 0.2837 -0.9577 0.048
vn 0.2837 -0.9577 0.048
vn 0.2837 -0.9577 0.048
vn 0.2837 -0.9577 0.048
vn 0.2837 -0.9577 0.048
vn 0.8756 -0.4754 -0.0855
vn 0.8756 -0.4754 -0.0855
vn 0.8756 -0.4754 -0.0855
vn 0.8756 -0.4754 -0.0855
vn 0.8756 -0.4754 -0.0855
vn 0.8756 -0.4754 -0.0855
vn 0.9537 0.2825 -0.1033
vn 0.9537 0.2825 -0.1033
vn 0.9537 0.2825 -0.1033
vn 0.9537 0.2825 -0.1033
vn 0.9537 0.2825 -0.1033
vn 0.9537 0.2825 -0.1033
vn 0.4772 0.8788 0.0046
vn 0.4772 0.8788 0.0046
vn 0.4772 0.8788 0.0046
vn 0.4772 0.8788 0.0046
vn 0.4772 0.8788 0.0046
vn 0.4772 0.8788 0.0046
vn -0.4957 0.8415 0.2149
vn -0.4957 0.8415 0.2149
vn -0.4957 0.8415 0.2149
vn -0.4957 0.8415 0.2149
vn -0.4957 0.8415 0.2149
vn -0.4957 0.8415 0.2149
vn -0.9167 0.2371 0.3216
vn -0.9167 0.2371 0.3216
vn -0.9167 0.2371 0.3216
vn -0.9167 0.2371 0.3216
vn -0.9167 0.2371 0.3216
vn -0.9167 0.2371 0.3216
vn -0.8225 -0.4845 0.2978
vn -0.8225 -0.4845 0.2978
vn -0.8225 -0.4845 0.2978
vn -0.8225 -0.4845 0.2978
vn -0.8225 -0.4845 0.2978
vn -0.8225 -0.4845 0.2978
vn -0.2475 -0.957 0.1514
vn -0.2475 -0.957 0.1514
vn -0.2475 -0.957 0.1514
vn -0.2475 -0.957 0.1514
vn -0.2475 -0.957 0.1514
vn -0.2475 -0.957 0.1514
vn 0.5071 -0.8608 -0.0437
vn 0.5071 -0.8608 -0.0437
vn 0.5071 -0.8608 -0.0437
vn 0.5071 -0.8608 -0.0437
vn 0.5071 -0.8608 -0.0437
vn 0.5071 -0.8608 -0.0437
vn 0.9555 -0.2471 -0.1612
vn 0.9555 -0.2471 -0.1612
vn 0.9555 -0.2471 -0.1612
vn 0.9555 -0.2471 -0.1612
vn 0.9555 -0.2471 -0.1612
vn 0.9555 -0.2471 -0.1612
vn 0.8538 0.5029 -0.1344
vn 0.8538 0.5029 -0.1344
vn 0.8538 0.5029 -0.1344
vn 0.8538 0.5029 -0.1344
vn 0.8538 0.5029 -0.1344
vn 0.8538 0.5029 -0.1344
vn 0.2503 0.9679 0.0231
vn 0.2503 0.9679 0.0231
vn 0.2503 0.9679 0.0231
vn 0.2503 0.9679 0.0231
vn 0.2503 0.9679 0.0231
vn 0.2503 0.9679 0.0231
vn -0.6779 0.6898 0.2541
vn -0.6779 0.6898 0.2541
vn -0.6779 0.6898 0.2541
vn -0.6779 0.6898 0.2541
vn -0.6779 0.6898 0.2541
vn -0.6779 0.6898 0.2541
vn -0.9436 0.0082 0.331
vn -0.9436 0.0082 0.331
vn -0.9436 0.0082 0.331
vn -0.9436 0.0082 0.331
vn -0.9436 0.0082 0.331
vn -0.9436 0.0082 0.331
vn -0.6892 -0.6773 0.2573
vn -0.6892 -0.6773 0.2573
vn -0.6892 -0.6773 0.2573
vn -0.6892 -0.6773 0.2573
vn -0.6892 -0.6773 0.2573
vn -0.6892 -0.6773 0.2573
vn -0.0087 -0.9982 0.0588
vn -0.0087 -0.9982 0.0588
vn -0.0087 -0.9982 0.0588
vn -0.0087 -0.9982 0.0588
vn -0.0087 -0.9982 0.0588
vn -0.0087 -0.9982 0.0588
vn 0.6932 -0.7054 -0.1484
vn 0.6932 -0.7054 -0.1484
vn 0.6932 -0.7054 -0.1484
vn 0.6932 -0.7054 -0.1484
vn 0.6932 -0.7054 -0.1484
vn 0.6932 -0.7054 -0.1484
vn 0.9728 -0.0085 -0.2316
vn 0.9728 -0.0085 -0.2316
vn 0.9728 -0.0085 -0.2316
vn 0.9728 -0.0085 -0.2316
vn 0.9728 -0.0085 -0.2316
vn 0.9728 -0.0085 -0.2316
vn 0.705 0.6928 -0.1519
vn 0.705 0.6928 -0.1519
vn 0.705 0.6928 -0.1519
vn 0.705 0.6928 -0.1519
vn 0.705 0.6928 -0.1519
vn 0.705 0.6928 -0.1519
vn 0.0087 0.9985 0.0537
vn 0.0087 0.9985 0.0537
vn 0.0087 0.9985 0.0537
vn 0.0087 0.9985 0.0537
vn 0.0087 0.9985 0.0537
vn 0.0087 0.9985 0.0537
vn 0.9126 0.378 -0.1556
vn 0.9126 0.378 -0.1556
vn 0.9126 0.378 -0.1556
vn 0.3824 0.9232 -0.0392
vn 0.3824 0.9232 -0.0392
vn 0.3824 0.9232 -0.0392
vn -0.3796 0.9164 0.1271
vn -0.3796 0.9164 0.1271
vn -0.3796 0.9164 0.1271
vn -0.897 0.3716 0.2392
vn -0.897 0.3716 0.2392
vn -0.897 0.3716 0.2392
vn -0.897 -0.3716 0.2392
vn -0.897 -0.3716 0.2392
vn -0.897 -0.3716 0.2392
vn -0.3796 -0.9164 0.1271
vn -0.3796 -0.9164 0.1271
vn -0.3796 -0.9164 0.1271
vn 0.3824 -0.9232 -0.0392
vn 0.3824 -0.9232 -0.0392
vn 0.3824 -0.9232 -0.0392
vn 0.9126 -0.378 -0.1556
vn 0.9126 -0.378 -0.1556
vn 0.9126 -0.378 -0.1556
vn 1.0 0.0 0.0
vn 1.0 0.0 0.0
vn 1.0 0.0 0.0
vn 1.0 0.0 0.0
vn 1.0 0.0 0.0
vn 1.0 0.0 0.0
vn -1.0 0.0 0.0
vn -1.0 0.0 0.0
vn -1.0 0.0 0.0
vn -1.0 0.0 0.0
vn -1.0 0.0 0.0
vn -1.0 0.0 0.0
vn 0.0 1.0 0.0
vn 0.0 1.0 0.0
vn 0.0 1.0 0.0
vn 0.0 1.0 0.0
vn 0.0 1.0 0.0
vn 0.0 1.0 0.0
vn 0.0 -1.0 0.0
vn 0.0 -1.0 0.0
vn 0.0 -1.0 0.0
vn 0.0 -1.0 0.0
vn 0.0 -1.0 0.0
vn 0.0 -1.0 0.0
vn 0.0 0.0 1.0
vn 0.0 0.0 1.0
vn 0.0 0.0 1.0
vn 0.0 0.0 1.0
vn 0.0 0.0 1.0
vn 0.0 0.0 1.0
vn 0.0 0.0 -1.0
vn 0.0 0.0 -1.0
vn 0.0 0.0 -1.0
vn 0.0 0.0 -1.0
vn 0.0 0.0 -1.0
vn 0.0 0.0 -1.0
vn 1.0 0.0 0.0
vn 1.0 0.0 0.0
vn 1.0 0.0 0.0
vn 1.0 0.0 0.0
vn 1.0 0.0 0.0
vn 1.0 0.0 0.0
vn -1.0 0.0 0.0
vn -1.0 0.0 0.0
vn -1.0 0.0 0.0
vn -1.0 0.0 0.0
vn -1.0 0.0 0.0
vn -1.0 0.0 0.0
vn 0.0 1.0 0.0
vn 0.0 1.0 0.0
vn 0.0 1.0 0.0
vn 0.0 1.0 0.0
vn 0.0 1.0 0.0
vn 0.0 1.0 0.0
vn 0.0 -1.0 0.0
vn 0.0 -1.0 0.0
vn 0.0 -1.0 0.0
vn 0.0 -1.0 0.0
vn 0.0 -1.0 0.0
vn 0.0 -1.0 0.0
vn 0.0 0.0 1.0
vn 0.0 0.0 1.0
vn 0.0 0.0 1.0
vn 0.0 0.0 1.0
vn 0.0 0.0 1.0
vn 0.0 0.0 1.0
vn 0.0 0.0 -1.0
vn 0.0 0.0 -1.0
vn 0.0 0.0 -1.0
vn 0.0 0.0 -1.0
vn 0.0 0.0 -1.0
vn 0.0 0.0 -1.0
vn 1.0 0.0 0.0
vn 1.0 0.0 0.0
vn 1.0 0.0 0.0
vn 1.0 0.0 0.0
vn 1.0 0.0 0.0
vn 1.0 0.0 0.0
vn -1.0 0.0 0.0
vn -1.0 0.0 0.0
vn -1.0 0.0 0.0
vn -1.0 0.0 0.0
vn -1.0 0.0 0.0
vn -1.0 0.0 0.0
vn 0.0 1.0 0.0
vn 0.0 1.0 0.0
vn 0.0 1.0 0.0
vn 0.0 1.0 0.0
vn 0.0 1.0 0.0
vn 0.0 1.0 0.0
vn 0.0 -1.0 0.0
vn 0.0 -1.0 0.0
vn 0.0 -1.0 0.0
vn 0.0 -1.0 0.0
vn 0.0 -1.0 0.0
vn 0.0 -1.0 0.0
vn 0.0 0.0 1.0
vn 0.0 0.0 1.0
vn 0.0 0.0 1.0
vn 0.0 0.0 1.0
vn 0.0 0.0 1.0
vn 0.0 0.0 1.0
vn 0.0 0.0 -1.0
vn 0.0 0.0 -1.0
vn 0.0 0.0 -1.0
vn 0.0 0.0 -1.0
vn 0.0 0.0 -1.0
vn 0.0 0.0 -1.0
vn 1.0 0.0 0.0
vn 1.0 0.0 0.0
vn 1.0 0.0 0.0
vn 1.0 0.0 0.0
vn 1.0 0.0 0.0
vn 1.0 0.0 0.0
vn -1.0 0.0 0.0
vn -1.0 0.0 0.0
vn -1.0 0.0 0.0
vn -1.0 0.0 0.0
vn -1.0 0.0 0.0
vn -1.0 0.0 0.0
vn 0.0 1.0 0.0
vn 0.0 1.0 0.0
vn 0.0 1.0 0.0
vn 0.0 1.0 0.0
vn 0.0 1.0 0.0
vn 0.0 1.0 0.0
vn 0.0 -1.0 0.0
vn 0.0 -1.0 0.0
vn 0.0 -1.0 0.0
vn 0.0 -1.0 0.0
vn 0.0 -1.0 0.0
vn 0.0 -1.0 0.0
vn 0.0 0.0 1.0
vn 0.0 0.0 1.0
vn 0.0 0.0 1.0
vn 0.0 0.0 1.0
vn 0.0 0.0 1.0
vn 0.0 0.0 1.0
vn 0.0 0.0 -1.0
vn 0.0 0.0 -1.0
vn 0.0 0.0 -1.0
vn 0.0 0.0 -1.0
vn 0.0 0.0 -1.0
vn 0.0 0.0 -1.0
vn 1.0 0.0 0.0
vn 1.0 0.0 0.0
vn 1.0 0.0 0.0
vn 1.0 0.0 0.0
vn 1.0 0.0 0.0
vn 1.0 0.0 0.0
vn -1.0 0.0 0.0
vn -1.0 0.0 0.0
vn -1.0 0.0 0.0
vn -1.0 0.0 0.0
vn -1.0 0.0 0.0
vn -1.0 0.0 0.0
vn 0.0 1.0 0.0
vn 0.0 1.0 0.0
vn 0.0 1.0 0.0
vn 0.0 1.0 0.0
vn 0.0 1.0 0.0
vn 0.0 1.0 0.0
vn 0.0 -1.0 0.0
vn 0.0 -1.0 0.0
vn 0.0 -1.0 0.0
vn 0.0 -1.0 0.0
vn 0.0 -1.0 0.0
vn 0.0 -1.0 0.0
vn 0.0 0.0 1.0
vn 0.0 0.0 1.0
vn 0.0 0.0 1.0
vn 0.0 0.0 1.0
vn 0.0 0.0 1.0
vn 0.0 0.0 1.0
vn 0.0 0.0 -1.0
vn 0.0 0.0 -1.0
vn 0.0 0.0 -1.0
vn 0.0 0.0 -1.0
vn 0.0 0.0 -1.0
vn 0.0 0.0 -1.0
vn 1.0 0.0 0.0
vn 1.0 0.0 0.0
vn 1.0 0.0 0.0
vn 1.0 0.0 0.0
vn 1.0 0.0 0.0
vn 1.0 0.0 0.0
vn -1.0 0.0 0.0
vn -1.0 0.0 0.0
vn -1.0 0.0 0.0
vn -1.0 0.0 0.0
vn -1.0 0.0 0.0
vn -1.0 0.0 0.0
vn 0.0 1.0 0.0
vn 0.0 1.0 0.0
vn 0.0 1.0 0.0
vn 0.0 1.0 0.0
vn 0.0 1.0 0.0
vn 0.0 1.0 0.0
vn 0.0 -1.0 0.0
vn 0.0 -1.0 0.0
vn 0.0 -1.0 0.0
vn 0.0 -1.0 0.0
vn 0.0 -1.0 0.0
vn 0.0 -1.0 0.0
vn 0.0 0.0 1.0
vn 0.0 0.0 1.0
vn 0.0 0.0 1.0
vn 0.0 0.0 1.0
vn 0.0 0.0 1.0
vn 0.0 0.0 1.0
vn 0.0 0.0 -1.0
vn 0.0 0.0 -1.0
vn 0.0 0.0 -1.0
vn 0.0 0.0 -1.0
vn 0.0 0.0 -1.0
vn 0.0 0.0 -1.0
vn 1.0 0.0 0.0
vn 1.0 0.0 0.0
vn 1.0 0.0 0.0
vn 1.0 0.0 0.0
vn 1.0 0.0 0.0
vn 1.0 0.0 0.0
vn -1.0 0.0 0.0
vn -1.0 0.0 0.0
vn -1.0 0.0 0.0
vn -1.0 0.0 0.0
vn -1.0 0.0 0.0
vn -1.0 0.0 0.0
vn 0.0 1.0 0.0
vn 0.0 1.0 0.0
vn 0.0 1.0 0.0
vn 0.0 1.0 0.0
vn 0.0 1.0 0.0
vn 0.0 1.0 0.0
vn 0.0 -1.0 0.0
vn 0.0 -1.0 0.0
vn 0.0 -1.0 0.0
vn 0.0 -1.0 0.0
vn 0.0 -1.0 0.0
vn 0.0 -1.0 0.0
vn 0.0 0.0 1.0
vn 0.0 0.0 1.0
vn 0.0 0.0 1.0
vn 0.0 0.0 1.0
vn 0.0 0.0 1.0
vn 0.0 0.0 1.0
vn 0.0 0.0 -1.0
vn 0.0 0.0 -1.0
vn 0.0 0.0 -1.0
vn 0.0 0.0 -1.0
vn 0.0 0.0 -1.0
vn 0.0 0.0 -1.0
vn 1.0 0.0 0.0
vn 1.0 0.0 0.0
vn 1.0 0.0 0.0
vn 1.0 0.0 0.0
vn 1.0 0.0 0.0
vn 1.0 0.0 0.0
vn -1.0 0.0 0.0
vn -1.0 0.0 0.0
vn -1.0 0.0 0.0
vn -1.0 0.0 0.0
vn -1.0 0.0 0.0
vn -1.0 0.0 0.0
vn 0.0 1.0 0.0
vn 0.0 1.0 0.0
vn 0.0 1.0 0.0
vn 0.0 1.0 0.0
vn 0.0 1.0 0.0
vn 0.0 1.0 0.0
vn 0.0 -1.0 0.0
vn 0.0 -1.0 0.0
vn 0.0 -1.0 0.0
vn 0.0 -1.0 0.0
vn 0.0 -1.0 0.0
vn 0.0 -1.0 0.0
vn 0.0 0.0 1.0
vn 0.0 0.0 1.0
vn 0.0 0.0 1.0
vn 0.0 0.0 1.0
vn 0.0 0.0 1.0
vn 0.0 0.0 1.0
vn 0.0 0.0 -1.0
vn 0.0 0.0 -1.0
vn 0.0 0.0 -1.0
vn 0.0 0.0 -1.0
vn 0.0 0.0 -1.0
vn 0.0 0.0 -1.0
vn 1.0 0.0 0.0
vn 1.0 0.0 0.0
vn 1.0 0.0 0.0
vn 1.0 0.0 0.0
vn 1.0 0.0 0.0
vn 1.0 0.0 0.0
vn -1.0 0.0 0.0
vn -1.0 0.0 0.0
vn -1.0 0.0 0.0
vn -1.0 0.0 0.0
vn -1.0 0.0 0.0
vn -1.0 0.0 0.0
vn 0.0 1.0 0.0
vn 0.0 1.0 0.0
vn 0.0 1.0 0.0
vn 0.0 1.0 0.0
vn 0.0 1.0 0.0
vn 0.0 1.0 0.0
vn 0.0 -1.0 0.0
vn 0.0 -1.0 0.0
vn 0.0 -1.0 0.0
vn 0.0 -1.0 0.0
vn 0.0 -1.0 0.0
vn 0.0 -1.0 0.0
vn 0.0 0.0 1.0
vn 0.0 0.0 1.0
vn 0.0 0.0 1.0
vn 0.0 0.0 1.0
vn 0.0 0.0 1.0
vn 0.0 0.0 1.0
vn 0.0 0.0 -1.0
vn 0.0 0.0 -1.0
vn 0.0 0.0 -1.0
vn 0.0 0.0 -1.0
vn 0.0 0.0 -1.0
vn 0.0 0.0 -1.0
vn 1.0 0.0 0.0
vn 1.0 0.0 0.0
vn 1.0 0.0 0.0
vn 1.0 0.0 0.0
vn 1.0 0.0 0.0
vn 1.0 0.0 0.0
vn -1.0 0.0 0.0
vn -1.0 0.0 0.0
vn -1.0 0.0 0.0
vn -1.0 0.0 0.0
vn -1.0 0.0 0.0
vn -1.0 0.0 0.0
vn 0.0 1.0 0.0
vn 0.0 1.0 0.0
vn 0.0 1.0 0.0
vn 0.0 1.0 0.0
vn 0.0 1.0 0.0
vn 0.0 1.0 0.0
vn 0.0 -1.0 0.0
vn 0.0 -1.0 0.0
vn 0.0 -1.0 0.0
vn 0.0 -1.0 0.0
vn 0.0 -1.0 0.0
vn 0.0 -1.0 0.0
vn 0.0 0.0 1.0
vn 0.0 0.0 1.0
vn 0.0 0.0 1.0
vn 0.0 0.0 1.0
vn 0.0 0.0 1.0
vn 0.0 0.0 1.0
vn 0.0 0.0 -1.0
vn 0.0 0.0 -1.0
vn 0.0 0.0 -1.0
vn 0.0 0.0 -1.0
vn 0.0 0.0 -1.0
vn 0.0 0.0 -1.0
vn 1.0 0.0 0.0
vn 1.0 0.0 0.0
vn 1.0 0.0 0.0
vn 1.0 0.0 0.0
vn 1.0 0.0 0.0
vn 1.0 0.0 0.0
vn -1.0 0.0 0.0
vn -1.0 0.0 0.0
vn -1.0 0.0 0.0
vn -1.0 0.0 0.0
vn -1.0 0.0 0.0
vn -1.0 0.0 0.0
vn 0.0 1.0 0.0
vn 0.0 1.0 0.0
vn 0.0 1.0 0.0
vn 0.0 1.0 0.0
vn 0.0 1.0 0.0
vn 0.0 1.0 0.0
vn 0.0 -1.0 0.0
vn 0.0 -1.0 0.0
vn 0.0 -1.0 0.0
vn 0.0 -1.0 0.0
vn 0.0 -1.0 0.0
vn 0.0 -1.0 0.0
vn 0.0 0.0 1.0
vn 0.0 0.0 1.0
vn 0.0 0.0 1.0
vn 0.0 0.0 1.0
vn 0.0 0.0 1.0
vn 0.0 0.0 1.0
vn 0.0 0.0 -1.0
vn 0.0 0.0 -1.0
vn 0.0 0.0 -1.0
vn 0.0 0.0 -1.0
vn 0.0 0.0 -1.0
vn 0.0 0.0 -1.0
g socket_step_01
usemtl MI_EBS_KHA_Strata
f 1/1/1 2/2/2 3/3/3
f 4/4/4 5/5/5 6/6/6
f 7/7/7 8/8/8 9/9/9
f 10/10/10 11/11/11 12/12/12
f 13/13/13 14/14/14 15/15/15
f 16/16/16 17/17/17 18/18/18
f 19/19/19 20/20/20 21/21/21
f 22/22/22 23/23/23 24/24/24
f 25/25/25 26/26/26 27/27/27
f 28/28/28 29/29/29 30/30/30
f 31/31/31 32/32/32 33/33/33
f 34/34/34 35/35/35 36/36/36
f 37/37/37 38/38/38 39/39/39
f 40/40/40 41/41/41 42/42/42
f 43/43/43 44/44/44 45/45/45
f 46/46/46 47/47/47 48/48/48
f 49/49/49 50/50/50 51/51/51
f 52/52/52 53/53/53 54/54/54
f 55/55/55 56/56/56 57/57/57
f 58/58/58 59/59/59 60/60/60
f 61/61/61 62/62/62 63/63/63
f 64/64/64 65/65/65 66/66/66
f 67/67/67 68/68/68 69/69/69
f 70/70/70 71/71/71 72/72/72
f 73/73/73 74/74/74 75/75/75
f 76/76/76 77/77/77 78/78/78
f 79/79/79 80/80/80 81/81/81
f 82/82/82 83/83/83 84/84/84
g socket_step_02
f 85/85/85 86/86/86 87/87/87
f 88/88/88 89/89/89 90/90/90
f 91/91/91 92/92/92 93/93/93
f 94/94/94 95/95/95 96/96/96
f 97/97/97 98/98/98 99/99/99
f 100/100/100 101/101/101 102/102/102
f 103/103/103 104/104/104 105/105/105
f 106/106/106 107/107/107 108/108/108
f 109/109/109 110/110/110 111/111/111
f 112/112/112 113/113/113 114/114/114
f 115/115/115 116/116/116 117/117/117
f 118/118/118 119/119/119 120/120/120
f 121/121/121 122/122/122 123/123/123
f 124/124/124 125/125/125 126/126/126
f 127/127/127 128/128/128 129/129/129
f 130/130/130 131/131/131 132/132/132
f 133/133/133 134/134/134 135/135/135
f 136/136/136 137/137/137 138/138/138
f 139/139/139 140/140/140 141/141/141
f 142/142/142 143/143/143 144/144/144
f 145/145/145 146/146/146 147/147/147
f 148/148/148 149/149/149 150/150/150
g socket_step_03
f 151/151/151 152/152/152 153/153/153
f 154/154/154 155/155/155 156/156/156
f 157/157/157 158/158/158 159/159/159
f 160/160/160 161/161/161 162/162/162
f 163/163/163 164/164/164 165/165/165
f 166/166/166 167/167/167 168/168/168
f 169/169/169 170/170/170 171/171/171
f 172/172/172 173/173/173 174/174/174
f 175/175/175 176/176/176 177/177/177
f 178/178/178 179/179/179 180/180/180
f 181/181/181 182/182/182 183/183/183
f 184/184/184 185/185/185 186/186/186
f 187/187/187 188/188/188 189/189/189
f 190/190/190 191/191/191 192/192/192
f 193/193/193 194/194/194 195/195/195
f 196/196/196 197/197/197 198/198/198
f 199/199/199 200/200/200 201/201/201
f 202/202/202 203/203/203 204/204/204
f 205/205/205 206/206/206 207/207/207
f 208/208/208 209/209/209 210/210/210
f 211/211/211 212/212/212 213/213/213
f 214/214/214 215/215/215 216/216/216
g root_01
f 217/217/217 218/218/218 219/219/219
f 220/220/220 221/221/221 222/222/222
f 223/223/223 224/224/224 225/225/225
f 226/226/226 227/227/227 228/228/228
f 229/229/229 230/230/230 231/231/231
f 232/232/232 233/233/233 234/234/234
f 235/235/235 236/236/236 237/237/237
f 238/238/238 239/239/239 240/240/240
f 241/241/241 242/242/242 243/243/243
f 244/244/244 245/245/245 246/246/246
f 247/247/247 248/248/248 249/249/249
f 250/250/250 251/251/251 252/252/252
g root_01_tip
f 253/253/253 254/254/254 255/255/255
f 256/256/256 257/257/257 258/258/258
f 259/259/259 260/260/260 261/261/261
f 262/262/262 263/263/263 264/264/264
f 265/265/265 266/266/266 267/267/267
f 268/268/268 269/269/269 270/270/270
f 271/271/271 272/272/272 273/273/273
f 274/274/274 275/275/275 276/276/276
f 277/277/277 278/278/278 279/279/279
f 280/280/280 281/281/281 282/282/282
f 283/283/283 284/284/284 285/285/285
f 286/286/286 287/287/287 288/288/288
g root_02
f 289/289/289 290/290/290 291/291/291
f 292/292/292 293/293/293 294/294/294
f 295/295/295 296/296/296 297/297/297
f 298/298/298 299/299/299 300/300/300
f 301/301/301 302/302/302 303/303/303
f 304/304/304 305/305/305 306/306/306
f 307/307/307 308/308/308 309/309/309
f 310/310/310 311/311/311 312/312/312
f 313/313/313 314/314/314 315/315/315
f 316/316/316 317/317/317 318/318/318
f 319/319/319 320/320/320 321/321/321
f 322/322/322 323/323/323 324/324/324
g root_02_tip
f 325/325/325 326/326/326 327/327/327
f 328/328/328 329/329/329 330/330/330
f 331/331/331 332/332/332 333/333/333
f 334/334/334 335/335/335 336/336/336
f 337/337/337 338/338/338 339/339/339
f 340/340/340 341/341/341 342/342/342
f 343/343/343 344/344/344 345/345/345
f 346/346/346 347/347/347 348/348/348
f 349/349/349 350/350/350 351/351/351
f 352/352/352 353/353/353 354/354/354
f 355/355/355 356/356/356 357/357/357
f 358/358/358 359/359/359 360/360/360
g root_03
f 361/361/361 362/362/362 363/363/363
f 364/364/364 365/365/365 366/366/366
f 367/367/367 368/368/368 369/369/369
f 370/370/370 371/371/371 372/372/372
f 373/373/373 374/374/374 375/375/375
f 376/376/376 377/377/377 378/378/378
f 379/379/379 380/380/380 381/381/381
f 382/382/382 383/383/383 384/384/384
f 385/385/385 386/386/386 387/387/387
f 388/388/388 389/389/389 390/390/390
f 391/391/391 392/392/392 393/393/393
f 394/394/394 395/395/395 396/396/396
g root_03_tip
f 397/397/397 398/398/398 399/399/399
f 400/400/400 401/401/401 402/402/402
f 403/403/403 404/404/404 405/405/405
f 406/406/406 407/407/407 408/408/408
f 409/409/409 410/410/410 411/411/411
f 412/412/412 413/413/413 414/414/414
f 415/415/415 416/416/416 417/417/417
f 418/418/418 419/419/419 420/420/420
f 421/421/421 422/422/422 423/423/423
f 424/424/424 425/425/425 426/426/426
f 427/427/427 428/428/428 429/429/429
f 430/430/430 431/431/431 432/432/432
g root_04
f 433/433/433 434/434/434 435/435/435
f 436/436/436 437/437/437 438/438/438
f 439/439/439 440/440/440 441/441/441
f 442/442/442 443/443/443 444/444/444
f 445/445/445 446/446/446 447/447/447
f 448/448/448 449/449/449 450/450/450
f 451/451/451 452/452/452 453/453/453
f 454/454/454 455/455/455 456/456/456
f 457/457/457 458/458/458 459/459/459
f 460/460/460 461/461/461 462/462/462
f 463/463/463 464/464/464 465/465/465
f 466/466/466 467/467/467 468/468/468
g root_04_tip
f 469/469/469 470/470/470 471/471/471
f 472/472/472 473/473/473 474/474/474
f 475/475/475 476/476/476 477/477/477
f 478/478/478 479/479/479 480/480/480
f 481/481/481 482/482/482 483/483/483
f 484/484/484 485/485/485 486/486/486
f 487/487/487 488/488/488 489/489/489
f 490/490/490 491/491/491 492/492/492
f 493/493/493 494/494/494 495/495/495
f 496/496/496 497/497/497 498/498/498
f 499/499/499 500/500/500 501/501/501
f 502/502/502 503/503/503 504/504/504
g root_05
f 505/505/505 506/506/506 507/507/507
f 508/508/508 509/509/509 510/510/510
f 511/511/511 512/512/512 513/513/513
f 514/514/514 515/515/515 516/516/516
f 517/517/517 518/518/518 519/519/519
f 520/520/520 521/521/521 522/522/522
f 523/523/523 524/524/524 525/525/525
f 526/526/526 527/527/527 528/528/528
f 529/529/529 530/530/530 531/531/531
f 532/532/532 533/533/533 534/534/534
f 535/535/535 536/536/536 537/537/537
f 538/538/538 539/539/539 540/540/540
g root_05_tip
f 541/541/541 542/542/542 543/543/543
f 544/544/544 545/545/545 546/546/546
f 547/547/547 548/548/548 549/549/549
f 550/550/550 551/551/551 552/552/552
f 553/553/553 554/554/554 555/555/555
f 556/556/556 557/557/557 558/558/558
f 559/559/559 560/560/560 561/561/561
f 562/562/562 563/563/563 564/564/564
f 565/565/565 566/566/566 567/567/567
f 568/568/568 569/569/569 570/570/570
f 571/571/571 572/572/572 573/573/573
f 574/574/574 575/575/575 576/576/576
g root_06
f 577/577/577 578/578/578 579/579/579
f 580/580/580 581/581/581 582/582/582
f 583/583/583 584/584/584 585/585/585
f 586/586/586 587/587/587 588/588/588
f 589/589/589 590/590/590 591/591/591
f 592/592/592 593/593/593 594/594/594
f 595/595/595 596/596/596 597/597/597
f 598/598/598 599/599/599 600/600/600
f 601/601/601 602/602/602 603/603/603
f 604/604/604 605/605/605 606/606/606
f 607/607/607 608/608/608 609/609/609
f 610/610/610 611/611/611 612/612/612
g root_06_tip
f 613/613/613 614/614/614 615/615/615
f 616/616/616 617/617/617 618/618/618
f 619/619/619 620/620/620 621/621/621
f 622/622/622 623/623/623 624/624/624
f 625/625/625 626/626/626 627/627/627
f 628/628/628 629/629/629 630/630/630
f 631/631/631 632/632/632 633/633/633
f 634/634/634 635/635/635 636/636/636
f 637/637/637 638/638/638 639/639/639
f 640/640/640 641/641/641 642/642/642
f 643/643/643 644/644/644 645/645/645
f 646/646/646 647/647/647 648/648/648
g root_07
f 649/649/649 650/650/650 651/651/651
f 652/652/652 653/653/653 654/654/654
f 655/655/655 656/656/656 657/657/657
f 658/658/658 659/659/659 660/660/660
f 661/661/661 662/662/662 663/663/663
f 664/664/664 665/665/665 666/666/666
f 667/667/667 668/668/668 669/669/669
f 670/670/670 671/671/671 672/672/672
f 673/673/673 674/674/674 675/675/675
f 676/676/676 677/677/677 678/678/678
f 679/679/679 680/680/680 681/681/681
f 682/682/682 683/683/683 684/684/684
g root_07_tip
f 685/685/685 686/686/686 687/687/687
f 688/688/688 689/689/689 690/690/690
f 691/691/691 692/692/692 693/693/693
f 694/694/694 695/695/695 696/696/696
f 697/697/697 698/698/698 699/699/699
f 700/700/700 701/701/701 702/702/702
f 703/703/703 704/704/704 705/705/705
f 706/706/706 707/707/707 708/708/708
f 709/709/709 710/710/710 711/711/711
f 712/712/712 713/713/713 714/714/714
f 715/715/715 716/716/716 717/717/717
f 718/718/718 719/719/719 720/720/720
g root_08
f 721/721/721 722/722/722 723/723/723
f 724/724/724 725/725/725 726/726/726
f 727/727/727 728/728/728 729/729/729
f 730/730/730 731/731/731 732/732/732
f 733/733/733 734/734/734 735/735/735
f 736/736/736 737/737/737 738/738/738
f 739/739/739 740/740/740 741/741/741
f 742/742/742 743/743/743 744/744/744
f 745/745/745 746/746/746 747/747/747
f 748/748/748 749/749/749 750/750/750
f 751/751/751 752/752/752 753/753/753
f 754/754/754 755/755/755 756/756/756
g root_08_tip
f 757/757/757 758/758/758 759/759/759
f 760/760/760 761/761/761 762/762/762
f 763/763/763 764/764/764 765/765/765
f 766/766/766 767/767/767 768/768/768
f 769/769/769 770/770/770 771/771/771
f 772/772/772 773/773/773 774/774/774
f 775/775/775 776/776/776 777/777/777
f 778/778/778 779/779/779 780/780/780
f 781/781/781 782/782/782 783/783/783
f 784/784/784 785/785/785 786/786/786
f 787/787/787 788/788/788 789/789/789
f 790/790/790 791/791/791 792/792/792
g root_09
f 793/793/793 794/794/794 795/795/795
f 796/796/796 797/797/797 798/798/798
f 799/799/799 800/800/800 801/801/801
f 802/802/802 803/803/803 804/804/804
f 805/805/805 806/806/806 807/807/807
f 808/808/808 809/809/809 810/810/810
f 811/811/811 812/812/812 813/813/813
f 814/814/814 815/815/815 816/816/816
f 817/817/817 818/818/818 819/819/819
f 820/820/820 821/821/821 822/822/822
f 823/823/823 824/824/824 825/825/825
f 826/826/826 827/827/827 828/828/828
g root_09_tip
f 829/829/829 830/830/830 831/831/831
f 832/832/832 833/833/833 834/834/834
f 835/835/835 836/836/836 837/837/837
f 838/838/838 839/839/839 840/840/840
f 841/841/841 842/842/842 843/843/843
f 844/844/844 845/845/845 846/846/846
f 847/847/847 848/848/848 849/849/849
f 850/850/850 851/851/851 852/852/852
f 853/853/853 854/854/854 855/855/855
f 856/856/856 857/857/857 858/858/858
f 859/859/859 860/860/860 861/861/861
f 862/862/862 863/863/863 864/864/864
g root_10
f 865/865/865 866/866/866 867/867/867
f 868/868/868 869/869/869 870/870/870
f 871/871/871 872/872/872 873/873/873
f 874/874/874 875/875/875 876/876/876
f 877/877/877 878/878/878 879/879/879
f 880/880/880 881/881/881 882/882/882
f 883/883/883 884/884/884 885/885/885
f 886/886/886 887/887/887 888/888/888
f 889/889/889 890/890/890 891/891/891
f 892/892/892 893/893/893 894/894/894
f 895/895/895 896/896/896 897/897/897
f 898/898/898 899/899/899 900/900/900
g root_10_tip
f 901/901/901 902/902/902 903/903/903
f 904/904/904 905/905/905 906/906/906
f 907/907/907 908/908/908 909/909/909
f 910/910/910 911/911/911 912/912/912
f 913/913/913 914/914/914 915/915/915
f 916/916/916 917/917/917 918/918/918
f 919/919/919 920/920/920 921/921/921
f 922/922/922 923/923/923 924/924/924
f 925/925/925 926/926/926 927/927/927
f 928/928/928 929/929/929 930/930/930
f 931/931/931 932/932/932 933/933/933
f 934/934/934 935/935/935 936/936/936
g rib_course_01
f 937/937/937 938/938/938 939/939/939
f 940/940/940 941/941/941 942/942/942
f 943/943/943 944/944/944 945/945/945
f 946/946/946 947/947/947 948/948/948
f 949/949/949 950/950/950 951/951/951
f 952/952/952 953/953/953 954/954/954
f 955/955/955 956/956/956 957/957/957
f 958/958/958 959/959/959 960/960/960
f 961/961/961 962/962/962 963/963/963
f 964/964/964 965/965/965 966/966/966
f 967/967/967 968/968/968 969/969/969
f 970/970/970 971/971/971 972/972/972
f 973/973/973 974/974/974 975/975/975
f 976/976/976 977/977/977 978/978/978
f 979/979/979 980/980/980 981/981/981
f 982/982/982 983/983/983 984/984/984
f 985/985/985 986/986/986 987/987/987
f 988/988/988 989/989/989 990/990/990
f 991/991/991 992/992/992 993/993/993
f 994/994/994 995/995/995 996/996/996
f 997/997/997 998/998/998 999/999/999
f 1000/1000/1000 1001/1001/1001 1002/1002/1002
g rib_course_02
f 1003/1003/1003 1004/1004/1004 1005/1005/1005
f 1006/1006/1006 1007/1007/1007 1008/1008/1008
f 1009/1009/1009 1010/1010/1010 1011/1011/1011
f 1012/1012/1012 1013/1013/1013 1014/1014/1014
f 1015/1015/1015 1016/1016/1016 1017/1017/1017
f 1018/1018/1018 1019/1019/1019 1020/1020/1020
f 1021/1021/1021 1022/1022/1022 1023/1023/1023
f 1024/1024/1024 1025/1025/1025 1026/1026/1026
f 1027/1027/1027 1028/1028/1028 1029/1029/1029
f 1030/1030/1030 1031/1031/1031 1032/1032/1032
f 1033/1033/1033 1034/1034/1034 1035/1035/1035
f 1036/1036/1036 1037/1037/1037 1038/1038/1038
f 1039/1039/1039 1040/1040/1040 1041/1041/1041
f 1042/1042/1042 1043/1043/1043 1044/1044/1044
f 1045/1045/1045 1046/1046/1046 1047/1047/1047
f 1048/1048/1048 1049/1049/1049 1050/1050/1050
g rib_course_03
f 1051/1051/1051 1052/1052/1052 1053/1053/1053
f 1054/1054/1054 1055/1055/1055 1056/1056/1056
f 1057/1057/1057 1058/1058/1058 1059/1059/1059
f 1060/1060/1060 1061/1061/1061 1062/1062/1062
f 1063/1063/1063 1064/1064/1064 1065/1065/1065
f 1066/1066/1066 1067/1067/1067 1068/1068/1068
f 1069/1069/1069 1070/1070/1070 1071/1071/1071
f 1072/1072/1072 1073/1073/1073 1074/1074/1074
f 1075/1075/1075 1076/1076/1076 1077/1077/1077
f 1078/1078/1078 1079/1079/1079 1080/1080/1080
f 1081/1081/1081 1082/1082/1082 1083/1083/1083
f 1084/1084/1084 1085/1085/1085 1086/1086/1086
f 1087/1087/1087 1088/1088/1088 1089/1089/1089
f 1090/1090/1090 1091/1091/1091 1092/1092/1092
f 1093/1093/1093 1094/1094/1094 1095/1095/1095
f 1096/1096/1096 1097/1097/1097 1098/1098/1098
g rib_course_04
f 1099/1099/1099 1100/1100/1100 1101/1101/1101
f 1102/1102/1102 1103/1103/1103 1104/1104/1104
f 1105/1105/1105 1106/1106/1106 1107/1107/1107
f 1108/1108/1108 1109/1109/1109 1110/1110/1110
f 1111/1111/1111 1112/1112/1112 1113/1113/1113
f 1114/1114/1114 1115/1115/1115 1116/1116/1116
f 1117/1117/1117 1118/1118/1118 1119/1119/1119
f 1120/1120/1120 1121/1121/1121 1122/1122/1122
f 1123/1123/1123 1124/1124/1124 1125/1125/1125
f 1126/1126/1126 1127/1127/1127 1128/1128/1128
f 1129/1129/1129 1130/1130/1130 1131/1131/1131
f 1132/1132/1132 1133/1133/1133 1134/1134/1134
f 1135/1135/1135 1136/1136/1136 1137/1137/1137
f 1138/1138/1138 1139/1139/1139 1140/1140/1140
f 1141/1141/1141 1142/1142/1142 1143/1143/1143
f 1144/1144/1144 1145/1145/1145 1146/1146/1146
g rib_course_05
f 1147/1147/1147 1148/1148/1148 1149/1149/1149
f 1150/1150/1150 1151/1151/1151 1152/1152/1152
f 1153/1153/1153 1154/1154/1154 1155/1155/1155
f 1156/1156/1156 1157/1157/1157 1158/1158/1158
f 1159/1159/1159 1160/1160/1160 1161/1161/1161
f 1162/1162/1162 1163/1163/1163 1164/1164/1164
f 1165/1165/1165 1166/1166/1166 1167/1167/1167
f 1168/1168/1168 1169/1169/1169 1170/1170/1170
f 1171/1171/1171 1172/1172/1172 1173/1173/1173
f 1174/1174/1174 1175/1175/1175 1176/1176/1176
f 1177/1177/1177 1178/1178/1178 1179/1179/1179
f 1180/1180/1180 1181/1181/1181 1182/1182/1182
f 1183/1183/1183 1184/1184/1184 1185/1185/1185
f 1186/1186/1186 1187/1187/1187 1188/1188/1188
f 1189/1189/1189 1190/1190/1190 1191/1191/1191
f 1192/1192/1192 1193/1193/1193 1194/1194/1194
g rib_course_06
f 1195/1195/1195 1196/1196/1196 1197/1197/1197
f 1198/1198/1198 1199/1199/1199 1200/1200/1200
f 1201/1201/1201 1202/1202/1202 1203/1203/1203
f 1204/1204/1204 1205/1205/1205 1206/1206/1206
f 1207/1207/1207 1208/1208/1208 1209/1209/1209
f 1210/1210/1210 1211/1211/1211 1212/1212/1212
f 1213/1213/1213 1214/1214/1214 1215/1215/1215
f 1216/1216/1216 1217/1217/1217 1218/1218/1218
f 1219/1219/1219 1220/1220/1220 1221/1221/1221
f 1222/1222/1222 1223/1223/1223 1224/1224/1224
f 1225/1225/1225 1226/1226/1226 1227/1227/1227
f 1228/1228/1228 1229/1229/1229 1230/1230/1230
f 1231/1231/1231 1232/1232/1232 1233/1233/1233
f 1234/1234/1234 1235/1235/1235 1236/1236/1236
f 1237/1237/1237 1238/1238/1238 1239/1239/1239
f 1240/1240/1240 1241/1241/1241 1242/1242/1242
g rib_course_07
f 1243/1243/1243 1244/1244/1244 1245/1245/1245
f 1246/1246/1246 1247/1247/1247 1248/1248/1248
f 1249/1249/1249 1250/1250/1250 1251/1251/1251
f 1252/1252/1252 1253/1253/1253 1254/1254/1254
f 1255/1255/1255 1256/1256/1256 1257/1257/1257
f 1258/1258/1258 1259/1259/1259 1260/1260/1260
f 1261/1261/1261 1262/1262/1262 1263/1263/1263
f 1264/1264/1264 1265/1265/1265 1266/1266/1266
f 1267/1267/1267 1268/1268/1268 1269/1269/1269
f 1270/1270/1270 1271/1271/1271 1272/1272/1272
f 1273/1273/1273 1274/1274/1274 1275/1275/1275
f 1276/1276/1276 1277/1277/1277 1278/1278/1278
f 1279/1279/1279 1280/1280/1280 1281/1281/1281
f 1282/1282/1282 1283/1283/1283 1284/1284/1284
f 1285/1285/1285 1286/1286/1286 1287/1287/1287
f 1288/1288/1288 1289/1289/1289 1290/1290/1290
g rib_course_08
f 1291/1291/1291 1292/1292/1292 1293/1293/1293
f 1294/1294/1294 1295/1295/1295 1296/1296/1296
f 1297/1297/1297 1298/1298/1298 1299/1299/1299
f 1300/1300/1300 1301/1301/1301 1302/1302/1302
f 1303/1303/1303 1304/1304/1304 1305/1305/1305
f 1306/1306/1306 1307/1307/1307 1308/1308/1308
f 1309/1309/1309 1310/1310/1310 1311/1311/1311
f 1312/1312/1312 1313/1313/1313 1314/1314/1314
f 1315/1315/1315 1316/1316/1316 1317/1317/1317
f 1318/1318/1318 1319/1319/1319 1320/1320/1320
f 1321/1321/1321 1322/1322/1322 1323/1323/1323
f 1324/1324/1324 1325/1325/1325 1326/1326/1326
f 1327/1327/1327 1328/1328/1328 1329/1329/1329
f 1330/1330/1330 1331/1331/1331 1332/1332/1332
f 1333/1333/1333 1334/1334/1334 1335/1335/1335
f 1336/1336/1336 1337/1337/1337 1338/1338/1338
g rib_course_09
f 1339/1339/1339 1340/1340/1340 1341/1341/1341
f 1342/1342/1342 1343/1343/1343 1344/1344/1344
f 1345/1345/1345 1346/1346/1346 1347/1347/1347
f 1348/1348/1348 1349/1349/1349 1350/1350/1350
f 1351/1351/1351 1352/1352/1352 1353/1353/1353
f 1354/1354/1354 1355/1355/1355 1356/1356/1356
f 1357/1357/1357 1358/1358/1358 1359/1359/1359
f 1360/1360/1360 1361/1361/1361 1362/1362/1362
f 1363/1363/1363 1364/1364/1364 1365/1365/1365
f 1366/1366/1366 1367/1367/1367 1368/1368/1368
f 1369/1369/1369 1370/1370/1370 1371/1371/1371
f 1372/1372/1372 1373/1373/1373 1374/1374/1374
f 1375/1375/1375 1376/1376/1376 1377/1377/1377
f 1378/1378/1378 1379/1379/1379 1380/1380/1380
f 1381/1381/1381 1382/1382/1382 1383/1383/1383
f 1384/1384/1384 1385/1385/1385 1386/1386/1386
g rib_tip
f 1387/1387/1387 1388/1388/1388 1389/1389/1389
f 1390/1390/1390 1391/1391/1391 1392/1392/1392
f 1393/1393/1393 1394/1394/1394 1395/1395/1395
f 1396/1396/1396 1397/1397/1397 1398/1398/1398
f 1399/1399/1399 1400/1400/1400 1401/1401/1401
f 1402/1402/1402 1403/1403/1403 1404/1404/1404
f 1405/1405/1405 1406/1406/1406 1407/1407/1407
f 1408/1408/1408 1409/1409/1409 1410/1410/1410
g nodule_01
f 1411/1411/1411 1412/1412/1412 1413/1413/1413
f 1414/1414/1414 1415/1415/1415 1416/1416/1416
f 1417/1417/1417 1418/1418/1418 1419/1419/1419
f 1420/1420/1420 1421/1421/1421 1422/1422/1422
f 1423/1423/1423 1424/1424/1424 1425/1425/1425
f 1426/1426/1426 1427/1427/1427 1428/1428/1428
f 1429/1429/1429 1430/1430/1430 1431/1431/1431
f 1432/1432/1432 1433/1433/1433 1434/1434/1434
f 1435/1435/1435 1436/1436/1436 1437/1437/1437
f 1438/1438/1438 1439/1439/1439 1440/1440/1440
f 1441/1441/1441 1442/1442/1442 1443/1443/1443
f 1444/1444/1444 1445/1445/1445 1446/1446/1446
g nodule_02
f 1447/1447/1447 1448/1448/1448 1449/1449/1449
f 1450/1450/1450 1451/1451/1451 1452/1452/1452
f 1453/1453/1453 1454/1454/1454 1455/1455/1455
f 1456/1456/1456 1457/1457/1457 1458/1458/1458
f 1459/1459/1459 1460/1460/1460 1461/1461/1461
f 1462/1462/1462 1463/1463/1463 1464/1464/1464
f 1465/1465/1465 1466/1466/1466 1467/1467/1467
f 1468/1468/1468 1469/1469/1469 1470/1470/1470
f 1471/1471/1471 1472/1472/1472 1473/1473/1473
f 1474/1474/1474 1475/1475/1475 1476/1476/1476
f 1477/1477/1477 1478/1478/1478 1479/1479/1479
f 1480/1480/1480 1481/1481/1481 1482/1482/1482
g nodule_03
f 1483/1483/1483 1484/1484/1484 1485/1485/1485
f 1486/1486/1486 1487/1487/1487 1488/1488/1488
f 1489/1489/1489 1490/1490/1490 1491/1491/1491
f 1492/1492/1492 1493/1493/1493 1494/1494/1494
f 1495/1495/1495 1496/1496/1496 1497/1497/1497
f 1498/1498/1498 1499/1499/1499 1500/1500/1500
f 1501/1501/1501 1502/1502/1502 1503/1503/1503
f 1504/1504/1504 1505/1505/1505 1506/1506/1506
f 1507/1507/1507 1508/1508/1508 1509/1509/1509
f 1510/1510/1510 1511/1511/1511 1512/1512/1512
f 1513/1513/1513 1514/1514/1514 1515/1515/1515
f 1516/1516/1516 1517/1517/1517 1518/1518/1518
g nodule_04
f 1519/1519/1519 1520/1520/1520 1521/1521/1521
f 1522/1522/1522 1523/1523/1523 1524/1524/1524
f 1525/1525/1525 1526/1526/1526 1527/1527/1527
f 1528/1528/1528 1529/1529/1529 1530/1530/1530
f 1531/1531/1531 1532/1532/1532 1533/1533/1533
f 1534/1534/1534 1535/1535/1535 1536/1536/1536
f 1537/1537/1537 1538/1538/1538 1539/1539/1539
f 1540/1540/1540 1541/1541/1541 1542/1542/1542
f 1543/1543/1543 1544/1544/1544 1545/1545/1545
f 1546/1546/1546 1547/1547/1547 1548/1548/1548
f 1549/1549/1549 1550/1550/1550 1551/1551/1551
f 1552/1552/1552 1553/1553/1553 1554/1554/1554
g nodule_05
f 1555/1555/1555 1556/1556/1556 1557/1557/1557
f 1558/1558/1558 1559/1559/1559 1560/1560/1560
f 1561/1561/1561 1562/1562/1562 1563/1563/1563
f 1564/1564/1564 1565/1565/1565 1566/1566/1566
f 1567/1567/1567 1568/1568/1568 1569/1569/1569
f 1570/1570/1570 1571/1571/1571 1572/1572/1572
f 1573/1573/1573 1574/1574/1574 1575/1575/1575
f 1576/1576/1576 1577/1577/1577 1578/1578/1578
f 1579/1579/1579 1580/1580/1580 1581/1581/1581
f 1582/1582/1582 1583/1583/1583 1584/1584/1584
f 1585/1585/1585 1586/1586/1586 1587/1587/1587
f 1588/1588/1588 1589/1589/1589 1590/1590/1590
g nodule_06
f 1591/1591/1591 1592/1592/1592 1593/1593/1593
f 1594/1594/1594 1595/1595/1595 1596/1596/1596
f 1597/1597/1597 1598/1598/1598 1599/1599/1599
f 1600/1600/1600 1601/1601/1601 1602/1602/1602
f 1603/1603/1603 1604/1604/1604 1605/1605/1605
f 1606/1606/1606 1607/1607/1607 1608/1608/1608
f 1609/1609/1609 1610/1610/1610 1611/1611/1611
f 1612/1612/1612 1613/1613/1613 1614/1614/1614
f 1615/1615/1615 1616/1616/1616 1617/1617/1617
f 1618/1618/1618 1619/1619/1619 1620/1620/1620
f 1621/1621/1621 1622/1622/1622 1623/1623/1623
f 1624/1624/1624 1625/1625/1625 1626/1626/1626
g nodule_07
f 1627/1627/1627 1628/1628/1628 1629/1629/1629
f 1630/1630/1630 1631/1631/1631 1632/1632/1632
f 1633/1633/1633 1634/1634/1634 1635/1635/1635
f 1636/1636/1636 1637/1637/1637 1638/1638/1638
f 1639/1639/1639 1640/1640/1640 1641/1641/1641
f 1642/1642/1642 1643/1643/1643 1644/1644/1644
f 1645/1645/1645 1646/1646/1646 1647/1647/1647
f 1648/1648/1648 1649/1649/1649 1650/1650/1650
f 1651/1651/1651 1652/1652/1652 1653/1653/1653
f 1654/1654/1654 1655/1655/1655 1656/1656/1656
f 1657/1657/1657 1658/1658/1658 1659/1659/1659
f 1660/1660/1660 1661/1661/1661 1662/1662/1662
g nodule_08
f 1663/1663/1663 1664/1664/1664 1665/1665/1665
f 1666/1666/1666 1667/1667/1667 1668/1668/1668
f 1669/1669/1669 1670/1670/1670 1671/1671/1671
f 1672/1672/1672 1673/1673/1673 1674/1674/1674
f 1675/1675/1675 1676/1676/1676 1677/1677/1677
f 1678/1678/1678 1679/1679/1679 1680/1680/1680
f 1681/1681/1681 1682/1682/1682 1683/1683/1683
f 1684/1684/1684 1685/1685/1685 1686/1686/1686
f 1687/1687/1687 1688/1688/1688 1689/1689/1689
f 1690/1690/1690 1691/1691/1691 1692/1692/1692
f 1693/1693/1693 1694/1694/1694 1695/1695/1695
f 1696/1696/1696 1697/1697/1697 1698/1698/1698
g nodule_09
f 1699/1699/1699 1700/1700/1700 1701/1701/1701
f 1702/1702/1702 1703/1703/1703 1704/1704/1704
f 1705/1705/1705 1706/1706/1706 1707/1707/1707
f 1708/1708/1708 1709/1709/1709 1710/1710/1710
f 1711/1711/1711 1712/1712/1712 1713/1713/1713
f 1714/1714/1714 1715/1715/1715 1716/1716/1716
f 1717/1717/1717 1718/1718/1718 1719/1719/1719
f 1720/1720/1720 1721/1721/1721 1722/1722/1722
f 1723/1723/1723 1724/1724/1724 1725/1725/1725
f 1726/1726/1726 1727/1727/1727 1728/1728/1728
f 1729/1729/1729 1730/1730/1730 1731/1731/1731
f 1732/1732/1732 1733/1733/1733 1734/1734/1734
g nodule_10
f 1735/1735/1735 1736/1736/1736 1737/1737/1737
f 1738/1738/1738 1739/1739/1739 1740/1740/1740
f 1741/1741/1741 1742/1742/1742 1743/1743/1743
f 1744/1744/1744 1745/1745/1745 1746/1746/1746
f 1747/1747/1747 1748/1748/1748 1749/1749/1749
f 1750/1750/1750 1751/1751/1751 1752/1752/1752
f 1753/1753/1753 1754/1754/1754 1755/1755/1755
f 1756/1756/1756 1757/1757/1757 1758/1758/1758
f 1759/1759/1759 1760/1760/1760 1761/1761/1761
f 1762/1762/1762 1763/1763/1763 1764/1764/1764
f 1765/1765/1765 1766/1766/1766 1767/1767/1767
f 1768/1768/1768 1769/1769/1769 1770/1770/1770
g nodule_11
f 1771/1771/1771 1772/1772/1772 1773/1773/1773
f 1774/1774/1774 1775/1775/1775 1776/1776/1776
f 1777/1777/1777 1778/1778/1778 1779/1779/1779
f 1780/1780/1780 1781/1781/1781 1782/1782/1782
f 1783/1783/1783 1784/1784/1784 1785/1785/1785
f 1786/1786/1786 1787/1787/1787 1788/1788/1788
f 1789/1789/1789 1790/1790/1790 1791/1791/1791
f 1792/1792/1792 1793/1793/1793 1794/1794/1794
f 1795/1795/1795 1796/1796/1796 1797/1797/1797
f 1798/1798/1798 1799/1799/1799 1800/1800/1800
f 1801/1801/1801 1802/1802/1802 1803/1803/1803
f 1804/1804/1804 1805/1805/1805 1806/1806/1806
