# SK_EBS_KHA_UNT_002
# Author: Angelis Pseftis
# Frame: Unreal +X forward, +Y right, +Z up; centimeters; no axis conversion
# Kit: ebs-meshkit-v3
# SK_EBS_KHA_UNT_002 LOD0 rest pose (baseline)
# Revision ebs-kha-unt-002-concept-v2
# Unreal +X forward, +Y right, +Z up; centimetres
o SK_EBS_KHA_UNT_002
v -48.0 -39.0 147.0
v -48.0 39.0 147.0
v -48.0 39.0 201.0
v -48.0 -39.0 147.0
v -48.0 39.0 201.0
v -48.0 -39.0 201.0
v -140.0 -39.0 147.0
v -140.0 -39.0 201.0
v -140.0 39.0 201.0
v -140.0 -39.0 147.0
v -140.0 39.0 201.0
v -140.0 39.0 147.0
v -140.0 39.0 147.0
v -140.0 39.0 201.0
v -48.0 39.0 201.0
v -140.0 39.0 147.0
v -48.0 39.0 201.0
v -48.0 39.0 147.0
v -140.0 -39.0 147.0
v -48.0 -39.0 147.0
v -48.0 -39.0 201.0
v -140.0 -39.0 147.0
v -48.0 -39.0 201.0
v -140.0 -39.0 201.0
v -140.0 -39.0 201.0
v -48.0 -39.0 201.0
v -48.0 39.0 201.0
v -140.0 -39.0 201.0
v -48.0 39.0 201.0
v -140.0 39.0 201.0
v -140.0 -39.0 147.0
v -140.0 39.0 147.0
v -48.0 39.0 147.0
v -140.0 -39.0 147.0
v -48.0 39.0 147.0
v -48.0 -39.0 147.0
v -61.0 -42.0 149.0
v -61.0 -39.0 149.0
v -61.0 -39.0 153.0
v -61.0 -42.0 149.0
v -61.0 -39.0 153.0
v -61.0 -42.0 153.0
v -127.0 -42.0 149.0
v -127.0 -42.0 153.0
v -127.0 -39.0 153.0
v -127.0 -42.0 149.0
v -127.0 -39.0 153.0
v -127.0 -39.0 149.0
v -127.0 -39.0 149.0
v -127.0 -39.0 153.0
v -61.0 -39.0 153.0
v -127.0 -39.0 149.0
v -61.0 -39.0 153.0
v -61.0 -39.0 149.0
v -127.0 -42.0 149.0
v -61.0 -42.0 149.0
v -61.0 -42.0 153.0
v -127.0 -42.0 149.0
v -61.0 -42.0 153.0
v -127.0 -42.0 153.0
v -127.0 -42.0 153.0
v -61.0 -42.0 153.0
v -61.0 -39.0 153.0
v -127.0 -42.0 153.0
v -61.0 -39.0 153.0
v -127.0 -39.0 153.0
v -127.0 -42.0 149.0
v -127.0 -39.0 149.0
v -61.0 -39.0 149.0
v -127.0 -42.0 149.0
v -61.0 -39.0 149.0
v -61.0 -42.0 149.0
v -61.0 39.0 149.0
v -61.0 42.0 149.0
v -61.0 42.0 153.0
v -61.0 39.0 149.0
v -61.0 42.0 153.0
v -61.0 39.0 153.0
v -127.0 39.0 149.0
v -127.0 39.0 153.0
v -127.0 42.0 153.0
v -127.0 39.0 149.0
v -127.0 42.0 153.0
v -127.0 42.0 149.0
v -127.0 42.0 149.0
v -127.0 42.0 153.0
v -61.0 42.0 153.0
v -127.0 42.0 149.0
v -61.0 42.0 153.0
v -61.0 42.0 149.0
v -127.0 39.0 149.0
v -61.0 39.0 149.0
v -61.0 39.0 153.0
v -127.0 39.0 149.0
v -61.0 39.0 153.0
v -127.0 39.0 153.0
v -127.0 39.0 153.0
v -61.0 39.0 153.0
v -61.0 42.0 153.0
v -127.0 39.0 153.0
v -61.0 42.0 153.0
v -127.0 42.0 153.0
v -127.0 39.0 149.0
v -127.0 42.0 149.0
v -61.0 42.0 149.0
v -127.0 39.0 149.0
v -61.0 42.0 149.0
v -61.0 39.0 149.0
v -7.5 -35.685 146.875
v -7.5 35.685 146.875
v -7.5 35.685 197.375
v -7.5 -35.685 146.875
v -7.5 35.685 197.375
v -7.5 -35.685 197.375
v -95.5 -35.685 146.875
v -95.5 -35.685 197.375
v -95.5 35.685 197.375
v -95.5 -35.685 146.875
v -95.5 35.685 197.375
v -95.5 35.685 146.875
v -95.5 35.685 146.875
v -95.5 35.685 197.375
v -7.5 35.685 197.375
v -95.5 35.685 146.875
v -7.5 35.685 197.375
v -7.5 35.685 146.875
v -95.5 -35.685 146.875
v -7.5 -35.685 146.875
v -7.5 -35.685 197.375
v -95.5 -35.685 146.875
v -7.5 -35.685 197.375
v -95.5 -35.685 197.375
v -95.5 -35.685 197.375
v -7.5 -35.685 197.375
v -7.5 35.685 197.375
v -95.5 -35.685 197.375
v -7.5 35.685 197.375
v -95.5 35.685 197.375
v -95.5 -35.685 146.875
v -95.5 35.685 146.875
v -7.5 35.685 146.875
v -95.5 -35.685 146.875
v -7.5 35.685 146.875
v -7.5 -35.685 146.875
v -20.5 -38.685 148.875
v -20.5 -35.685 148.875
v -20.5 -35.685 152.875
v -20.5 -38.685 148.875
v -20.5 -35.685 152.875
v -20.5 -38.685 152.875
v -82.5 -38.685 148.875
v -82.5 -38.685 152.875
v -82.5 -35.685 152.875
v -82.5 -38.685 148.875
v -82.5 -35.685 152.875
v -82.5 -35.685 148.875
v -82.5 -35.685 148.875
v -82.5 -35.685 152.875
v -20.5 -35.685 152.875
v -82.5 -35.685 148.875
v -20.5 -35.685 152.875
v -20.5 -35.685 148.875
v -82.5 -38.685 148.875
v -20.5 -38.685 148.875
v -20.5 -38.685 152.875
v -82.5 -38.685 148.875
v -20.5 -38.685 152.875
v -82.5 -38.685 152.875
v -82.5 -38.685 152.875
v -20.5 -38.685 152.875
v -20.5 -35.685 152.875
v -82.5 -38.685 152.875
v -20.5 -35.685 152.875
v -82.5 -35.685 152.875
v -82.5 -38.685 148.875
v -82.5 -35.685 148.875
v -20.5 -35.685 148.875
v -82.5 -38.685 148.875
v -20.5 -35.685 148.875
v -20.5 -38.685 148.875
v -20.5 35.685 148.875
v -20.5 38.685 148.875
v -20.5 38.685 152.875
v -20.5 35.685 148.875
v -20.5 38.685 152.875
v -20.5 35.685 152.875
v -82.5 35.685 148.875
v -82.5 35.685 152.875
v -82.5 38.685 152.875
v -82.5 35.685 148.875
v -82.5 38.685 152.875
v -82.5 38.685 148.875
v -82.5 38.685 148.875
v -82.5 38.685 152.875
v -20.5 38.685 152.875
v -82.5 38.685 148.875
v -20.5 38.685 152.875
v -20.5 38.685 148.875
v -82.5 35.685 148.875
v -20.5 35.685 148.875
v -20.5 35.685 152.875
v -82.5 35.685 148.875
v -20.5 35.685 152.875
v -82.5 35.685 152.875
v -82.5 35.685 152.875
v -20.5 35.685 152.875
v -20.5 38.685 152.875
v -82.5 35.685 152.875
v -20.5 38.685 152.875
v -82.5 38.685 152.875
v -82.5 35.685 148.875
v -82.5 38.685 148.875
v -20.5 38.685 148.875
v -82.5 35.685 148.875
v -20.5 38.685 148.875
v -20.5 35.685 148.875
v 33.0 -32.37 143.0
v 33.0 32.37 143.0
v 33.0 32.37 190.0
v 33.0 -32.37 143.0
v 33.0 32.37 190.0
v 33.0 -32.37 190.0
v -51.0 -32.37 143.0
v -51.0 -32.37 190.0
v -51.0 32.37 190.0
v -51.0 -32.37 143.0
v -51.0 32.37 190.0
v -51.0 32.37 143.0
v -51.0 32.37 143.0
v -51.0 32.37 190.0
v 33.0 32.37 190.0
v -51.0 32.37 143.0
v 33.0 32.37 190.0
v 33.0 32.37 143.0
v -51.0 -32.37 143.0
v 33.0 -32.37 143.0
v 33.0 -32.37 190.0
v -51.0 -32.37 143.0
v 33.0 -32.37 190.0
v -51.0 -32.37 190.0
v -51.0 -32.37 190.0
v 33.0 -32.37 190.0
v 33.0 32.37 190.0
v -51.0 -32.37 190.0
v 33.0 32.37 190.0
v -51.0 32.37 190.0
v -51.0 -32.37 143.0
v -51.0 32.37 143.0
v 33.0 32.37 143.0
v -51.0 -32.37 143.0
v 33.0 32.37 143.0
v 33.0 -32.37 143.0
v 20.0 -35.37 145.0
v 20.0 -32.37 145.0
v 20.0 -32.37 149.0
v 20.0 -35.37 145.0
v 20.0 -32.37 149.0
v 20.0 -35.37 149.0
v -38.0 -35.37 145.0
v -38.0 -35.37 149.0
v -38.0 -32.37 149.0
v -38.0 -35.37 145.0
v -38.0 -32.37 149.0
v -38.0 -32.37 145.0
v -38.0 -32.37 145.0
v -38.0 -32.37 149.0
v 20.0 -32.37 149.0
v -38.0 -32.37 145.0
v 20.0 -32.37 149.0
v 20.0 -32.37 145.0
v -38.0 -35.37 145.0
v 20.0 -35.37 145.0
v 20.0 -35.37 149.0
v -38.0 -35.37 145.0
v 20.0 -35.37 149.0
v -38.0 -35.37 149.0
v -38.0 -35.37 149.0
v 20.0 -35.37 149.0
v 20.0 -32.37 149.0
v -38.0 -35.37 149.0
v 20.0 -32.37 149.0
v -38.0 -32.37 149.0
v -38.0 -35.37 145.0
v -38.0 -32.37 145.0
v 20.0 -32.37 145.0
v -38.0 -35.37 145.0
v 20.0 -32.37 145.0
v 20.0 -35.37 145.0
v 20.0 32.37 145.0
v 20.0 35.37 145.0
v 20.0 35.37 149.0
v 20.0 32.37 145.0
v 20.0 35.37 149.0
v 20.0 32.37 149.0
v -38.0 32.37 145.0
v -38.0 32.37 149.0
v -38.0 35.37 149.0
v -38.0 32.37 145.0
v -38.0 35.37 149.0
v -38.0 35.37 145.0
v -38.0 35.37 145.0
v -38.0 35.37 149.0
v 20.0 35.37 149.0
v -38.0 35.37 145.0
v 20.0 35.37 149.0
v 20.0 35.37 145.0
v -38.0 32.37 145.0
v 20.0 32.37 145.0
v 20.0 32.37 149.0
v -38.0 32.37 145.0
v 20.0 32.37 149.0
v -38.0 32.37 149.0
v -38.0 32.37 149.0
v 20.0 32.37 149.0
v 20.0 35.37 149.0
v -38.0 32.37 149.0
v 20.0 35.37 149.0
v -38.0 35.37 149.0
v -38.0 32.37 145.0
v -38.0 35.37 145.0
v 20.0 35.37 145.0
v -38.0 32.37 145.0
v 20.0 35.37 145.0
v 20.0 32.37 145.0
v 73.5 -29.055 135.375
v 73.5 29.055 135.375
v 73.5 29.055 178.875
v 73.5 -29.055 135.375
v 73.5 29.055 178.875
v 73.5 -29.055 178.875
v -6.5 -29.055 135.375
v -6.5 -29.055 178.875
v -6.5 29.055 178.875
v -6.5 -29.055 135.375
v -6.5 29.055 178.875
v -6.5 29.055 135.375
v -6.5 29.055 135.375
v -6.5 29.055 178.875
v 73.5 29.055 178.875
v -6.5 29.055 135.375
v 73.5 29.055 178.875
v 73.5 29.055 135.375
v -6.5 -29.055 135.375
v 73.5 -29.055 135.375
v 73.5 -29.055 178.875
v -6.5 -29.055 135.375
v 73.5 -29.055 178.875
v -6.5 -29.055 178.875
v -6.5 -29.055 178.875
v 73.5 -29.055 178.875
v 73.5 29.055 178.875
v -6.5 -29.055 178.875
v 73.5 29.055 178.875
v -6.5 29.055 178.875
v -6.5 -29.055 135.375
v -6.5 29.055 135.375
v 73.5 29.055 135.375
v -6.5 -29.055 135.375
v 73.5 29.055 135.375
v 73.5 -29.055 135.375
v 60.5 -32.055 137.375
v 60.5 -29.055 137.375
v 60.5 -29.055 141.375
v 60.5 -32.055 137.375
v 60.5 -29.055 141.375
v 60.5 -32.055 141.375
v 6.5 -32.055 137.375
v 6.5 -32.055 141.375
v 6.5 -29.055 141.375
v 6.5 -32.055 137.375
v 6.5 -29.055 141.375
v 6.5 -29.055 137.375
v 6.5 -29.055 137.375
v 6.5 -29.055 141.375
v 60.5 -29.055 141.375
v 6.5 -29.055 137.375
v 60.5 -29.055 141.375
v 60.5 -29.055 137.375
v 6.5 -32.055 137.375
v 60.5 -32.055 137.375
v 60.5 -32.055 141.375
v 6.5 -32.055 137.375
v 60.5 -32.055 141.375
v 6.5 -32.055 141.375
v 6.5 -32.055 141.375
v 60.5 -32.055 141.375
v 60.5 -29.055 141.375
v 6.5 -32.055 141.375
v 60.5 -29.055 141.375
v 6.5 -29.055 141.375
v 6.5 -32.055 137.375
v 6.5 -29.055 137.375
v 60.5 -29.055 137.375
v 6.5 -32.055 137.375
v 60.5 -29.055 137.375
v 60.5 -32.055 137.375
v 60.5 29.055 137.375
v 60.5 32.055 137.375
v 60.5 32.055 141.375
v 60.5 29.055 137.375
v 60.5 32.055 141.375
v 60.5 29.055 141.375
v 6.5 29.055 137.375
v 6.5 29.055 141.375
v 6.5 32.055 141.375
v 6.5 29.055 137.375
v 6.5 32.055 141.375
v 6.5 32.055 137.375
v 6.5 32.055 137.375
v 6.5 32.055 141.375
v 60.5 32.055 141.375
v 6.5 32.055 137.375
v 60.5 32.055 141.375
v 60.5 32.055 137.375
v 6.5 29.055 137.375
v 60.5 29.055 137.375
v 60.5 29.055 141.375
v 6.5 29.055 137.375
v 60.5 29.055 141.375
v 6.5 29.055 141.375
v 6.5 29.055 141.375
v 60.5 29.055 141.375
v 60.5 32.055 141.375
v 6.5 29.055 141.375
v 60.5 32.055 141.375
v 6.5 32.055 141.375
v 6.5 29.055 137.375
v 6.5 32.055 137.375
v 60.5 32.055 137.375
v 6.5 29.055 137.375
v 60.5 32.055 137.375
v 60.5 29.055 137.375
v 114.0 -25.74 124.0
v 114.0 25.74 124.0
v 114.0 25.74 164.0
v 114.0 -25.74 124.0
v 114.0 25.74 164.0
v 114.0 -25.74 164.0
v 38.0 -25.74 124.0
v 38.0 -25.74 164.0
v 38.0 25.74 164.0
v 38.0 -25.74 124.0
v 38.0 25.74 164.0
v 38.0 25.74 124.0
v 38.0 25.74 124.0
v 38.0 25.74 164.0
v 114.0 25.74 164.0
v 38.0 25.74 124.0
v 114.0 25.74 164.0
v 114.0 25.74 124.0
v 38.0 -25.74 124.0
v 114.0 -25.74 124.0
v 114.0 -25.74 164.0
v 38.0 -25.74 124.0
v 114.0 -25.74 164.0
v 38.0 -25.74 164.0
v 38.0 -25.74 164.0
v 114.0 -25.74 164.0
v 114.0 25.74 164.0
v 38.0 -25.74 164.0
v 114.0 25.74 164.0
v 38.0 25.74 164.0
v 38.0 -25.74 124.0
v 38.0 25.74 124.0
v 114.0 25.74 124.0
v 38.0 -25.74 124.0
v 114.0 25.74 124.0
v 114.0 -25.74 124.0
v 101.0 -28.74 126.0
v 101.0 -25.74 126.0
v 101.0 -25.74 130.0
v 101.0 -28.74 126.0
v 101.0 -25.74 130.0
v 101.0 -28.74 130.0
v 51.0 -28.74 126.0
v 51.0 -28.74 130.0
v 51.0 -25.74 130.0
v 51.0 -28.74 126.0
v 51.0 -25.74 130.0
v 51.0 -25.74 126.0
v 51.0 -25.74 126.0
v 51.0 -25.74 130.0
v 101.0 -25.74 130.0
v 51.0 -25.74 126.0
v 101.0 -25.74 130.0
v 101.0 -25.74 126.0
v 51.0 -28.74 126.0
v 101.0 -28.74 126.0
v 101.0 -28.74 130.0
v 51.0 -28.74 126.0
v 101.0 -28.74 130.0
v 51.0 -28.74 130.0
v 51.0 -28.74 130.0
v 101.0 -28.74 130.0
v 101.0 -25.74 130.0
v 51.0 -28.74 130.0
v 101.0 -25.74 130.0
v 51.0 -25.74 130.0
v 51.0 -28.74 126.0
v 51.0 -25.74 126.0
v 101.0 -25.74 126.0
v 51.0 -28.74 126.0
v 101.0 -25.74 126.0
v 101.0 -28.74 126.0
v 101.0 25.74 126.0
v 101.0 28.74 126.0
v 101.0 28.74 130.0
v 101.0 25.74 126.0
v 101.0 28.74 130.0
v 101.0 25.74 130.0
v 51.0 25.74 126.0
v 51.0 25.74 130.0
v 51.0 28.74 130.0
v 51.0 25.74 126.0
v 51.0 28.74 130.0
v 51.0 28.74 126.0
v 51.0 28.74 126.0
v 51.0 28.74 130.0
v 101.0 28.74 130.0
v 51.0 28.74 126.0
v 101.0 28.74 130.0
v 101.0 28.74 126.0
v 51.0 25.74 126.0
v 101.0 25.74 126.0
v 101.0 25.74 130.0
v 51.0 25.74 126.0
v 101.0 25.74 130.0
v 51.0 25.74 130.0
v 51.0 25.74 130.0
v 101.0 25.74 130.0
v 101.0 28.74 130.0
v 51.0 25.74 130.0
v 101.0 28.74 130.0
v 51.0 28.74 130.0
v 51.0 25.74 126.0
v 51.0 28.74 126.0
v 101.0 28.74 126.0
v 51.0 25.74 126.0
v 101.0 28.74 126.0
v 101.0 25.74 126.0
v 82.0 -34.0 118.0
v 82.0 34.0 118.0
v 82.0 34.0 158.0
v 82.0 -34.0 118.0
v 82.0 34.0 158.0
v 82.0 -34.0 158.0
v -114.0 -34.0 118.0
v -114.0 -34.0 158.0
v -114.0 34.0 158.0
v -114.0 -34.0 118.0
v -114.0 34.0 158.0
v -114.0 34.0 118.0
v -114.0 34.0 118.0
v -114.0 34.0 158.0
v 82.0 34.0 158.0
v -114.0 34.0 118.0
v 82.0 34.0 158.0
v 82.0 34.0 118.0
v -114.0 -34.0 118.0
v 82.0 -34.0 118.0
v 82.0 -34.0 158.0
v -114.0 -34.0 118.0
v 82.0 -34.0 158.0
v -114.0 -34.0 158.0
v -114.0 -34.0 158.0
v 82.0 -34.0 158.0
v 82.0 34.0 158.0
v -114.0 -34.0 158.0
v 82.0 34.0 158.0
v -114.0 34.0 158.0
v -114.0 -34.0 118.0
v -114.0 34.0 118.0
v 82.0 34.0 118.0
v -114.0 -34.0 118.0
v 82.0 34.0 118.0
v 82.0 -34.0 118.0
v 146.0 0.0 128.0
v 44.0 -22.0 182.0
v 44.0 -36.0 154.0
v 146.0 0.0 128.0
v 44.0 22.0 182.0
v 44.0 -22.0 182.0
v 146.0 0.0 128.0
v 44.0 36.0 154.0
v 44.0 22.0 182.0
v 146.0 0.0 128.0
v 44.0 22.0 128.0
v 44.0 36.0 154.0
v 146.0 0.0 128.0
v 44.0 -22.0 128.0
v 44.0 22.0 128.0
v 146.0 0.0 128.0
v 44.0 -36.0 154.0
v 44.0 -22.0 128.0
v 44.0 -36.0 154.0
v 44.0 -22.0 182.0
v 44.0 22.0 182.0
v 44.0 -36.0 154.0
v 44.0 22.0 182.0
v 44.0 36.0 154.0
v 44.0 -36.0 154.0
v 44.0 36.0 154.0
v 44.0 22.0 128.0
v 44.0 -36.0 154.0
v 44.0 22.0 128.0
v 44.0 -22.0 128.0
v 104.0 -2.5 164.0
v 104.0 2.5 164.0
v 104.0 2.5 168.0
v 104.0 -2.5 164.0
v 104.0 2.5 168.0
v 104.0 -2.5 168.0
v 52.0 -2.5 164.0
v 52.0 -2.5 168.0
v 52.0 2.5 168.0
v 52.0 -2.5 164.0
v 52.0 2.5 168.0
v 52.0 2.5 164.0
v 52.0 2.5 164.0
v 52.0 2.5 168.0
v 104.0 2.5 168.0
v 52.0 2.5 164.0
v 104.0 2.5 168.0
v 104.0 2.5 164.0
v 52.0 -2.5 164.0
v 104.0 -2.5 164.0
v 104.0 -2.5 168.0
v 52.0 -2.5 164.0
v 104.0 -2.5 168.0
v 52.0 -2.5 168.0
v 52.0 -2.5 168.0
v 104.0 -2.5 168.0
v 104.0 2.5 168.0
v 52.0 -2.5 168.0
v 104.0 2.5 168.0
v 52.0 2.5 168.0
v 52.0 -2.5 164.0
v 52.0 2.5 164.0
v 104.0 2.5 164.0
v 52.0 -2.5 164.0
v 104.0 2.5 164.0
v 104.0 -2.5 164.0
v 83.0 -21.0 161.0
v 83.0 21.0 161.0
v 83.0 21.0 191.0
v 83.0 -21.0 161.0
v 83.0 21.0 191.0
v 83.0 -21.0 191.0
v 9.0 -21.0 161.0
v 9.0 -21.0 191.0
v 9.0 21.0 191.0
v 9.0 -21.0 161.0
v 9.0 21.0 191.0
v 9.0 21.0 161.0
v 9.0 21.0 161.0
v 9.0 21.0 191.0
v 83.0 21.0 191.0
v 9.0 21.0 161.0
v 83.0 21.0 191.0
v 83.0 21.0 161.0
v 9.0 -21.0 161.0
v 83.0 -21.0 161.0
v 83.0 -21.0 191.0
v 9.0 -21.0 161.0
v 83.0 -21.0 191.0
v 9.0 -21.0 191.0
v 9.0 -21.0 191.0
v 83.0 -21.0 191.0
v 83.0 21.0 191.0
v 9.0 -21.0 191.0
v 83.0 21.0 191.0
v 9.0 21.0 191.0
v 9.0 -21.0 161.0
v 9.0 21.0 161.0
v 83.0 21.0 161.0
v 9.0 -21.0 161.0
v 83.0 21.0 161.0
v 83.0 -21.0 161.0
v 84.0 -8.0 171.5
v 84.0 8.0 171.5
v 84.0 8.0 180.5
v 84.0 -8.0 171.5
v 84.0 8.0 180.5
v 84.0 -8.0 180.5
v 76.0 -8.0 171.5
v 76.0 -8.0 180.5
v 76.0 8.0 180.5
v 76.0 -8.0 171.5
v 76.0 8.0 180.5
v 76.0 8.0 171.5
v 76.0 8.0 171.5
v 76.0 8.0 180.5
v 84.0 8.0 180.5
v 76.0 8.0 171.5
v 84.0 8.0 180.5
v 84.0 8.0 171.5
v 76.0 -8.0 171.5
v 84.0 -8.0 171.5
v 84.0 -8.0 180.5
v 76.0 -8.0 171.5
v 84.0 -8.0 180.5
v 76.0 -8.0 180.5
v 76.0 -8.0 180.5
v 84.0 -8.0 180.5
v 84.0 8.0 180.5
v 76.0 -8.0 180.5
v 84.0 8.0 180.5
v 76.0 8.0 180.5
v 76.0 -8.0 171.5
v 76.0 8.0 171.5
v 84.0 8.0 171.5
v 76.0 -8.0 171.5
v 84.0 8.0 171.5
v 84.0 -8.0 171.5
v 51.0 -59.0 127.0
v 51.0 -33.0 127.0
v 51.0 -33.0 161.0
v 51.0 -59.0 127.0
v 51.0 -33.0 161.0
v 51.0 -59.0 161.0
v 17.0 -59.0 127.0
v 17.0 -59.0 161.0
v 17.0 -33.0 161.0
v 17.0 -59.0 127.0
v 17.0 -33.0 161.0
v 17.0 -33.0 127.0
v 17.0 -33.0 127.0
v 17.0 -33.0 161.0
v 51.0 -33.0 161.0
v 17.0 -33.0 127.0
v 51.0 -33.0 161.0
v 51.0 -33.0 127.0
v 17.0 -59.0 127.0
v 51.0 -59.0 127.0
v 51.0 -59.0 161.0
v 17.0 -59.0 127.0
v 51.0 -59.0 161.0
v 17.0 -59.0 161.0
v 17.0 -59.0 161.0
v 51.0 -59.0 161.0
v 51.0 -33.0 161.0
v 17.0 -59.0 161.0
v 51.0 -33.0 161.0
v 17.0 -33.0 161.0
v 17.0 -59.0 127.0
v 17.0 -33.0 127.0
v 51.0 -33.0 127.0
v 17.0 -59.0 127.0
v 51.0 -33.0 127.0
v 51.0 -59.0 127.0
v 46.7485 -38.0959 144.0
v 39.4519 -40.5603 156.8719
v 70.4519 -90.5603 164.8719
v 46.7485 -38.0959 144.0
v 70.4519 -90.5603 164.8719
v 77.7485 -88.0959 152.0
v 39.4519 -40.5603 156.8719
v 26.7034 -48.4644 156.8719
v 57.7034 -98.4644 164.8719
v 39.4519 -40.5603 156.8719
v 57.7034 -98.4644 164.8719
v 70.4519 -90.5603 164.8719
v 26.7034 -48.4644 156.8719
v 21.2515 -53.9041 144.0
v 52.2515 -103.9041 152.0
v 26.7034 -48.4644 156.8719
v 52.2515 -103.9041 152.0
v 57.7034 -98.4644 164.8719
v 21.2515 -53.9041 144.0
v 28.5481 -51.4397 131.1281
v 59.5481 -101.4397 139.1281
v 21.2515 -53.9041 144.0
v 59.5481 -101.4397 139.1281
v 52.2515 -103.9041 152.0
v 28.5481 -51.4397 131.1281
v 41.2966 -43.5356 131.1281
v 72.2966 -93.5356 139.1281
v 28.5481 -51.4397 131.1281
v 72.2966 -93.5356 139.1281
v 59.5481 -101.4397 139.1281
v 41.2966 -43.5356 131.1281
v 46.7485 -38.0959 144.0
v 77.7485 -88.0959 152.0
v 41.2966 -43.5356 131.1281
v 77.7485 -88.0959 152.0
v 72.2966 -93.5356 139.1281
v 41.2966 -43.5356 131.1281
v 28.5481 -51.4397 131.1281
v 21.2515 -53.9041 144.0
v 41.2966 -43.5356 131.1281
v 21.2515 -53.9041 144.0
v 26.7034 -48.4644 156.8719
v 41.2966 -43.5356 131.1281
v 26.7034 -48.4644 156.8719
v 39.4519 -40.5603 156.8719
v 41.2966 -43.5356 131.1281
v 39.4519 -40.5603 156.8719
v 46.7485 -38.0959 144.0
v 77.7485 -88.0959 152.0
v 70.4519 -90.5603 164.8719
v 57.7034 -98.4644 164.8719
v 77.7485 -88.0959 152.0
v 57.7034 -98.4644 164.8719
v 52.2515 -103.9041 152.0
v 77.7485 -88.0959 152.0
v 52.2515 -103.9041 152.0
v 59.5481 -101.4397 139.1281
v 77.7485 -88.0959 152.0
v 59.5481 -101.4397 139.1281
v 72.2966 -93.5356 139.1281
v 80.0 -109.0 138.0
v 80.0 -83.0 138.0
v 80.0 -83.0 166.0
v 80.0 -109.0 138.0
v 80.0 -83.0 166.0
v 80.0 -109.0 166.0
v 50.0 -109.0 138.0
v 50.0 -109.0 166.0
v 50.0 -83.0 166.0
v 50.0 -109.0 138.0
v 50.0 -83.0 166.0
v 50.0 -83.0 138.0
v 50.0 -83.0 138.0
v 50.0 -83.0 166.0
v 80.0 -83.0 166.0
v 50.0 -83.0 138.0
v 80.0 -83.0 166.0
v 80.0 -83.0 138.0
v 50.0 -109.0 138.0
v 80.0 -109.0 138.0
v 80.0 -109.0 166.0
v 50.0 -109.0 138.0
v 80.0 -109.0 166.0
v 50.0 -109.0 166.0
v 50.0 -109.0 166.0
v 80.0 -109.0 166.0
v 80.0 -83.0 166.0
v 50.0 -109.0 166.0
v 80.0 -83.0 166.0
v 50.0 -83.0 166.0
v 50.0 -109.0 138.0
v 50.0 -83.0 138.0
v 80.0 -83.0 138.0
v 50.0 -109.0 138.0
v 80.0 -83.0 138.0
v 80.0 -109.0 138.0
v 65.0 -85.1639 153.892
v 74.2582 -90.9679 155.1564
v 105.2582 -68.9679 29.1564
v 65.0 -85.1639 153.892
v 105.2582 -68.9679 29.1564
v 96.0 -63.1639 27.892
v 74.2582 -90.9679 155.1564
v 74.2582 -101.804 153.2644
v 105.2582 -79.804 27.2644
v 74.2582 -90.9679 155.1564
v 105.2582 -79.804 27.2644
v 105.2582 -68.9679 29.1564
v 74.2582 -101.804 153.2644
v 65.0 -106.8361 150.108
v 96.0 -84.8361 24.108
v 74.2582 -101.804 153.2644
v 96.0 -84.8361 24.108
v 105.2582 -79.804 27.2644
v 65.0 -106.8361 150.108
v 55.7418 -101.0321 148.8436
v 86.7418 -79.0321 22.8436
v 65.0 -106.8361 150.108
v 86.7418 -79.0321 22.8436
v 96.0 -84.8361 24.108
v 55.7418 -101.0321 148.8436
v 55.7418 -90.196 150.7356
v 86.7418 -68.196 24.7356
v 55.7418 -101.0321 148.8436
v 86.7418 -68.196 24.7356
v 86.7418 -79.0321 22.8436
v 55.7418 -90.196 150.7356
v 65.0 -85.1639 153.892
v 96.0 -63.1639 27.892
v 55.7418 -90.196 150.7356
v 96.0 -63.1639 27.892
v 86.7418 -68.196 24.7356
v 55.7418 -90.196 150.7356
v 55.7418 -101.0321 148.8436
v 65.0 -106.8361 150.108
v 55.7418 -90.196 150.7356
v 65.0 -106.8361 150.108
v 74.2582 -101.804 153.2644
v 55.7418 -90.196 150.7356
v 74.2582 -101.804 153.2644
v 74.2582 -90.9679 155.1564
v 55.7418 -90.196 150.7356
v 74.2582 -90.9679 155.1564
v 65.0 -85.1639 153.892
v 96.0 -63.1639 27.892
v 105.2582 -68.9679 29.1564
v 105.2582 -79.804 27.2644
v 96.0 -63.1639 27.892
v 105.2582 -79.804 27.2644
v 96.0 -84.8361 24.108
v 96.0 -63.1639 27.892
v 96.0 -84.8361 24.108
v 86.7418 -79.0321 22.8436
v 96.0 -63.1639 27.892
v 86.7418 -79.0321 22.8436
v 86.7418 -68.196 24.7356
v 96.0 -66.0 26.0
v 101.032 -74.0 32.2193
v 123.032 -74.0 14.4193
v 96.0 -66.0 26.0
v 123.032 -74.0 14.4193
v 118.0 -66.0 8.2
v 101.032 -74.0 32.2193
v 96.0 -82.0 26.0
v 118.0 -82.0 8.2
v 101.032 -74.0 32.2193
v 118.0 -82.0 8.2
v 123.032 -74.0 14.4193
v 96.0 -82.0 26.0
v 90.968 -74.0 19.7807
v 112.968 -74.0 1.9807
v 96.0 -82.0 26.0
v 112.968 -74.0 1.9807
v 118.0 -82.0 8.2
v 90.968 -74.0 19.7807
v 96.0 -66.0 26.0
v 118.0 -66.0 8.2
v 90.968 -74.0 19.7807
v 118.0 -66.0 8.2
v 112.968 -74.0 1.9807
v 90.968 -74.0 19.7807
v 96.0 -82.0 26.0
v 101.032 -74.0 32.2193
v 90.968 -74.0 19.7807
v 101.032 -74.0 32.2193
v 96.0 -66.0 26.0
v 118.0 -66.0 8.2
v 123.032 -74.0 14.4193
v 118.0 -82.0 8.2
v 118.0 -66.0 8.2
v 118.0 -82.0 8.2
v 112.968 -74.0 1.9807
v 51.0 33.0 127.0
v 51.0 59.0 127.0
v 51.0 59.0 161.0
v 51.0 33.0 127.0
v 51.0 59.0 161.0
v 51.0 33.0 161.0
v 17.0 33.0 127.0
v 17.0 33.0 161.0
v 17.0 59.0 161.0
v 17.0 33.0 127.0
v 17.0 59.0 161.0
v 17.0 59.0 127.0
v 17.0 59.0 127.0
v 17.0 59.0 161.0
v 51.0 59.0 161.0
v 17.0 59.0 127.0
v 51.0 59.0 161.0
v 51.0 59.0 127.0
v 17.0 33.0 127.0
v 51.0 33.0 127.0
v 51.0 33.0 161.0
v 17.0 33.0 127.0
v 51.0 33.0 161.0
v 17.0 33.0 161.0
v 17.0 33.0 161.0
v 51.0 33.0 161.0
v 51.0 59.0 161.0
v 17.0 33.0 161.0
v 51.0 59.0 161.0
v 17.0 59.0 161.0
v 17.0 33.0 127.0
v 17.0 59.0 127.0
v 51.0 59.0 127.0
v 17.0 33.0 127.0
v 51.0 59.0 127.0
v 51.0 33.0 127.0
v 21.2515 53.9041 144.0
v 26.7034 48.4644 156.8719
v 57.7034 98.4644 164.8719
v 21.2515 53.9041 144.0
v 57.7034 98.4644 164.8719
v 52.2515 103.9041 152.0
v 26.7034 48.4644 156.8719
v 39.4519 40.5603 156.8719
v 70.4519 90.5603 164.8719
v 26.7034 48.4644 156.8719
v 70.4519 90.5603 164.8719
v 57.7034 98.4644 164.8719
v 39.4519 40.5603 156.8719
v 46.7485 38.0959 144.0
v 77.7485 88.0959 152.0
v 39.4519 40.5603 156.8719
v 77.7485 88.0959 152.0
v 70.4519 90.5603 164.8719
v 46.7485 38.0959 144.0
v 41.2966 43.5356 131.1281
v 72.2966 93.5356 139.1281
v 46.7485 38.0959 144.0
v 72.2966 93.5356 139.1281
v 77.7485 88.0959 152.0
v 41.2966 43.5356 131.1281
v 28.5481 51.4397 131.1281
v 59.5481 101.4397 139.1281
v 41.2966 43.5356 131.1281
v 59.5481 101.4397 139.1281
v 72.2966 93.5356 139.1281
v 28.5481 51.4397 131.1281
v 21.2515 53.9041 144.0
v 52.2515 103.9041 152.0
v 28.5481 51.4397 131.1281
v 52.2515 103.9041 152.0
v 59.5481 101.4397 139.1281
v 28.5481 51.4397 131.1281
v 41.2966 43.5356 131.1281
v 46.7485 38.0959 144.0
v 28.5481 51.4397 131.1281
v 46.7485 38.0959 144.0
v 39.4519 40.5603 156.8719
v 28.5481 51.4397 131.1281
v 39.4519 40.5603 156.8719
v 26.7034 48.4644 156.8719
v 28.5481 51.4397 131.1281
v 26.7034 48.4644 156.8719
v 21.2515 53.9041 144.0
v 52.2515 103.9041 152.0
v 57.7034 98.4644 164.8719
v 70.4519 90.5603 164.8719
v 52.2515 103.9041 152.0
v 70.4519 90.5603 164.8719
v 77.7485 88.0959 152.0
v 52.2515 103.9041 152.0
v 77.7485 88.0959 152.0
v 72.2966 93.5356 139.1281
v 52.2515 103.9041 152.0
v 72.2966 93.5356 139.1281
v 59.5481 101.4397 139.1281
v 80.0 83.0 138.0
v 80.0 109.0 138.0
v 80.0 109.0 166.0
v 80.0 83.0 138.0
v 80.0 109.0 166.0
v 80.0 83.0 166.0
v 50.0 83.0 138.0
v 50.0 83.0 166.0
v 50.0 109.0 166.0
v 50.0 83.0 138.0
v 50.0 109.0 166.0
v 50.0 109.0 138.0
v 50.0 109.0 138.0
v 50.0 109.0 166.0
v 80.0 109.0 166.0
v 50.0 109.0 138.0
v 80.0 109.0 166.0
v 80.0 109.0 138.0
v 50.0 83.0 138.0
v 80.0 83.0 138.0
v 80.0 83.0 166.0
v 50.0 83.0 138.0
v 80.0 83.0 166.0
v 50.0 83.0 166.0
v 50.0 83.0 166.0
v 80.0 83.0 166.0
v 80.0 109.0 166.0
v 50.0 83.0 166.0
v 80.0 109.0 166.0
v 50.0 109.0 166.0
v 50.0 83.0 138.0
v 50.0 109.0 138.0
v 80.0 109.0 138.0
v 50.0 83.0 138.0
v 80.0 109.0 138.0
v 80.0 83.0 138.0
v 65.0 106.8361 150.108
v 74.2582 101.804 153.2644
v 105.2582 79.804 27.2644
v 65.0 106.8361 150.108
v 105.2582 79.804 27.2644
v 96.0 84.8361 24.108
v 74.2582 101.804 153.2644
v 74.2582 90.9679 155.1564
v 105.2582 68.9679 29.1564
v 74.2582 101.804 153.2644
v 105.2582 68.9679 29.1564
v 105.2582 79.804 27.2644
v 74.2582 90.9679 155.1564
v 65.0 85.1639 153.892
v 96.0 63.1639 27.892
v 74.2582 90.9679 155.1564
v 96.0 63.1639 27.892
v 105.2582 68.9679 29.1564
v 65.0 85.1639 153.892
v 55.7418 90.196 150.7356
v 86.7418 68.196 24.7356
v 65.0 85.1639 153.892
v 86.7418 68.196 24.7356
v 96.0 63.1639 27.892
v 55.7418 90.196 150.7356
v 55.7418 101.0321 148.8436
v 86.7418 79.0321 22.8436
v 55.7418 90.196 150.7356
v 86.7418 79.0321 22.8436
v 86.7418 68.196 24.7356
v 55.7418 101.0321 148.8436
v 65.0 106.8361 150.108
v 96.0 84.8361 24.108
v 55.7418 101.0321 148.8436
v 96.0 84.8361 24.108
v 86.7418 79.0321 22.8436
v 55.7418 101.0321 148.8436
v 55.7418 90.196 150.7356
v 65.0 85.1639 153.892
v 55.7418 101.0321 148.8436
v 65.0 85.1639 153.892
v 74.2582 90.9679 155.1564
v 55.7418 101.0321 148.8436
v 74.2582 90.9679 155.1564
v 74.2582 101.804 153.2644
v 55.7418 101.0321 148.8436
v 74.2582 101.804 153.2644
v 65.0 106.8361 150.108
v 96.0 84.8361 24.108
v 105.2582 79.804 27.2644
v 105.2582 68.9679 29.1564
v 96.0 84.8361 24.108
v 105.2582 68.9679 29.1564
v 96.0 63.1639 27.892
v 96.0 84.8361 24.108
v 96.0 63.1639 27.892
v 86.7418 68.196 24.7356
v 96.0 84.8361 24.108
v 86.7418 68.196 24.7356
v 86.7418 79.0321 22.8436
v 96.0 82.0 26.0
v 101.032 74.0 32.2193
v 123.032 74.0 14.4193
v 96.0 82.0 26.0
v 123.032 74.0 14.4193
v 118.0 82.0 8.2
v 101.032 74.0 32.2193
v 96.0 66.0 26.0
v 118.0 66.0 8.2
v 101.032 74.0 32.2193
v 118.0 66.0 8.2
v 123.032 74.0 14.4193
v 96.0 66.0 26.0
v 90.968 74.0 19.7807
v 112.968 74.0 1.9807
v 96.0 66.0 26.0
v 112.968 74.0 1.9807
v 118.0 66.0 8.2
v 90.968 74.0 19.7807
v 96.0 82.0 26.0
v 118.0 82.0 8.2
v 90.968 74.0 19.7807
v 118.0 82.0 8.2
v 112.968 74.0 1.9807
v 90.968 74.0 19.7807
v 96.0 66.0 26.0
v 101.032 74.0 32.2193
v 90.968 74.0 19.7807
v 101.032 74.0 32.2193
v 96.0 82.0 26.0
v 118.0 82.0 8.2
v 123.032 74.0 14.4193
v 118.0 66.0 8.2
v 118.0 82.0 8.2
v 118.0 66.0 8.2
v 112.968 74.0 1.9807
v -53.0 -59.0 127.0
v -53.0 -33.0 127.0
v -53.0 -33.0 161.0
v -53.0 -59.0 127.0
v -53.0 -33.0 161.0
v -53.0 -59.0 161.0
v -87.0 -59.0 127.0
v -87.0 -59.0 161.0
v -87.0 -33.0 161.0
v -87.0 -59.0 127.0
v -87.0 -33.0 161.0
v -87.0 -33.0 127.0
v -87.0 -33.0 127.0
v -87.0 -33.0 161.0
v -53.0 -33.0 161.0
v -87.0 -33.0 127.0
v -53.0 -33.0 161.0
v -53.0 -33.0 127.0
v -87.0 -59.0 127.0
v -53.0 -59.0 127.0
v -53.0 -59.0 161.0
v -87.0 -59.0 127.0
v -53.0 -59.0 161.0
v -87.0 -59.0 161.0
v -87.0 -59.0 161.0
v -53.0 -59.0 161.0
v -53.0 -33.0 161.0
v -87.0 -59.0 161.0
v -53.0 -33.0 161.0
v -87.0 -33.0 161.0
v -87.0 -59.0 127.0
v -87.0 -33.0 127.0
v -53.0 -33.0 127.0
v -87.0 -59.0 127.0
v -53.0 -33.0 127.0
v -53.0 -59.0 127.0
v -57.7115 -54.6019 144.0
v -62.8876 -48.9179 156.8802
v -97.8876 -98.9179 164.8802
v -57.7115 -54.6019 144.0
v -97.8876 -98.9179 164.8802
v -92.7115 -104.6019 152.0
v -62.8876 -48.9179 156.8802
v -75.1761 -40.3159 156.8802
v -110.1761 -90.3159 164.8802
v -62.8876 -48.9179 156.8802
v -110.1761 -90.3159 164.8802
v -97.8876 -98.9179 164.8802
v -75.1761 -40.3159 156.8802
v -82.2885 -37.3981 144.0
v -117.2885 -87.3981 152.0
v -75.1761 -40.3159 156.8802
v -117.2885 -87.3981 152.0
v -110.1761 -90.3159 164.8802
v -82.2885 -37.3981 144.0
v -77.1124 -43.0821 131.1198
v -112.1124 -93.0821 139.1198
v -82.2885 -37.3981 144.0
v -112.1124 -93.0821 139.1198
v -117.2885 -87.3981 152.0
v -77.1124 -43.0821 131.1198
v -64.8239 -51.6841 131.1198
v -99.8239 -101.6841 139.1198
v -77.1124 -43.0821 131.1198
v -99.8239 -101.6841 139.1198
v -112.1124 -93.0821 139.1198
v -64.8239 -51.6841 131.1198
v -57.7115 -54.6019 144.0
v -92.7115 -104.6019 152.0
v -64.8239 -51.6841 131.1198
v -92.7115 -104.6019 152.0
v -99.8239 -101.6841 139.1198
v -64.8239 -51.6841 131.1198
v -77.1124 -43.0821 131.1198
v -82.2885 -37.3981 144.0
v -64.8239 -51.6841 131.1198
v -82.2885 -37.3981 144.0
v -75.1761 -40.3159 156.8802
v -64.8239 -51.6841 131.1198
v -75.1761 -40.3159 156.8802
v -62.8876 -48.9179 156.8802
v -64.8239 -51.6841 131.1198
v -62.8876 -48.9179 156.8802
v -57.7115 -54.6019 144.0
v -92.7115 -104.6019 152.0
v -97.8876 -98.9179 164.8802
v -110.1761 -90.3159 164.8802
v -92.7115 -104.6019 152.0
v -110.1761 -90.3159 164.8802
v -117.2885 -87.3981 152.0
v -92.7115 -104.6019 152.0
v -117.2885 -87.3981 152.0
v -112.1124 -93.0821 139.1198
v -92.7115 -104.6019 152.0
v -112.1124 -93.0821 139.1198
v -99.8239 -101.6841 139.1198
v -90.0 -109.0 138.0
v -90.0 -83.0 138.0
v -90.0 -83.0 166.0
v -90.0 -109.0 138.0
v -90.0 -83.0 166.0
v -90.0 -109.0 166.0
v -120.0 -109.0 138.0
v -120.0 -109.0 166.0
v -120.0 -83.0 166.0
v -120.0 -109.0 138.0
v -120.0 -83.0 166.0
v -120.0 -83.0 138.0
v -120.0 -83.0 138.0
v -120.0 -83.0 166.0
v -90.0 -83.0 166.0
v -120.0 -83.0 138.0
v -90.0 -83.0 166.0
v -90.0 -83.0 138.0
v -120.0 -109.0 138.0
v -90.0 -109.0 138.0
v -90.0 -109.0 166.0
v -120.0 -109.0 138.0
v -90.0 -109.0 166.0
v -120.0 -109.0 166.0
v -120.0 -109.0 166.0
v -90.0 -109.0 166.0
v -90.0 -83.0 166.0
v -120.0 -109.0 166.0
v -90.0 -83.0 166.0
v -120.0 -83.0 166.0
v -120.0 -109.0 138.0
v -120.0 -83.0 138.0
v -90.0 -83.0 138.0
v -120.0 -109.0 138.0
v -90.0 -83.0 138.0
v -90.0 -109.0 138.0
v -105.0 -85.1639 153.892
v -95.8115 -90.1495 150.4692
v -130.8115 -68.1495 24.4692
v -105.0 -85.1639 153.892
v -130.8115 -68.1495 24.4692
v -140.0 -63.1639 27.892
v -95.8115 -90.1495 150.4692
v -95.8115 -100.9856 148.5771
v -130.8115 -78.9856 22.5771
v -95.8115 -90.1495 150.4692
v -130.8115 -78.9856 22.5771
v -130.8115 -68.1495 24.4692
v -95.8115 -100.9856 148.5771
v -105.0 -106.8361 150.108
v -140.0 -84.8361 24.108
v -95.8115 -100.9856 148.5771
v -140.0 -84.8361 24.108
v -130.8115 -78.9856 22.5771
v -105.0 -106.8361 150.108
v -114.1885 -101.8505 153.5308
v -149.1885 -79.8505 27.5308
v -105.0 -106.8361 150.108
v -149.1885 -79.8505 27.5308
v -140.0 -84.8361 24.108
v -114.1885 -101.8505 153.5308
v -114.1885 -91.0144 155.4229
v -149.1885 -69.0144 29.4229
v -114.1885 -101.8505 153.5308
v -149.1885 -69.0144 29.4229
v -149.1885 -79.8505 27.5308
v -114.1885 -91.0144 155.4229
v -105.0 -85.1639 153.892
v -140.0 -63.1639 27.892
v -114.1885 -91.0144 155.4229
v -140.0 -63.1639 27.892
v -149.1885 -69.0144 29.4229
v -114.1885 -91.0144 155.4229
v -114.1885 -101.8505 153.5308
v -105.0 -106.8361 150.108
v -114.1885 -91.0144 155.4229
v -105.0 -106.8361 150.108
v -95.8115 -100.9856 148.5771
v -114.1885 -91.0144 155.4229
v -95.8115 -100.9856 148.5771
v -95.8115 -90.1495 150.4692
v -114.1885 -91.0144 155.4229
v -95.8115 -90.1495 150.4692
v -105.0 -85.1639 153.892
v -140.0 -63.1639 27.892
v -130.8115 -68.1495 24.4692
v -130.8115 -78.9856 22.5771
v -140.0 -63.1639 27.892
v -130.8115 -78.9856 22.5771
v -140.0 -84.8361 24.108
v -140.0 -63.1639 27.892
v -140.0 -84.8361 24.108
v -149.1885 -79.8505 27.5308
v -140.0 -63.1639 27.892
v -149.1885 -79.8505 27.5308
v -149.1885 -69.0144 29.4229
v -140.0 -66.0 26.0
v -134.968 -74.0 32.2193
v -112.968 -74.0 14.4193
v -140.0 -66.0 26.0
v -112.968 -74.0 14.4193
v -118.0 -66.0 8.2
v -134.968 -74.0 32.2193
v -140.0 -82.0 26.0
v -118.0 -82.0 8.2
v -134.968 -74.0 32.2193
v -118.0 -82.0 8.2
v -112.968 -74.0 14.4193
v -140.0 -82.0 26.0
v -145.032 -74.0 19.7807
v -123.032 -74.0 1.9807
v -140.0 -82.0 26.0
v -123.032 -74.0 1.9807
v -118.0 -82.0 8.2
v -145.032 -74.0 19.7807
v -140.0 -66.0 26.0
v -118.0 -66.0 8.2
v -145.032 -74.0 19.7807
v -118.0 -66.0 8.2
v -123.032 -74.0 1.9807
v -145.032 -74.0 19.7807
v -140.0 -82.0 26.0
v -134.968 -74.0 32.2193
v -145.032 -74.0 19.7807
v -134.968 -74.0 32.2193
v -140.0 -66.0 26.0
v -118.0 -66.0 8.2
v -112.968 -74.0 14.4193
v -118.0 -82.0 8.2
v -118.0 -66.0 8.2
v -118.0 -82.0 8.2
v -123.032 -74.0 1.9807
v -53.0 33.0 127.0
v -53.0 59.0 127.0
v -53.0 59.0 161.0
v -53.0 33.0 127.0
v -53.0 59.0 161.0
v -53.0 33.0 161.0
v -87.0 33.0 127.0
v -87.0 33.0 161.0
v -87.0 59.0 161.0
v -87.0 33.0 127.0
v -87.0 59.0 161.0
v -87.0 59.0 127.0
v -87.0 59.0 127.0
v -87.0 59.0 161.0
v -53.0 59.0 161.0
v -87.0 59.0 127.0
v -53.0 59.0 161.0
v -53.0 59.0 127.0
v -87.0 33.0 127.0
v -53.0 33.0 127.0
v -53.0 33.0 161.0
v -87.0 33.0 127.0
v -53.0 33.0 161.0
v -87.0 33.0 161.0
v -87.0 33.0 161.0
v -53.0 33.0 161.0
v -53.0 59.0 161.0
v -87.0 33.0 161.0
v -53.0 59.0 161.0
v -87.0 59.0 161.0
v -87.0 33.0 127.0
v -87.0 59.0 127.0
v -53.0 59.0 127.0
v -87.0 33.0 127.0
v -53.0 59.0 127.0
v -53.0 33.0 127.0
v -82.2885 37.3981 144.0
v -75.1761 40.3159 156.8802
v -110.1761 90.3159 164.8802
v -82.2885 37.3981 144.0
v -110.1761 90.3159 164.8802
v -117.2885 87.3981 152.0
v -75.1761 40.3159 156.8802
v -62.8876 48.9179 156.8802
v -97.8876 98.9179 164.8802
v -75.1761 40.3159 156.8802
v -97.8876 98.9179 164.8802
v -110.1761 90.3159 164.8802
v -62.8876 48.9179 156.8802
v -57.7115 54.6019 144.0
v -92.7115 104.6019 152.0
v -62.8876 48.9179 156.8802
v -92.7115 104.6019 152.0
v -97.8876 98.9179 164.8802
v -57.7115 54.6019 144.0
v -64.8239 51.6841 131.1198
v -99.8239 101.6841 139.1198
v -57.7115 54.6019 144.0
v -99.8239 101.6841 139.1198
v -92.7115 104.6019 152.0
v -64.8239 51.6841 131.1198
v -77.1124 43.0821 131.1198
v -112.1124 93.0821 139.1198
v -64.8239 51.6841 131.1198
v -112.1124 93.0821 139.1198
v -99.8239 101.6841 139.1198
v -77.1124 43.0821 131.1198
v -82.2885 37.3981 144.0
v -117.2885 87.3981 152.0
v -77.1124 43.0821 131.1198
v -117.2885 87.3981 152.0
v -112.1124 93.0821 139.1198
v -77.1124 43.0821 131.1198
v -64.8239 51.6841 131.1198
v -57.7115 54.6019 144.0
v -77.1124 43.0821 131.1198
v -57.7115 54.6019 144.0
v -62.8876 48.9179 156.8802
v -77.1124 43.0821 131.1198
v -62.8876 48.9179 156.8802
v -75.1761 40.3159 156.8802
v -77.1124 43.0821 131.1198
v -75.1761 40.3159 156.8802
v -82.2885 37.3981 144.0
v -117.2885 87.3981 152.0
v -110.1761 90.3159 164.8802
v -97.8876 98.9179 164.8802
v -117.2885 87.3981 152.0
v -97.8876 98.9179 164.8802
v -92.7115 104.6019 152.0
v -117.2885 87.3981 152.0
v -92.7115 104.6019 152.0
v -99.8239 101.6841 139.1198
v -117.2885 87.3981 152.0
v -99.8239 101.6841 139.1198
v -112.1124 93.0821 139.1198
v -90.0 83.0 138.0
v -90.0 109.0 138.0
v -90.0 109.0 166.0
v -90.0 83.0 138.0
v -90.0 109.0 166.0
v -90.0 83.0 166.0
v -120.0 83.0 138.0
v -120.0 83.0 166.0
v -120.0 109.0 166.0
v -120.0 83.0 138.0
v -120.0 109.0 166.0
v -120.0 109.0 138.0
v -120.0 109.0 138.0
v -120.0 109.0 166.0
v -90.0 109.0 166.0
v -120.0 109.0 138.0
v -90.0 109.0 166.0
v -90.0 109.0 138.0
v -120.0 83.0 138.0
v -90.0 83.0 138.0
v -90.0 83.0 166.0
v -120.0 83.0 138.0
v -90.0 83.0 166.0
v -120.0 83.0 166.0
v -120.0 83.0 166.0
v -90.0 83.0 166.0
v -90.0 109.0 166.0
v -120.0 83.0 166.0
v -90.0 109.0 166.0
v -120.0 109.0 166.0
v -120.0 83.0 138.0
v -120.0 109.0 138.0
v -90.0 109.0 138.0
v -120.0 83.0 138.0
v -90.0 109.0 138.0
v -90.0 83.0 138.0
v -105.0 106.8361 150.108
v -95.8115 100.9856 148.5771
v -130.8115 78.9856 22.5771
v -105.0 106.8361 150.108
v -130.8115 78.9856 22.5771
v -140.0 84.8361 24.108
v -95.8115 100.9856 148.5771
v -95.8115 90.1495 150.4692
v -130.8115 68.1495 24.4692
v -95.8115 100.9856 148.5771
v -130.8115 68.1495 24.4692
v -130.8115 78.9856 22.5771
v -95.8115 90.1495 150.4692
v -105.0 85.1639 153.892
v -140.0 63.1639 27.892
v -95.8115 90.1495 150.4692
v -140.0 63.1639 27.892
v -130.8115 68.1495 24.4692
v -105.0 85.1639 153.892
v -114.1885 91.0144 155.4229
v -149.1885 69.0144 29.4229
v -105.0 85.1639 153.892
v -149.1885 69.0144 29.4229
v -140.0 63.1639 27.892
v -114.1885 91.0144 155.4229
v -114.1885 101.8505 153.5308
v -149.1885 79.8505 27.5308
v -114.1885 91.0144 155.4229
v -149.1885 79.8505 27.5308
v -149.1885 69.0144 29.4229
v -114.1885 101.8505 153.5308
v -105.0 106.8361 150.108
v -140.0 84.8361 24.108
v -114.1885 101.8505 153.5308
v -140.0 84.8361 24.108
v -149.1885 79.8505 27.5308
v -114.1885 101.8505 153.5308
v -114.1885 91.0144 155.4229
v -105.0 85.1639 153.892
v -114.1885 101.8505 153.5308
v -105.0 85.1639 153.892
v -95.8115 90.1495 150.4692
v -114.1885 101.8505 153.5308
v -95.8115 90.1495 150.4692
v -95.8115 100.9856 148.5771
v -114.1885 101.8505 153.5308
v -95.8115 100.9856 148.5771
v -105.0 106.8361 150.108
v -140.0 84.8361 24.108
v -130.8115 78.9856 22.5771
v -130.8115 68.1495 24.4692
v -140.0 84.8361 24.108
v -130.8115 68.1495 24.4692
v -140.0 63.1639 27.892
v -140.0 84.8361 24.108
v -140.0 63.1639 27.892
v -149.1885 69.0144 29.4229
v -140.0 84.8361 24.108
v -149.1885 69.0144 29.4229
v -149.1885 79.8505 27.5308
v -140.0 82.0 26.0
v -134.968 74.0 32.2193
v -112.968 74.0 14.4193
v -140.0 82.0 26.0
v -112.968 74.0 14.4193
v -118.0 82.0 8.2
v -134.968 74.0 32.2193
v -140.0 66.0 26.0
v -118.0 66.0 8.2
v -134.968 74.0 32.2193
v -118.0 66.0 8.2
v -112.968 74.0 14.4193
v -140.0 66.0 26.0
v -145.032 74.0 19.7807
v -123.032 74.0 1.9807
v -140.0 66.0 26.0
v -123.032 74.0 1.9807
v -118.0 66.0 8.2
v -145.032 74.0 19.7807
v -140.0 82.0 26.0
v -118.0 82.0 8.2
v -145.032 74.0 19.7807
v -118.0 82.0 8.2
v -123.032 74.0 1.9807
v -145.032 74.0 19.7807
v -140.0 66.0 26.0
v -134.968 74.0 32.2193
v -145.032 74.0 19.7807
v -134.968 74.0 32.2193
v -140.0 82.0 26.0
v -118.0 82.0 8.2
v -112.968 74.0 14.4193
v -118.0 66.0 8.2
v -118.0 82.0 8.2
v -118.0 66.0 8.2
v -123.032 74.0 1.9807
vt 0.1582 0.4014
vt 0.0806 0.4014
vt 0.0806 0.4551
vt 0.1582 0.4014
vt 0.0806 0.4551
vt 0.1582 0.4551
vt 0.001 0.4014
vt 0.001 0.4551
vt 0.0786 0.4551
vt 0.001 0.4014
vt 0.0786 0.4551
vt 0.0786 0.4014
vt 0.9019 0.4614
vt 0.9019 0.5151
vt 0.9932 0.5151
vt 0.9019 0.4614
vt 0.9932 0.5151
vt 0.9932 0.4614
vt 0.8999 0.4614
vt 0.8086 0.4614
vt 0.8086 0.5151
vt 0.8999 0.4614
vt 0.8086 0.5151
vt 0.8999 0.5151
vt 0.1836 0.7334
vt 0.2749 0.7334
vt 0.2749 0.6558
vt 0.1836 0.7334
vt 0.2749 0.6558
vt 0.1836 0.6558
vt 0.1816 0.7334
vt 0.1816 0.6558
vt 0.0903 0.6558
vt 0.1816 0.7334
vt 0.0903 0.6558
vt 0.0903 0.7334
vt 0.1387 0.0283
vt 0.1353 0.0283
vt 0.1353 0.0327
vt 0.1387 0.0283
vt 0.1353 0.0327
vt 0.1387 0.0327
vt 0.1245 0.0283
vt 0.1245 0.0327
vt 0.1279 0.0327
vt 0.1245 0.0283
vt 0.1279 0.0327
vt 0.1279 0.0283
vt 0.7563 0.0571
vt 0.7563 0.0615
vt 0.8218 0.0615
vt 0.7563 0.0571
vt 0.8218 0.0615
vt 0.8218 0.0571
vt 0.7544 0.0571
vt 0.689 0.0571
vt 0.689 0.0615
vt 0.7544 0.0571
vt 0.689 0.0615
vt 0.7544 0.0615
vt 0.5361 0.0327
vt 0.6016 0.0327
vt 0.6016 0.0293
vt 0.5361 0.0327
vt 0.6016 0.0293
vt 0.5361 0.0293
vt 0.5342 0.0327
vt 0.5342 0.0293
vt 0.4688 0.0293
vt 0.5342 0.0327
vt 0.4688 0.0293
vt 0.4688 0.0327
vt 0.1548 0.0283
vt 0.1514 0.0283
vt 0.1514 0.0327
vt 0.1548 0.0283
vt 0.1514 0.0327
vt 0.1548 0.0327
vt 0.1406 0.0283
vt 0.1406 0.0327
vt 0.144 0.0327
vt 0.1406 0.0283
vt 0.144 0.0327
vt 0.144 0.0283
vt 0.8911 0.0571
vt 0.8911 0.0615
vt 0.9565 0.0615
vt 0.8911 0.0571
vt 0.9565 0.0615
vt 0.9565 0.0571
vt 0.8892 0.0571
vt 0.8237 0.0571
vt 0.8237 0.0615
vt 0.8892 0.0571
vt 0.8237 0.0615
vt 0.8892 0.0615
vt 0.6709 0.0327
vt 0.7363 0.0327
vt 0.7363 0.0293
vt 0.6709 0.0327
vt 0.7363 0.0293
vt 0.6709 0.0293
vt 0.6689 0.0327
vt 0.6689 0.0293
vt 0.6035 0.0293
vt 0.6689 0.0327
vt 0.6035 0.0293
vt 0.6035 0.0327
vt 0.1445 0.3491
vt 0.0737 0.3491
vt 0.0737 0.3994
vt 0.1445 0.3491
vt 0.0737 0.3994
vt 0.1445 0.3994
vt 0.001 0.3491
vt 0.001 0.3994
vt 0.0718 0.3994
vt 0.001 0.3491
vt 0.0718 0.3994
vt 0.0718 0.3491
vt 0.9097 0.4048
vt 0.9097 0.4551
vt 0.9971 0.4551
vt 0.9097 0.4048
vt 0.9971 0.4551
vt 0.9971 0.4048
vt 0.9077 0.4048
vt 0.8203 0.4048
vt 0.8203 0.4551
vt 0.9077 0.4048
vt 0.8203 0.4551
vt 0.9077 0.4551
vt 0.5371 0.7334
vt 0.6245 0.7334
vt 0.6245 0.6626
vt 0.5371 0.7334
vt 0.6245 0.6626
vt 0.5371 0.6626
vt 0.5352 0.7334
vt 0.5352 0.6626
vt 0.4478 0.6626
vt 0.5352 0.7334
vt 0.4478 0.6626
vt 0.4478 0.7334
vt 0.1816 0.0283
vt 0.1782 0.0283
vt 0.1782 0.0327
vt 0.1816 0.0283
vt 0.1782 0.0327
vt 0.1816 0.0327
vt 0.1675 0.0283
vt 0.1675 0.0327
vt 0.1709 0.0327
vt 0.1675 0.0283
vt 0.1709 0.0327
vt 0.1709 0.0283
vt 0.3262 0.041
vt 0.3262 0.0454
vt 0.3877 0.0454
vt 0.3262 0.041
vt 0.3877 0.0454
vt 0.3877 0.041
vt 0.3242 0.041
vt 0.2627 0.041
vt 0.2627 0.0454
vt 0.3242 0.041
vt 0.2627 0.0454
vt 0.3242 0.0454
vt 0.0645 0.0264
vt 0.126 0.0264
vt 0.126 0.0229
vt 0.0645 0.0264
vt 0.126 0.0229
vt 0.0645 0.0229
vt 0.0625 0.0264
vt 0.0625 0.0229
vt 0.001 0.0229
vt 0.0625 0.0264
vt 0.001 0.0229
vt 0.001 0.0264
vt 0.1978 0.0283
vt 0.1943 0.0283
vt 0.1943 0.0327
vt 0.1978 0.0283
vt 0.1943 0.0327
vt 0.1978 0.0327
vt 0.1836 0.0283
vt 0.1836 0.0327
vt 0.187 0.0327
vt 0.1836 0.0283
vt 0.187 0.0327
vt 0.187 0.0283
vt 0.4531 0.041
vt 0.4531 0.0454
vt 0.5146 0.0454
vt 0.4531 0.041
vt 0.5146 0.0454
vt 0.5146 0.041
vt 0.4512 0.041
vt 0.3896 0.041
vt 0.3896 0.0454
vt 0.4512 0.041
vt 0.3896 0.0454
vt 0.4512 0.0454
vt 0.1914 0.0264
vt 0.2529 0.0264
vt 0.2529 0.0229
vt 0.1914 0.0264
vt 0.2529 0.0229
vt 0.1914 0.0229
vt 0.1895 0.0264
vt 0.1895 0.0229
vt 0.1279 0.0229
vt 0.1895 0.0264
vt 0.1279 0.0229
vt 0.1279 0.0264
vt 0.6035 0.3525
vt 0.5391 0.3525
vt 0.5391 0.3994
vt 0.6035 0.3525
vt 0.5391 0.3994
vt 0.6035 0.3994
vt 0.4727 0.3525
vt 0.4727 0.3994
vt 0.5371 0.3994
vt 0.4727 0.3525
vt 0.5371 0.3994
vt 0.5371 0.3525
vt 0.2319 0.3525
vt 0.2319 0.3994
vt 0.3154 0.3994
vt 0.2319 0.3525
vt 0.3154 0.3994
vt 0.3154 0.3525
vt 0.23 0.3525
vt 0.1465 0.3525
vt 0.1465 0.3994
vt 0.23 0.3525
vt 0.1465 0.3994
vt 0.23 0.3994
vt 0.4458 0.6494
vt 0.5293 0.6494
vt 0.5293 0.585
vt 0.4458 0.6494
vt 0.5293 0.585
vt 0.4458 0.585
vt 0.4438 0.6494
vt 0.4438 0.585
vt 0.3604 0.585
vt 0.4438 0.6494
vt 0.3604 0.585
vt 0.3604 0.6494
vt 0.2246 0.0283
vt 0.2212 0.0283
vt 0.2212 0.0327
vt 0.2246 0.0283
vt 0.2212 0.0327
vt 0.2246 0.0327
vt 0.2104 0.0283
vt 0.2104 0.0327
vt 0.2139 0.0327
vt 0.2104 0.0283
vt 0.2139 0.0327
vt 0.2139 0.0283
vt 0.8223 0.041
vt 0.8223 0.0454
vt 0.8799 0.0454
vt 0.8223 0.041
vt 0.8799 0.0454
vt 0.8799 0.041
vt 0.8203 0.041
vt 0.7627 0.041
vt 0.7627 0.0454
vt 0.8203 0.041
vt 0.7627 0.0454
vt 0.8203 0.0454
vt 0.5605 0.0264
vt 0.6182 0.0264
vt 0.6182 0.0229
vt 0.5605 0.0264
vt 0.6182 0.0229
vt 0.5605 0.0229
vt 0.5586 0.0264
vt 0.5586 0.0229
vt 0.501 0.0229
vt 0.5586 0.0264
vt 0.501 0.0229
vt 0.501 0.0264
vt 0.2407 0.0283
vt 0.2373 0.0283
vt 0.2373 0.0327
vt 0.2407 0.0283
vt 0.2373 0.0327
vt 0.2407 0.0327
vt 0.2266 0.0283
vt 0.2266 0.0327
vt 0.23 0.0327
vt 0.2266 0.0283
vt 0.23 0.0327
vt 0.23 0.0283
vt 0.9414 0.041
vt 0.9414 0.0454
vt 0.999 0.0454
vt 0.9414 0.041
vt 0.999 0.0454
vt 0.999 0.041
vt 0.9395 0.041
vt 0.8818 0.041
vt 0.8818 0.0454
vt 0.9395 0.041
vt 0.8818 0.0454
vt 0.9395 0.0454
vt 0.6797 0.0264
vt 0.7373 0.0264
vt 0.7373 0.0229
vt 0.6797 0.0264
vt 0.7373 0.0229
vt 0.6797 0.0229
vt 0.6777 0.0264
vt 0.6777 0.0229
vt 0.6201 0.0229
vt 0.6777 0.0264
vt 0.6201 0.0229
vt 0.6201 0.0264
vt 0.2812 0.3037
vt 0.2236 0.3037
vt 0.2236 0.3472
vt 0.2812 0.3037
vt 0.2236 0.3472
vt 0.2812 0.3472
vt 0.1641 0.3037
vt 0.1641 0.3472
vt 0.2217 0.3472
vt 0.1641 0.3037
vt 0.2217 0.3472
vt 0.2217 0.3037
vt 0.0825 0.3037
vt 0.0825 0.3472
vt 0.1621 0.3472
vt 0.0825 0.3037
vt 0.1621 0.3472
vt 0.1621 0.3037
vt 0.0806 0.3037
vt 0.001 0.3037
vt 0.001 0.3472
vt 0.0806 0.3037
vt 0.001 0.3472
vt 0.0806 0.3472
vt 0.2642 0.5151
vt 0.3438 0.5151
vt 0.3438 0.4575
vt 0.2642 0.5151
vt 0.3438 0.4575
vt 0.2642 0.4575
vt 0.2622 0.5151
vt 0.2622 0.4575
vt 0.1826 0.4575
vt 0.2622 0.5151
vt 0.1826 0.4575
vt 0.1826 0.5151
vt 0.2676 0.0283
vt 0.2642 0.0283
vt 0.2642 0.0327
vt 0.2676 0.0283
vt 0.2642 0.0327
vt 0.2676 0.0327
vt 0.2534 0.0283
vt 0.2534 0.0327
vt 0.2568 0.0327
vt 0.2534 0.0283
vt 0.2568 0.0327
vt 0.2568 0.0283
vt 0.2871 0.0347
vt 0.2871 0.0391
vt 0.3408 0.0391
vt 0.2871 0.0347
vt 0.3408 0.0391
vt 0.3408 0.0347
vt 0.2852 0.0347
vt 0.2314 0.0347
vt 0.2314 0.0391
vt 0.2852 0.0347
vt 0.2314 0.0391
vt 0.2852 0.0391
vt 0.0566 0.021
vt 0.1104 0.021
vt 0.1104 0.0176
vt 0.0566 0.021
vt 0.1104 0.0176
vt 0.0566 0.0176
vt 0.0547 0.021
vt 0.0547 0.0176
vt 0.001 0.0176
vt 0.0547 0.021
vt 0.001 0.0176
vt 0.001 0.021
vt 0.2837 0.0283
vt 0.2803 0.0283
vt 0.2803 0.0327
vt 0.2837 0.0283
vt 0.2803 0.0327
vt 0.2837 0.0327
vt 0.2695 0.0283
vt 0.2695 0.0327
vt 0.2729 0.0327
vt 0.2695 0.0283
vt 0.2729 0.0327
vt 0.2729 0.0283
vt 0.3984 0.0347
vt 0.3984 0.0391
vt 0.4521 0.0391
vt 0.3984 0.0347
vt 0.4521 0.0391
vt 0.4521 0.0347
vt 0.3965 0.0347
vt 0.3428 0.0347
vt 0.3428 0.0391
vt 0.3965 0.0347
vt 0.3428 0.0391
vt 0.3965 0.0391
vt 0.168 0.021
vt 0.2217 0.021
vt 0.2217 0.0176
vt 0.168 0.021
vt 0.2217 0.0176
vt 0.168 0.0176
vt 0.166 0.021
vt 0.166 0.0176
vt 0.1123 0.0176
vt 0.166 0.021
vt 0.1123 0.0176
vt 0.1123 0.021
vt 0.5957 0.2617
vt 0.5444 0.2617
vt 0.5444 0.3018
vt 0.5957 0.2617
vt 0.5444 0.3018
vt 0.5957 0.3018
vt 0.4912 0.2617
vt 0.4912 0.3018
vt 0.5425 0.3018
vt 0.4912 0.2617
vt 0.5425 0.3018
vt 0.5425 0.2617
vt 0.2749 0.2617
vt 0.2749 0.3018
vt 0.3506 0.3018
vt 0.2749 0.2617
vt 0.3506 0.3018
vt 0.3506 0.2617
vt 0.2729 0.2617
vt 0.1973 0.2617
vt 0.1973 0.3018
vt 0.2729 0.2617
vt 0.1973 0.3018
vt 0.2729 0.3018
vt 0.605 0.4551
vt 0.6807 0.4551
vt 0.6807 0.4038
vt 0.605 0.4551
vt 0.6807 0.4038
vt 0.605 0.4038
vt 0.603 0.4551
vt 0.603 0.4038
vt 0.5273 0.4038
vt 0.603 0.4551
vt 0.5273 0.4038
vt 0.5273 0.4551
vt 0.3105 0.0283
vt 0.3071 0.0283
vt 0.3071 0.0327
vt 0.3105 0.0283
vt 0.3071 0.0327
vt 0.3105 0.0327
vt 0.2964 0.0283
vt 0.2964 0.0327
vt 0.2998 0.0327
vt 0.2964 0.0283
vt 0.2998 0.0327
vt 0.2998 0.0283
vt 0.8281 0.0347
vt 0.8281 0.0391
vt 0.8779 0.0391
vt 0.8281 0.0347
vt 0.8779 0.0391
vt 0.8779 0.0347
vt 0.8262 0.0347
vt 0.7764 0.0347
vt 0.7764 0.0391
vt 0.8262 0.0347
vt 0.7764 0.0391
vt 0.8262 0.0391
vt 0.4902 0.021
vt 0.54 0.021
vt 0.54 0.0176
vt 0.4902 0.021
vt 0.54 0.0176
vt 0.4902 0.0176
vt 0.4883 0.021
vt 0.4883 0.0176
vt 0.4385 0.0176
vt 0.4883 0.021
vt 0.4385 0.0176
vt 0.4385 0.021
vt 0.3267 0.0283
vt 0.3232 0.0283
vt 0.3232 0.0327
vt 0.3267 0.0283
vt 0.3232 0.0327
vt 0.3267 0.0327
vt 0.3125 0.0283
vt 0.3125 0.0327
vt 0.3159 0.0327
vt 0.3125 0.0283
vt 0.3159 0.0327
vt 0.3159 0.0283
vt 0.9316 0.0347
vt 0.9316 0.0391
vt 0.9814 0.0391
vt 0.9316 0.0347
vt 0.9814 0.0391
vt 0.9814 0.0347
vt 0.9297 0.0347
vt 0.8799 0.0347
vt 0.8799 0.0391
vt 0.9297 0.0347
vt 0.8799 0.0391
vt 0.9297 0.0391
vt 0.5938 0.021
vt 0.6436 0.021
vt 0.6436 0.0176
vt 0.5938 0.021
vt 0.6436 0.0176
vt 0.5938 0.0176
vt 0.5918 0.021
vt 0.5918 0.0176
vt 0.542 0.0176
vt 0.5918 0.021
vt 0.542 0.0176
vt 0.542 0.021
vt 0.4893 0.2617
vt 0.4219 0.2617
vt 0.4219 0.3018
vt 0.4893 0.2617
vt 0.4219 0.3018
vt 0.4893 0.3018
vt 0.3525 0.2617
vt 0.3525 0.3018
vt 0.4199 0.3018
vt 0.3525 0.2617
vt 0.4199 0.3018
vt 0.4199 0.2617
vt 0.001 0.2617
vt 0.001 0.3018
vt 0.1953 0.3018
vt 0.001 0.2617
vt 0.1953 0.3018
vt 0.1953 0.2617
vt 0.9258 0.3071
vt 0.7314 0.3071
vt 0.7314 0.3472
vt 0.9258 0.3071
vt 0.7314 0.3472
vt 0.9258 0.3472
vt 0.001 0.6494
vt 0.1953 0.6494
vt 0.1953 0.582
vt 0.001 0.6494
vt 0.1953 0.582
vt 0.001 0.582
vt 0.8208 0.7334
vt 0.8208 0.666
vt 0.6265 0.666
vt 0.8208 0.7334
vt 0.6265 0.666
vt 0.6265 0.7334
vt 0.2295 0.521
vt 0.3299 0.5801
vt 0.3359 0.5494
vt 0.6519 0.7505
vt 0.6299 0.8647
vt 0.6738 0.8647
vt 0.4443 0.521
vt 0.3379 0.5494
vt 0.3439 0.5801
vt 0.2158 0.1611
vt 0.1123 0.1611
vt 0.1094 0.1904
vt 0.8516 0.3774
vt 0.9526 0.3994
vt 0.9526 0.3555
vt 0.001 0.1611
vt 0.1074 0.1904
vt 0.1045 0.1611
vt 0.1602 0.4272
vt 0.174 0.4551
vt 0.2176 0.4551
vt 0.1602 0.4272
vt 0.2176 0.4551
vt 0.2314 0.4272
vt 0.1602 0.4272
vt 0.2314 0.4272
vt 0.2176 0.4014
vt 0.1602 0.4272
vt 0.2176 0.4014
vt 0.174 0.4014
vt 0.1172 0.0283
vt 0.1118 0.0283
vt 0.1118 0.0327
vt 0.1172 0.0283
vt 0.1118 0.0327
vt 0.1172 0.0327
vt 0.1045 0.0283
vt 0.1045 0.0327
vt 0.1099 0.0327
vt 0.1045 0.0283
vt 0.1099 0.0327
vt 0.1099 0.0283
vt 0.6191 0.0347
vt 0.6191 0.0391
vt 0.6709 0.0391
vt 0.6191 0.0347
vt 0.6709 0.0391
vt 0.6709 0.0347
vt 0.6172 0.0347
vt 0.5654 0.0347
vt 0.5654 0.0391
vt 0.6172 0.0347
vt 0.5654 0.0391
vt 0.6172 0.0391
vt 0.5005 0.0615
vt 0.5522 0.0615
vt 0.5522 0.0562
vt 0.5005 0.0615
vt 0.5522 0.0562
vt 0.5005 0.0562
vt 0.4985 0.0615
vt 0.4985 0.0562
vt 0.4468 0.0562
vt 0.4985 0.0615
vt 0.4468 0.0562
vt 0.4468 0.0615
vt 0.6558 0.1943
vt 0.6138 0.1943
vt 0.6138 0.2241
vt 0.6558 0.1943
vt 0.6138 0.2241
vt 0.6558 0.2241
vt 0.5698 0.1943
vt 0.5698 0.2241
vt 0.6118 0.2241
vt 0.5698 0.1943
vt 0.6118 0.2241
vt 0.6118 0.1943
vt 0.4507 0.1943
vt 0.4507 0.2241
vt 0.5239 0.2241
vt 0.4507 0.1943
vt 0.5239 0.2241
vt 0.5239 0.1943
vt 0.4487 0.1943
vt 0.3755 0.1943
vt 0.3755 0.2241
vt 0.4487 0.1943
vt 0.3755 0.2241
vt 0.4487 0.2241
vt 0.541 0.3472
vt 0.6143 0.3472
vt 0.6143 0.3052
vt 0.541 0.3472
vt 0.6143 0.3052
vt 0.541 0.3052
vt 0.5391 0.3472
vt 0.5391 0.3052
vt 0.4658 0.3052
vt 0.5391 0.3472
vt 0.4658 0.3052
vt 0.4658 0.3472
vt 0.3857 0.0522
vt 0.3696 0.0522
vt 0.3696 0.0615
vt 0.3857 0.0522
vt 0.3696 0.0615
vt 0.3857 0.0615
vt 0.3516 0.0522
vt 0.3516 0.0615
vt 0.3677 0.0615
vt 0.3516 0.0522
vt 0.3677 0.0615
vt 0.3677 0.0522
vt 0.416 0.0522
vt 0.416 0.0615
vt 0.4243 0.0615
vt 0.416 0.0522
vt 0.4243 0.0615
vt 0.4243 0.0522
vt 0.4141 0.0522
vt 0.4058 0.0522
vt 0.4058 0.0615
vt 0.4141 0.0522
vt 0.4058 0.0615
vt 0.4141 0.0615
vt 0.8335 0.1035
vt 0.8418 0.1035
vt 0.8418 0.0874
vt 0.8335 0.1035
vt 0.8418 0.0874
vt 0.8335 0.0874
vt 0.8315 0.1035
vt 0.8315 0.0874
vt 0.8232 0.0874
vt 0.8315 0.1035
vt 0.8232 0.0874
vt 0.8232 0.1035
vt 0.9365 0.2681
vt 0.9106 0.2681
vt 0.9106 0.3018
vt 0.9365 0.2681
vt 0.9106 0.3018
vt 0.9365 0.3018
vt 0.8828 0.2681
vt 0.8828 0.3018
vt 0.9087 0.3018
vt 0.8828 0.2681
vt 0.9087 0.3018
vt 0.9087 0.2681
vt 0.6333 0.2681
vt 0.6333 0.3018
vt 0.667 0.3018
vt 0.6333 0.2681
vt 0.667 0.3018
vt 0.667 0.2681
vt 0.6313 0.2681
vt 0.5977 0.2681
vt 0.5977 0.3018
vt 0.6313 0.2681
vt 0.5977 0.3018
vt 0.6313 0.3018
vt 0.2036 0.1592
vt 0.2373 0.1592
vt 0.2373 0.1333
vt 0.2036 0.1592
vt 0.2373 0.1333
vt 0.2036 0.1333
vt 0.2017 0.1592
vt 0.2017 0.1333
vt 0.168 0.1333
vt 0.2017 0.1592
vt 0.168 0.1333
vt 0.168 0.1592
vt 0.6439 0.1055
vt 0.6416 0.1202
vt 0.6998 0.1294
vt 0.6439 0.1055
vt 0.6998 0.1294
vt 0.7021 0.1146
vt 0.0136 0.457
vt 0.001 0.4648
vt 0.0318 0.5151
vt 0.0136 0.457
vt 0.0318 0.5151
vt 0.0444 0.5073
vt 0.5771 0.1202
vt 0.5748 0.1055
vt 0.5166 0.1146
vt 0.5771 0.1202
vt 0.5166 0.1146
vt 0.5189 0.1294
vt 0.6396 0.1202
vt 0.6373 0.1055
vt 0.5791 0.1146
vt 0.6396 0.1202
vt 0.5791 0.1146
vt 0.5814 0.1294
vt 0.0898 0.4648
vt 0.0772 0.457
vt 0.0464 0.5073
vt 0.0898 0.4648
vt 0.0464 0.5073
vt 0.0591 0.5151
vt 0.7064 0.1055
vt 0.7041 0.1202
vt 0.7623 0.1294
vt 0.7064 0.1055
vt 0.7623 0.1294
vt 0.7646 0.1146
vt 0.5389 0.1333
vt 0.524 0.1333
vt 0.5166 0.1462
vt 0.5389 0.1333
vt 0.5166 0.1462
vt 0.524 0.1592
vt 0.5389 0.1333
vt 0.524 0.1592
vt 0.5389 0.1592
vt 0.5389 0.1333
vt 0.5389 0.1592
vt 0.5464 0.1462
vt 0.5483 0.1462
vt 0.5558 0.1592
vt 0.5707 0.1592
vt 0.5483 0.1462
vt 0.5707 0.1592
vt 0.5781 0.1462
vt 0.5483 0.1462
vt 0.5781 0.1462
vt 0.5707 0.1333
vt 0.5483 0.1462
vt 0.5707 0.1333
vt 0.5558 0.1333
vt 0.9941 0.1626
vt 0.9683 0.1626
vt 0.9683 0.1904
vt 0.9941 0.1626
vt 0.9683 0.1904
vt 0.9941 0.1904
vt 0.9404 0.1626
vt 0.9404 0.1904
vt 0.9663 0.1904
vt 0.9404 0.1626
vt 0.9663 0.1904
vt 0.9663 0.1626
vt 0.7183 0.1626
vt 0.7183 0.1904
vt 0.748 0.1904
vt 0.7183 0.1626
vt 0.748 0.1904
vt 0.748 0.1626
vt 0.7163 0.1626
vt 0.6865 0.1626
vt 0.6865 0.1904
vt 0.7163 0.1626
vt 0.6865 0.1904
vt 0.7163 0.1904
vt 0.4849 0.1592
vt 0.5146 0.1592
vt 0.5146 0.1333
vt 0.4849 0.1592
vt 0.5146 0.1333
vt 0.4849 0.1333
vt 0.4829 0.1592
vt 0.4829 0.1333
vt 0.4531 0.1333
vt 0.4829 0.1592
vt 0.4531 0.1333
vt 0.4531 0.1592
vt 0.4082 0.9977
vt 0.419 0.999
vt 0.4346 0.8695
vt 0.4082 0.9977
vt 0.4346 0.8695
vt 0.4237 0.8682
vt 0.6464 0.999
vt 0.6572 0.9971
vt 0.6339 0.8687
vt 0.6464 0.999
vt 0.6339 0.8687
vt 0.623 0.8706
vt 0.5179 0.8647
vt 0.5283 0.8616
vt 0.4909 0.7368
vt 0.5179 0.8647
vt 0.4909 0.7368
vt 0.4805 0.7399
vt 0.3954 0.999
vt 0.4062 0.9977
vt 0.3907 0.8682
vt 0.3954 0.999
vt 0.3907 0.8682
vt 0.3799 0.8695
vt 0.5869 0.9971
vt 0.5978 0.999
vt 0.6211 0.8706
vt 0.5869 0.9971
vt 0.6211 0.8706
vt 0.6102 0.8687
vt 0.4307 0.8616
vt 0.4411 0.8647
vt 0.4785 0.7399
vt 0.4307 0.8616
vt 0.4785 0.7399
vt 0.4681 0.7368
vt 0.251 0.087
vt 0.251 0.098
vt 0.2603 0.1035
vt 0.251 0.087
vt 0.2603 0.1035
vt 0.2695 0.098
vt 0.251 0.087
vt 0.2695 0.098
vt 0.2695 0.087
vt 0.251 0.087
vt 0.2695 0.087
vt 0.2603 0.0815
vt 0.2808 0.0815
vt 0.2715 0.087
vt 0.2715 0.098
vt 0.2808 0.0815
vt 0.2715 0.098
vt 0.2808 0.1035
vt 0.2808 0.0815
vt 0.2808 0.1035
vt 0.29 0.098
vt 0.2808 0.0815
vt 0.29 0.098
vt 0.29 0.087
vt 0.3057 0.183
vt 0.3142 0.1904
vt 0.333 0.1691
vt 0.3057 0.183
vt 0.333 0.1691
vt 0.3244 0.1616
vt 0.2951 0.1904
vt 0.3037 0.183
vt 0.2849 0.1616
vt 0.2951 0.1904
vt 0.2849 0.1616
vt 0.2764 0.1691
vt 0.2365 0.1904
vt 0.2451 0.183
vt 0.2264 0.1616
vt 0.2365 0.1904
vt 0.2264 0.1616
vt 0.2178 0.1691
vt 0.2471 0.183
vt 0.2557 0.1904
vt 0.2744 0.1691
vt 0.2471 0.183
vt 0.2744 0.1691
vt 0.2658 0.1616
vt 0.6868 0.0874
vt 0.6787 0.0955
vt 0.6868 0.1035
vt 0.6868 0.0874
vt 0.6868 0.1035
vt 0.6948 0.0955
vt 0.6968 0.0955
vt 0.7048 0.1035
vt 0.7129 0.0955
vt 0.6968 0.0955
vt 0.7129 0.0955
vt 0.7048 0.0874
vt 0.9922 0.2681
vt 0.9663 0.2681
vt 0.9663 0.3018
vt 0.9922 0.2681
vt 0.9663 0.3018
vt 0.9922 0.3018
vt 0.9385 0.2681
vt 0.9385 0.3018
vt 0.9644 0.3018
vt 0.9385 0.2681
vt 0.9644 0.3018
vt 0.9644 0.2681
vt 0.7046 0.2681
vt 0.7046 0.3018
vt 0.7383 0.3018
vt 0.7046 0.2681
vt 0.7383 0.3018
vt 0.7383 0.2681
vt 0.7026 0.2681
vt 0.6689 0.2681
vt 0.6689 0.3018
vt 0.7026 0.2681
vt 0.6689 0.3018
vt 0.7026 0.3018
vt 0.2749 0.1592
vt 0.3086 0.1592
vt 0.3086 0.1333
vt 0.2749 0.1592
vt 0.3086 0.1333
vt 0.2749 0.1333
vt 0.2729 0.1592
vt 0.2729 0.1333
vt 0.2393 0.1333
vt 0.2729 0.1592
vt 0.2393 0.1333
vt 0.2393 0.1592
vt 0.7689 0.1055
vt 0.7666 0.1202
vt 0.8248 0.1294
vt 0.7689 0.1055
vt 0.8248 0.1294
vt 0.8271 0.1146
vt 0.0918 0.5073
vt 0.1045 0.5151
vt 0.1353 0.4648
vt 0.0918 0.5073
vt 0.1353 0.4648
vt 0.1226 0.457
vt 0.9521 0.1202
vt 0.9498 0.1055
vt 0.8916 0.1146
vt 0.9521 0.1202
vt 0.8916 0.1146
vt 0.8939 0.1294
vt 0.0615 0.0943
vt 0.0592 0.0796
vt 0.001 0.0888
vt 0.0615 0.0943
vt 0.001 0.0888
vt 0.0033 0.1035
vt 0.168 0.5151
vt 0.1807 0.5073
vt 0.1499 0.457
vt 0.168 0.5151
vt 0.1499 0.457
vt 0.1372 0.4648
vt 0.8314 0.1055
vt 0.8291 0.1202
vt 0.8873 0.1294
vt 0.8314 0.1055
vt 0.8873 0.1294
vt 0.8896 0.1146
vt 0.6659 0.1333
vt 0.651 0.1333
vt 0.6436 0.1462
vt 0.6659 0.1333
vt 0.6436 0.1462
vt 0.651 0.1592
vt 0.6659 0.1333
vt 0.651 0.1592
vt 0.6659 0.1592
vt 0.6659 0.1333
vt 0.6659 0.1592
vt 0.6733 0.1462
vt 0.6753 0.1462
vt 0.6827 0.1592
vt 0.6976 0.1592
vt 0.6753 0.1462
vt 0.6976 0.1592
vt 0.7051 0.1462
vt 0.6753 0.1462
vt 0.7051 0.1462
vt 0.6976 0.1333
vt 0.6753 0.1462
vt 0.6976 0.1333
vt 0.6827 0.1333
vt 0.0547 0.1313
vt 0.0288 0.1313
vt 0.0288 0.1592
vt 0.0547 0.1313
vt 0.0288 0.1592
vt 0.0547 0.1592
vt 0.001 0.1313
vt 0.001 0.1592
vt 0.0269 0.1592
vt 0.001 0.1313
vt 0.0269 0.1592
vt 0.0269 0.1313
vt 0.7817 0.1626
vt 0.7817 0.1904
vt 0.8115 0.1904
vt 0.7817 0.1626
vt 0.8115 0.1904
vt 0.8115 0.1626
vt 0.7798 0.1626
vt 0.75 0.1626
vt 0.75 0.1904
vt 0.7798 0.1626
vt 0.75 0.1904
vt 0.7798 0.1904
vt 0.6118 0.1592
vt 0.6416 0.1592
vt 0.6416 0.1333
vt 0.6118 0.1592
vt 0.6416 0.1333
vt 0.6118 0.1333
vt 0.6099 0.1592
vt 0.6099 0.1333
vt 0.5801 0.1333
vt 0.6099 0.1592
vt 0.5801 0.1333
vt 0.5801 0.1592
vt 0.5801 0.8616
vt 0.5905 0.8647
vt 0.6279 0.7399
vt 0.5801 0.8616
vt 0.6279 0.7399
vt 0.6175 0.7368
vt 0.6953 0.9971
vt 0.7062 0.999
vt 0.7295 0.8706
vt 0.6953 0.9971
vt 0.7295 0.8706
vt 0.7186 0.8687
vt 0.4804 0.999
vt 0.4912 0.9977
vt 0.4757 0.8682
vt 0.4804 0.999
vt 0.4757 0.8682
vt 0.4648 0.8695
vt 0.5677 0.8647
vt 0.5781 0.8616
vt 0.5407 0.7368
vt 0.5677 0.8647
vt 0.5407 0.7368
vt 0.5303 0.7399
vt 0.6825 0.999
vt 0.6934 0.9971
vt 0.67 0.8687
vt 0.6825 0.999
vt 0.67 0.8687
vt 0.6592 0.8706
vt 0.4365 0.9977
vt 0.4473 0.999
vt 0.4629 0.8695
vt 0.4365 0.9977
vt 0.4629 0.8695
vt 0.4521 0.8682
vt 0.292 0.087
vt 0.292 0.098
vt 0.3013 0.1035
vt 0.292 0.087
vt 0.3013 0.1035
vt 0.3105 0.098
vt 0.292 0.087
vt 0.3105 0.098
vt 0.3105 0.087
vt 0.292 0.087
vt 0.3105 0.087
vt 0.3013 0.0815
vt 0.3218 0.0815
vt 0.3125 0.087
vt 0.3125 0.098
vt 0.3218 0.0815
vt 0.3125 0.098
vt 0.3218 0.1035
vt 0.3218 0.0815
vt 0.3218 0.1035
vt 0.3311 0.098
vt 0.3218 0.0815
vt 0.3311 0.098
vt 0.3311 0.087
vt 0.4229 0.183
vt 0.4314 0.1904
vt 0.4502 0.1691
vt 0.4229 0.183
vt 0.4502 0.1691
vt 0.4416 0.1616
vt 0.4123 0.1904
vt 0.4209 0.183
vt 0.4021 0.1616
vt 0.4123 0.1904
vt 0.4021 0.1616
vt 0.3936 0.1691
vt 0.3537 0.1904
vt 0.3623 0.183
vt 0.3435 0.1616
vt 0.3537 0.1904
vt 0.3435 0.1616
vt 0.335 0.1691
vt 0.3643 0.183
vt 0.3728 0.1904
vt 0.3916 0.1691
vt 0.3643 0.183
vt 0.3916 0.1691
vt 0.383 0.1616
vt 0.7229 0.0874
vt 0.7148 0.0955
vt 0.7229 0.1035
vt 0.7229 0.0874
vt 0.7229 0.1035
vt 0.731 0.0955
vt 0.7329 0.0955
vt 0.741 0.1035
vt 0.749 0.0955
vt 0.7329 0.0955
vt 0.749 0.0955
vt 0.741 0.0874
vt 0.0547 0.2261
vt 0.0288 0.2261
vt 0.0288 0.2598
vt 0.0547 0.2261
vt 0.0288 0.2598
vt 0.0547 0.2598
vt 0.001 0.2261
vt 0.001 0.2598
vt 0.0269 0.2598
vt 0.001 0.2261
vt 0.0269 0.2598
vt 0.0269 0.2261
vt 0.7759 0.2681
vt 0.7759 0.3018
vt 0.8096 0.3018
vt 0.7759 0.2681
vt 0.8096 0.3018
vt 0.8096 0.2681
vt 0.7739 0.2681
vt 0.7402 0.2681
vt 0.7402 0.3018
vt 0.7739 0.2681
vt 0.7402 0.3018
vt 0.7739 0.3018
vt 0.3462 0.1592
vt 0.3799 0.1592
vt 0.3799 0.1333
vt 0.3462 0.1592
vt 0.3799 0.1333
vt 0.3462 0.1333
vt 0.3442 0.1592
vt 0.3442 0.1333
vt 0.3105 0.1333
vt 0.3442 0.1592
vt 0.3105 0.1333
vt 0.3105 0.1592
vt 0.1966 0.1055
vt 0.1943 0.1202
vt 0.2546 0.1294
vt 0.1966 0.1055
vt 0.2546 0.1294
vt 0.2568 0.1146
vt 0.8887 0.53
vt 0.8765 0.5215
vt 0.8418 0.5716
vt 0.8887 0.53
vt 0.8418 0.5716
vt 0.854 0.5801
vt 0.1279 0.1202
vt 0.1257 0.1055
vt 0.0654 0.1146
vt 0.1279 0.1202
vt 0.0654 0.1146
vt 0.0677 0.1294
vt 0.0635 0.1202
vt 0.0613 0.1055
vt 0.001 0.1146
vt 0.0635 0.1202
vt 0.001 0.1146
vt 0.0032 0.1294
vt 0.8051 0.5215
vt 0.793 0.53
vt 0.8277 0.5801
vt 0.8051 0.5215
vt 0.8277 0.5801
vt 0.8398 0.5716
vt 0.1321 0.1055
vt 0.1299 0.1202
vt 0.1902 0.1294
vt 0.1321 0.1055
vt 0.1902 0.1294
vt 0.1924 0.1146
vt 0.8246 0.1333
vt 0.8097 0.1333
vt 0.8022 0.1462
vt 0.8246 0.1333
vt 0.8022 0.1462
vt 0.8097 0.1592
vt 0.8246 0.1333
vt 0.8097 0.1592
vt 0.8246 0.1592
vt 0.8246 0.1333
vt 0.8246 0.1592
vt 0.832 0.1462
vt 0.7705 0.1462
vt 0.778 0.1592
vt 0.7928 0.1592
vt 0.7705 0.1462
vt 0.7928 0.1592
vt 0.8003 0.1462
vt 0.7705 0.1462
vt 0.8003 0.1462
vt 0.7928 0.1333
vt 0.7705 0.1462
vt 0.7928 0.1333
vt 0.778 0.1333
vt 0.1104 0.1313
vt 0.0845 0.1313
vt 0.0845 0.1592
vt 0.1104 0.1313
vt 0.0845 0.1592
vt 0.1104 0.1592
vt 0.0566 0.1313
vt 0.0566 0.1592
vt 0.0825 0.1592
vt 0.0566 0.1313
vt 0.0825 0.1592
vt 0.0825 0.1313
vt 0.8452 0.1626
vt 0.8452 0.1904
vt 0.875 0.1904
vt 0.8452 0.1626
vt 0.875 0.1904
vt 0.875 0.1626
vt 0.8433 0.1626
vt 0.8135 0.1626
vt 0.8135 0.1904
vt 0.8433 0.1626
vt 0.8135 0.1904
vt 0.8433 0.1904
vt 0.7388 0.1592
vt 0.7686 0.1592
vt 0.7686 0.1333
vt 0.7388 0.1592
vt 0.7686 0.1333
vt 0.7388 0.1333
vt 0.7368 0.1592
vt 0.7368 0.1333
vt 0.707 0.1333
vt 0.7368 0.1592
vt 0.707 0.1333
vt 0.707 0.1592
vt 0.3119 0.8647
vt 0.3223 0.8613
vt 0.2814 0.7363
vt 0.3119 0.8647
vt 0.2814 0.7363
vt 0.271 0.7397
vt 0.2949 0.999
vt 0.3057 0.9971
vt 0.2822 0.8677
vt 0.2949 0.999
vt 0.2822 0.8677
vt 0.2715 0.8696
vt 0.1387 0.9974
vt 0.1496 0.999
vt 0.1689 0.8688
vt 0.1387 0.9974
vt 0.1689 0.8688
vt 0.158 0.8672
vt 0.2178 0.8613
vt 0.2281 0.8647
vt 0.269 0.7397
vt 0.2178 0.8613
vt 0.269 0.7397
vt 0.2587 0.7363
vt 0.2354 0.9971
vt 0.2461 0.999
vt 0.2695 0.8696
vt 0.2354 0.9971
vt 0.2695 0.8696
vt 0.2588 0.8677
vt 0.1258 0.999
vt 0.1367 0.9974
vt 0.1174 0.8672
vt 0.1258 0.999
vt 0.1174 0.8672
vt 0.1064 0.8688
vt 0.3535 0.087
vt 0.3535 0.098
vt 0.3628 0.1035
vt 0.3535 0.087
vt 0.3628 0.1035
vt 0.3721 0.098
vt 0.3535 0.087
vt 0.3721 0.098
vt 0.3721 0.087
vt 0.3535 0.087
vt 0.3721 0.087
vt 0.3628 0.0815
vt 0.3423 0.0815
vt 0.333 0.087
vt 0.333 0.098
vt 0.3423 0.0815
vt 0.333 0.098
vt 0.3423 0.1035
vt 0.3423 0.0815
vt 0.3423 0.1035
vt 0.3516 0.098
vt 0.3423 0.0815
vt 0.3516 0.098
vt 0.3516 0.087
vt 0.54 0.183
vt 0.5486 0.1904
vt 0.5674 0.1691
vt 0.54 0.183
vt 0.5674 0.1691
vt 0.5588 0.1616
vt 0.5295 0.1904
vt 0.5381 0.183
vt 0.5193 0.1616
vt 0.5295 0.1904
vt 0.5193 0.1616
vt 0.5107 0.1691
vt 0.4709 0.1904
vt 0.4795 0.183
vt 0.4607 0.1616
vt 0.4709 0.1904
vt 0.4607 0.1616
vt 0.4521 0.1691
vt 0.4814 0.183
vt 0.49 0.1904
vt 0.5088 0.1691
vt 0.4814 0.183
vt 0.5088 0.1691
vt 0.5002 0.1616
vt 0.759 0.0874
vt 0.751 0.0955
vt 0.759 0.1035
vt 0.759 0.0874
vt 0.759 0.1035
vt 0.7671 0.0955
vt 0.769 0.0955
vt 0.7771 0.1035
vt 0.7852 0.0955
vt 0.769 0.0955
vt 0.7852 0.0955
vt 0.7771 0.0874
vt 0.1104 0.2261
vt 0.0845 0.2261
vt 0.0845 0.2598
vt 0.1104 0.2261
vt 0.0845 0.2598
vt 0.1104 0.2598
vt 0.0566 0.2261
vt 0.0566 0.2598
vt 0.0825 0.2598
vt 0.0566 0.2261
vt 0.0825 0.2598
vt 0.0825 0.2261
vt 0.8472 0.2681
vt 0.8472 0.3018
vt 0.8809 0.3018
vt 0.8472 0.2681
vt 0.8809 0.3018
vt 0.8809 0.2681
vt 0.8452 0.2681
vt 0.8115 0.2681
vt 0.8115 0.3018
vt 0.8452 0.2681
vt 0.8115 0.3018
vt 0.8452 0.3018
vt 0.4175 0.1592
vt 0.4512 0.1592
vt 0.4512 0.1333
vt 0.4175 0.1592
vt 0.4512 0.1333
vt 0.4175 0.1333
vt 0.4155 0.1592
vt 0.4155 0.1333
vt 0.3818 0.1333
vt 0.4155 0.1592
vt 0.3818 0.1333
vt 0.3818 0.1592
vt 0.3255 0.1055
vt 0.3232 0.1202
vt 0.3835 0.1294
vt 0.3255 0.1055
vt 0.3835 0.1294
vt 0.3857 0.1146
vt 0.9741 0.5801
vt 0.9863 0.5716
vt 0.9516 0.5215
vt 0.9741 0.5801
vt 0.9516 0.5215
vt 0.9395 0.53
vt 0.5146 0.1202
vt 0.5124 0.1055
vt 0.4521 0.1146
vt 0.5146 0.1202
vt 0.4521 0.1146
vt 0.4544 0.1294
vt 0.4502 0.1202
vt 0.448 0.1055
vt 0.3877 0.1146
vt 0.4502 0.1202
vt 0.3877 0.1146
vt 0.3899 0.1294
vt 0.8906 0.5716
vt 0.9028 0.5801
vt 0.9375 0.53
vt 0.8906 0.5716
vt 0.9375 0.53
vt 0.9253 0.5215
vt 0.261 0.1055
vt 0.2588 0.1202
vt 0.3191 0.1294
vt 0.261 0.1055
vt 0.3191 0.1294
vt 0.3213 0.1146
vt 0.9515 0.1333
vt 0.9366 0.1333
vt 0.9292 0.1462
vt 0.9515 0.1333
vt 0.9292 0.1462
vt 0.9366 0.1592
vt 0.9515 0.1333
vt 0.9366 0.1592
vt 0.9515 0.1592
vt 0.9515 0.1333
vt 0.9515 0.1592
vt 0.959 0.1462
vt 0.8975 0.1462
vt 0.9049 0.1592
vt 0.9198 0.1592
vt 0.8975 0.1462
vt 0.9198 0.1592
vt 0.9272 0.1462
vt 0.8975 0.1462
vt 0.9272 0.1462
vt 0.9198 0.1333
vt 0.8975 0.1462
vt 0.9198 0.1333
vt 0.9049 0.1333
vt 0.166 0.1313
vt 0.1401 0.1313
vt 0.1401 0.1592
vt 0.166 0.1313
vt 0.1401 0.1592
vt 0.166 0.1592
vt 0.1123 0.1313
vt 0.1123 0.1592
vt 0.1382 0.1592
vt 0.1123 0.1313
vt 0.1382 0.1592
vt 0.1382 0.1313
vt 0.9087 0.1626
vt 0.9087 0.1904
vt 0.9385 0.1904
vt 0.9087 0.1626
vt 0.9385 0.1904
vt 0.9385 0.1626
vt 0.9067 0.1626
vt 0.877 0.1626
vt 0.877 0.1904
vt 0.9067 0.1626
vt 0.877 0.1904
vt 0.9067 0.1904
vt 0.8657 0.1592
vt 0.8955 0.1592
vt 0.8955 0.1333
vt 0.8657 0.1592
vt 0.8955 0.1333
vt 0.8657 0.1333
vt 0.8638 0.1592
vt 0.8638 0.1333
vt 0.834 0.1333
vt 0.8638 0.1592
vt 0.834 0.1333
vt 0.834 0.1592
vt 0.2225 0.999
vt 0.2334 0.9974
vt 0.2141 0.8672
vt 0.2225 0.999
vt 0.2141 0.8672
vt 0.2031 0.8688
vt 0.3438 0.9971
vt 0.3545 0.999
vt 0.3779 0.8696
vt 0.3438 0.9971
vt 0.3779 0.8696
vt 0.3672 0.8677
vt 0.3774 0.8613
vt 0.3878 0.8647
vt 0.4287 0.7397
vt 0.3774 0.8613
vt 0.4287 0.7397
vt 0.4183 0.7363
vt 0.1709 0.9974
vt 0.1818 0.999
vt 0.2012 0.8688
vt 0.1709 0.9974
vt 0.2012 0.8688
vt 0.1902 0.8672
vt 0.3311 0.999
vt 0.3418 0.9971
vt 0.3184 0.8677
vt 0.3311 0.999
vt 0.3184 0.8677
vt 0.3076 0.8696
vt 0.3651 0.8647
vt 0.3755 0.8613
vt 0.3346 0.7363
vt 0.3651 0.8647
vt 0.3346 0.7363
vt 0.3242 0.7397
vt 0.3945 0.087
vt 0.3945 0.098
vt 0.4038 0.1035
vt 0.3945 0.087
vt 0.4038 0.1035
vt 0.4131 0.098
vt 0.3945 0.087
vt 0.4131 0.098
vt 0.4131 0.087
vt 0.3945 0.087
vt 0.4131 0.087
vt 0.4038 0.0815
vt 0.3833 0.0815
vt 0.374 0.087
vt 0.374 0.098
vt 0.3833 0.0815
vt 0.374 0.098
vt 0.3833 0.1035
vt 0.3833 0.0815
vt 0.3833 0.1035
vt 0.3926 0.098
vt 0.3833 0.0815
vt 0.3926 0.098
vt 0.3926 0.087
vt 0.6572 0.183
vt 0.6658 0.1904
vt 0.6846 0.1691
vt 0.6572 0.183
vt 0.6846 0.1691
vt 0.676 0.1616
vt 0.6467 0.1904
vt 0.6553 0.183
vt 0.6365 0.1616
vt 0.6467 0.1904
vt 0.6365 0.1616
vt 0.6279 0.1691
vt 0.5881 0.1904
vt 0.5967 0.183
vt 0.5779 0.1616
vt 0.5881 0.1904
vt 0.5779 0.1616
vt 0.5693 0.1691
vt 0.5986 0.183
vt 0.6072 0.1904
vt 0.626 0.1691
vt 0.5986 0.183
vt 0.626 0.1691
vt 0.6174 0.1616
vt 0.7952 0.0874
vt 0.7871 0.0955
vt 0.7952 0.1035
vt 0.7952 0.0874
vt 0.7952 0.1035
vt 0.8032 0.0955
vt 0.8052 0.0955
vt 0.8132 0.1035
vt 0.8213 0.0955
vt 0.8052 0.0955
vt 0.8213 0.0955
vt 0.8132 0.0874
vn 1.0 0.0 0.0
vn 1.0 0.0 0.0
vn 1.0 0.0 0.0
vn 1.0 0.0 0.0
vn 1.0 0.0 0.0
vn 1.0 0.0 0.0
vn -1.0 0.0 0.0
vn -1.0 0.0 0.0
vn -1.0 0.0 0.0
vn -1.0 0.0 0.0
vn -1.0 0.0 0.0
vn -1.0 0.0 0.0
vn 0.0 1.0 0.0
vn 0.0 1.0 0.0
vn 0.0 1.0 0.0
vn 0.0 1.0 0.0
vn 0.0 1.0 0.0
vn 0.0 1.0 0.0
vn 0.0 -1.0 0.0
vn 0.0 -1.0 0.0
vn 0.0 -1.0 0.0
vn 0.0 -1.0 0.0
vn 0.0 -1.0 0.0
vn 0.0 -1.0 0.0
vn 0.0 0.0 1.0
vn 0.0 0.0 1.0
vn 0.0 0.0 1.0
vn 0.0 0.0 1.0
vn 0.0 0.0 1.0
vn 0.0 0.0 1.0
vn 0.0 0.0 -1.0
vn 0.0 0.0 -1.0
vn 0.0 0.0 -1.0
vn 0.0 0.0 -1.0
vn 0.0 0.0 -1.0
vn 0.0 0.0 -1.0
vn 1.0 0.0 0.0
vn 1.0 0.0 0.0
vn 1.0 0.0 0.0
vn 1.0 0.0 0.0
vn 1.0 0.0 0.0
vn 1.0 0.0 0.0
vn -1.0 0.0 0.0
vn -1.0 0.0 0.0
vn -1.0 0.0 0.0
vn -1.0 0.0 0.0
vn -1.0 0.0 0.0
vn -1.0 0.0 0.0
vn 0.0 1.0 0.0
vn 0.0 1.0 0.0
vn 0.0 1.0 0.0
vn 0.0 1.0 0.0
vn 0.0 1.0 0.0
vn 0.0 1.0 0.0
vn 0.0 -1.0 0.0
vn 0.0 -1.0 0.0
vn 0.0 -1.0 0.0
vn 0.0 -1.0 0.0
vn 0.0 -1.0 0.0
vn 0.0 -1.0 0.0
vn 0.0 0.0 1.0
vn 0.0 0.0 1.0
vn 0.0 0.0 1.0
vn 0.0 0.0 1.0
vn 0.0 0.0 1.0
vn 0.0 0.0 1.0
vn 0.0 0.0 -1.0
vn 0.0 0.0 -1.0
vn 0.0 0.0 -1.0
vn 0.0 0.0 -1.0
vn 0.0 0.0 -1.0
vn 0.0 0.0 -1.0
vn 1.0 0.0 0.0
vn 1.0 0.0 0.0
vn 1.0 0.0 0.0
vn 1.0 0.0 0.0
vn 1.0 0.0 0.0
vn 1.0 0.0 0.0
vn -1.0 0.0 0.0
vn -1.0 0.0 0.0
vn -1.0 0.0 0.0
vn -1.0 0.0 0.0
vn -1.0 0.0 0.0
vn -1.0 0.0 0.0
vn 0.0 1.0 0.0
vn 0.0 1.0 0.0
vn 0.0 1.0 0.0
vn 0.0 1.0 0.0
vn 0.0 1.0 0.0
vn 0.0 1.0 0.0
vn 0.0 -1.0 0.0
vn 0.0 -1.0 0.0
vn 0.0 -1.0 0.0
vn 0.0 -1.0 0.0
vn 0.0 -1.0 0.0
vn 0.0 -1.0 0.0
vn 0.0 0.0 1.0
vn 0.0 0.0 1.0
vn 0.0 0.0 1.0
vn 0.0 0.0 1.0
vn 0.0 0.0 1.0
vn 0.0 0.0 1.0
vn 0.0 0.0 -1.0
vn 0.0 0.0 -1.0
vn 0.0 0.0 -1.0
vn 0.0 0.0 -1.0
vn 0.0 0.0 -1.0
vn 0.0 0.0 -1.0
vn 1.0 0.0 0.0
vn 1.0 0.0 0.0
vn 1.0 0.0 0.0
vn 1.0 0.0 0.0
vn 1.0 0.0 0.0
vn 1.0 0.0 0.0
vn -1.0 0.0 0.0
vn -1.0 0.0 0.0
vn -1.0 0.0 0.0
vn -1.0 0.0 0.0
vn -1.0 0.0 0.0
vn -1.0 0.0 0.0
vn 0.0 1.0 0.0
vn 0.0 1.0 0.0
vn 0.0 1.0 0.0
vn 0.0 1.0 0.0
vn 0.0 1.0 0.0
vn 0.0 1.0 0.0
vn 0.0 -1.0 0.0
vn 0.0 -1.0 0.0
vn 0.0 -1.0 0.0
vn 0.0 -1.0 0.0
vn 0.0 -1.0 0.0
vn 0.0 -1.0 0.0
vn 0.0 0.0 1.0
vn 0.0 0.0 1.0
vn 0.0 0.0 1.0
vn 0.0 0.0 1.0
vn 0.0 0.0 1.0
vn 0.0 0.0 1.0
vn 0.0 0.0 -1.0
vn 0.0 0.0 -1.0
vn 0.0 0.0 -1.0
vn 0.0 0.0 -1.0
vn 0.0 0.0 -1.0
vn 0.0 0.0 -1.0
vn 1.0 0.0 0.0
vn 1.0 0.0 0.0
vn 1.0 0.0 0.0
vn 1.0 0.0 0.0
vn 1.0 0.0 0.0
vn 1.0 0.0 0.0
vn -1.0 0.0 0.0
vn -1.0 0.0 0.0
vn -1.0 0.0 0.0
vn -1.0 0.0 0.0
vn -1.0 0.0 0.0
vn -1.0 0.0 0.0
vn 0.0 1.0 0.0
vn 0.0 1.0 0.0
vn 0.0 1.0 0.0
vn 0.0 1.0 0.0
vn 0.0 1.0 0.0
vn 0.0 1.0 0.0
vn 0.0 -1.0 0.0
vn 0.0 -1.0 0.0
vn 0.0 -1.0 0.0
vn 0.0 -1.0 0.0
vn 0.0 -1.0 0.0
vn 0.0 -1.0 0.0
vn 0.0 0.0 1.0
vn 0.0 0.0 1.0
vn 0.0 0.0 1.0
vn 0.0 0.0 1.0
vn 0.0 0.0 1.0
vn 0.0 0.0 1.0
vn 0.0 0.0 -1.0
vn 0.0 0.0 -1.0
vn 0.0 0.0 -1.0
vn 0.0 0.0 -1.0
vn 0.0 0.0 -1.0
vn 0.0 0.0 -1.0
vn 1.0 0.0 0.0
vn 1.0 0.0 0.0
vn 1.0 0.0 0.0
vn 1.0 0.0 0.0
vn 1.0 0.0 0.0
vn 1.0 0.0 0.0
vn -1.0 0.0 0.0
vn -1.0 0.0 0.0
vn -1.0 0.0 0.0
vn -1.0 0.0 0.0
vn -1.0 0.0 0.0
vn -1.0 0.0 0.0
vn 0.0 1.0 0.0
vn 0.0 1.0 0.0
vn 0.0 1.0 0.0
vn 0.0 1.0 0.0
vn 0.0 1.0 0.0
vn 0.0 1.0 0.0
vn 0.0 -1.0 0.0
vn 0.0 -1.0 0.0
vn 0.0 -1.0 0.0
vn 0.0 -1.0 0.0
vn 0.0 -1.0 0.0
vn 0.0 -1.0 0.0
vn 0.0 0.0 1.0
vn 0.0 0.0 1.0
vn 0.0 0.0 1.0
vn 0.0 0.0 1.0
vn 0.0 0.0 1.0
vn 0.0 0.0 1.0
vn 0.0 0.0 -1.0
vn 0.0 0.0 -1.0
vn 0.0 0.0 -1.0
vn 0.0 0.0 -1.0
vn 0.0 0.0 -1.0
vn 0.0 0.0 -1.0
vn 1.0 0.0 0.0
vn 1.0 0.0 0.0
vn 1.0 0.0 0.0
vn 1.0 0.0 0.0
vn 1.0 0.0 0.0
vn 1.0 0.0 0.0
vn -1.0 0.0 0.0
vn -1.0 0.0 0.0
vn -1.0 0.0 0.0
vn -1.0 0.0 0.0
vn -1.0 0.0 0.0
vn -1.0 0.0 0.0
vn 0.0 1.0 0.0
vn 0.0 1.0 0.0
vn 0.0 1.0 0.0
vn 0.0 1.0 0.0
vn 0.0 1.0 0.0
vn 0.0 1.0 0.0
vn 0.0 -1.0 0.0
vn 0.0 -1.0 0.0
vn 0.0 -1.0 0.0
vn 0.0 -1.0 0.0
vn 0.0 -1.0 0.0
vn 0.0 -1.0 0.0
vn 0.0 0.0 1.0
vn 0.0 0.0 1.0
vn 0.0 0.0 1.0
vn 0.0 0.0 1.0
vn 0.0 0.0 1.0
vn 0.0 0.0 1.0
vn 0.0 0.0 -1.0
vn 0.0 0.0 -1.0
vn 0.0 0.0 -1.0
vn 0.0 0.0 -1.0
vn 0.0 0.0 -1.0
vn 0.0 0.0 -1.0
vn 1.0 0.0 0.0
vn 1.0 0.0 0.0
vn 1.0 0.0 0.0
vn 1.0 0.0 0.0
vn 1.0 0.0 0.0
vn 1.0 0.0 0.0
vn -1.0 0.0 0.0
vn -1.0 0.0 0.0
vn -1.0 0.0 0.0
vn -1.0 0.0 0.0
vn -1.0 0.0 0.0
vn -1.0 0.0 0.0
vn 0.0 1.0 0.0
vn 0.0 1.0 0.0
vn 0.0 1.0 0.0
vn 0.0 1.0 0.0
vn 0.0 1.0 0.0
vn 0.0 1.0 0.0
vn 0.0 -1.0 0.0
vn 0.0 -1.0 0.0
vn 0.0 -1.0 0.0
vn 0.0 -1.0 0.0
vn 0.0 -1.0 0.0
vn 0.0 -1.0 0.0
vn 0.0 0.0 1.0
vn 0.0 0.0 1.0
vn 0.0 0.0 1.0
vn 0.0 0.0 1.0
vn 0.0 0.0 1.0
vn 0.0 0.0 1.0
vn 0.0 0.0 -1.0
vn 0.0 0.0 -1.0
vn 0.0 0.0 -1.0
vn 0.0 0.0 -1.0
vn 0.0 0.0 -1.0
vn 0.0 0.0 -1.0
vn 1.0 0.0 0.0
vn 1.0 0.0 0.0
vn 1.0 0.0 0.0
vn 1.0 0.0 0.0
vn 1.0 0.0 0.0
vn 1.0 0.0 0.0
vn -1.0 0.0 0.0
vn -1.0 0.0 0.0
vn -1.0 0.0 0.0
vn -1.0 0.0 0.0
vn -1.0 0.0 0.0
vn -1.0 0.0 0.0
vn 0.0 1.0 0.0
vn 0.0 1.0 0.0
vn 0.0 1.0 0.0
vn 0.0 1.0 0.0
vn 0.0 1.0 0.0
vn 0.0 1.0 0.0
vn 0.0 -1.0 0.0
vn 0.0 -1.0 0.0
vn 0.0 -1.0 0.0
vn 0.0 -1.0 0.0
vn 0.0 -1.0 0.0
vn 0.0 -1.0 0.0
vn 0.0 0.0 1.0
vn 0.0 0.0 1.0
vn 0.0 0.0 1.0
vn 0.0 0.0 1.0
vn 0.0 0.0 1.0
vn 0.0 0.0 1.0
vn 0.0 0.0 -1.0
vn 0.0 0.0 -1.0
vn 0.0 0.0 -1.0
vn 0.0 0.0 -1.0
vn 0.0 0.0 -1.0
vn 0.0 0.0 -1.0
vn 1.0 0.0 0.0
vn 1.0 0.0 0.0
vn 1.0 0.0 0.0
vn 1.0 0.0 0.0
vn 1.0 0.0 0.0
vn 1.0 0.0 0.0
vn -1.0 0.0 0.0
vn -1.0 0.0 0.0
vn -1.0 0.0 0.0
vn -1.0 0.0 0.0
vn -1.0 0.0 0.0
vn -1.0 0.0 0.0
vn 0.0 1.0 0.0
vn 0.0 1.0 0.0
vn 0.0 1.0 0.0
vn 0.0 1.0 0.0
vn 0.0 1.0 0.0
vn 0.0 1.0 0.0
vn 0.0 -1.0 0.0
vn 0.0 -1.0 0.0
vn 0.0 -1.0 0.0
vn 0.0 -1.0 0.0
vn 0.0 -1.0 0.0
vn 0.0 -1.0 0.0
vn 0.0 0.0 1.0
vn 0.0 0.0 1.0
vn 0.0 0.0 1.0
vn 0.0 0.0 1.0
vn 0.0 0.0 1.0
vn 0.0 0.0 1.0
vn 0.0 0.0 -1.0
vn 0.0 0.0 -1.0
vn 0.0 0.0 -1.0
vn 0.0 0.0 -1.0
vn 0.0 0.0 -1.0
vn 0.0 0.0 -1.0
vn 1.0 0.0 0.0
vn 1.0 0.0 0.0
vn 1.0 0.0 0.0
vn 1.0 0.0 0.0
vn 1.0 0.0 0.0
vn 1.0 0.0 0.0
vn -1.0 0.0 0.0
vn -1.0 0.0 0.0
vn -1.0 0.0 0.0
vn -1.0 0.0 0.0
vn -1.0 0.0 0.0
vn -1.0 0.0 0.0
vn 0.0 1.0 0.0
vn 0.0 1.0 0.0
vn 0.0 1.0 0.0
vn 0.0 1.0 0.0
vn 0.0 1.0 0.0
vn 0.0 1.0 0.0
vn 0.0 -1.0 0.0
vn 0.0 -1.0 0.0
vn 0.0 -1.0 0.0
vn 0.0 -1.0 0.0
vn 0.0 -1.0 0.0
vn 0.0 -1.0 0.0
vn 0.0 0.0 1.0
vn 0.0 0.0 1.0
vn 0.0 0.0 1.0
vn 0.0 0.0 1.0
vn 0.0 0.0 1.0
vn 0.0 0.0 1.0
vn 0.0 0.0 -1.0
vn 0.0 0.0 -1.0
vn 0.0 0.0 -1.0
vn 0.0 0.0 -1.0
vn 0.0 0.0 -1.0
vn 0.0 0.0 -1.0
vn 1.0 0.0 0.0
vn 1.0 0.0 0.0
vn 1.0 0.0 0.0
vn 1.0 0.0 0.0
vn 1.0 0.0 0.0
vn 1.0 0.0 0.0
vn -1.0 0.0 0.0
vn -1.0 0.0 0.0
vn -1.0 0.0 0.0
vn -1.0 0.0 0.0
vn -1.0 0.0 0.0
vn -1.0 0.0 0.0
vn 0.0 1.0 0.0
vn 0.0 1.0 0.0
vn 0.0 1.0 0.0
vn 0.0 1.0 0.0
vn 0.0 1.0 0.0
vn 0.0 1.0 0.0
vn 0.0 -1.0 0.0
vn 0.0 -1.0 0.0
vn 0.0 -1.0 0.0
vn 0.0 -1.0 0.0
vn 0.0 -1.0 0.0
vn 0.0 -1.0 0.0
vn 0.0 0.0 1.0
vn 0.0 0.0 1.0
vn 0.0 0.0 1.0
vn 0.0 0.0 1.0
vn 0.0 0.0 1.0
vn 0.0 0.0 1.0
vn 0.0 0.0 -1.0
vn 0.0 0.0 -1.0
vn 0.0 0.0 -1.0
vn 0.0 0.0 -1.0
vn 0.0 0.0 -1.0
vn 0.0 0.0 -1.0
vn 1.0 0.0 0.0
vn 1.0 0.0 0.0
vn 1.0 0.0 0.0
vn 1.0 0.0 0.0
vn 1.0 0.0 0.0
vn 1.0 0.0 0.0
vn -1.0 0.0 0.0
vn -1.0 0.0 0.0
vn -1.0 0.0 0.0
vn -1.0 0.0 0.0
vn -1.0 0.0 0.0
vn -1.0 0.0 0.0
vn 0.0 1.0 0.0
vn 0.0 1.0 0.0
vn 0.0 1.0 0.0
vn 0.0 1.0 0.0
vn 0.0 1.0 0.0
vn 0.0 1.0 0.0
vn 0.0 -1.0 0.0
vn 0.0 -1.0 0.0
vn 0.0 -1.0 0.0
vn 0.0 -1.0 0.0
vn 0.0 -1.0 0.0
vn 0.0 -1.0 0.0
vn 0.0 0.0 1.0
vn 0.0 0.0 1.0
vn 0.0 0.0 1.0
vn 0.0 0.0 1.0
vn 0.0 0.0 1.0
vn 0.0 0.0 1.0
vn 0.0 0.0 -1.0
vn 0.0 0.0 -1.0
vn 0.0 0.0 -1.0
vn 0.0 0.0 -1.0
vn 0.0 0.0 -1.0
vn 0.0 0.0 -1.0
vn 1.0 0.0 0.0
vn 1.0 0.0 0.0
vn 1.0 0.0 0.0
vn 1.0 0.0 0.0
vn 1.0 0.0 0.0
vn 1.0 0.0 0.0
vn -1.0 0.0 0.0
vn -1.0 0.0 0.0
vn -1.0 0.0 0.0
vn -1.0 0.0 0.0
vn -1.0 0.0 0.0
vn -1.0 0.0 0.0
vn 0.0 1.0 0.0
vn 0.0 1.0 0.0
vn 0.0 1.0 0.0
vn 0.0 1.0 0.0
vn 0.0 1.0 0.0
vn 0.0 1.0 0.0
vn 0.0 -1.0 0.0
vn 0.0 -1.0 0.0
vn 0.0 -1.0 0.0
vn 0.0 -1.0 0.0
vn 0.0 -1.0 0.0
vn 0.0 -1.0 0.0
vn 0.0 0.0 1.0
vn 0.0 0.0 1.0
vn 0.0 0.0 1.0
vn 0.0 0.0 1.0
vn 0.0 0.0 1.0
vn 0.0 0.0 1.0
vn 0.0 0.0 -1.0
vn 0.0 0.0 -1.0
vn 0.0 0.0 -1.0
vn 0.0 0.0 -1.0
vn 0.0 0.0 -1.0
vn 0.0 0.0 -1.0
vn 1.0 0.0 0.0
vn 1.0 0.0 0.0
vn 1.0 0.0 0.0
vn 1.0 0.0 0.0
vn 1.0 0.0 0.0
vn 1.0 0.0 0.0
vn -1.0 0.0 0.0
vn -1.0 0.0 0.0
vn -1.0 0.0 0.0
vn -1.0 0.0 0.0
vn -1.0 0.0 0.0
vn -1.0 0.0 0.0
vn 0.0 1.0 0.0
vn 0.0 1.0 0.0
vn 0.0 1.0 0.0
vn 0.0 1.0 0.0
vn 0.0 1.0 0.0
vn 0.0 1.0 0.0
vn 0.0 -1.0 0.0
vn 0.0 -1.0 0.0
vn 0.0 -1.0 0.0
vn 0.0 -1.0 0.0
vn 0.0 -1.0 0.0
vn 0.0 -1.0 0.0
vn 0.0 0.0 1.0
vn 0.0 0.0 1.0
vn 0.0 0.0 1.0
vn 0.0 0.0 1.0
vn 0.0 0.0 1.0
vn 0.0 0.0 1.0
vn 0.0 0.0 -1.0
vn 0.0 0.0 -1.0
vn 0.0 0.0 -1.0
vn 0.0 0.0 -1.0
vn 0.0 0.0 -1.0
vn 0.0 0.0 -1.0
vn 1.0 0.0 0.0
vn 1.0 0.0 0.0
vn 1.0 0.0 0.0
vn 1.0 0.0 0.0
vn 1.0 0.0 0.0
vn 1.0 0.0 0.0
vn -1.0 0.0 0.0
vn -1.0 0.0 0.0
vn -1.0 0.0 0.0
vn -1.0 0.0 0.0
vn -1.0 0.0 0.0
vn -1.0 0.0 0.0
vn 0.0 1.0 0.0
vn 0.0 1.0 0.0
vn 0.0 1.0 0.0
vn 0.0 1.0 0.0
vn 0.0 1.0 0.0
vn 0.0 1.0 0.0
vn 0.0 -1.0 0.0
vn 0.0 -1.0 0.0
vn 0.0 -1.0 0.0
vn 0.0 -1.0 0.0
vn 0.0 -1.0 0.0
vn 0.0 -1.0 0.0
vn 0.0 0.0 1.0
vn 0.0 0.0 1.0
vn 0.0 0.0 1.0
vn 0.0 0.0 1.0
vn 0.0 0.0 1.0
vn 0.0 0.0 1.0
vn 0.0 0.0 -1.0
vn 0.0 0.0 -1.0
vn 0.0 0.0 -1.0
vn 0.0 0.0 -1.0
vn 0.0 0.0 -1.0
vn 0.0 0.0 -1.0
vn 0.3948 -0.8218 0.4109
vn 0.3948 -0.8218 0.4109
vn 0.3948 -0.8218 0.4109
vn 0.4679 0.0 0.8838
vn 0.4679 0.0 0.8838
vn 0.4679 0.0 0.8838
vn 0.3948 0.8218 0.4109
vn 0.3948 0.8218 0.4109
vn 0.3948 0.8218 0.4109
vn 0.1866 0.865 -0.4658
vn 0.1866 0.865 -0.4658
vn 0.1866 0.865 -0.4658
vn 0.0 0.0 -1.0
vn 0.0 0.0 -1.0
vn 0.0 0.0 -1.0
vn 0.1866 -0.865 -0.4658
vn 0.1866 -0.865 -0.4658
vn 0.1866 -0.865 -0.4658
vn -1.0 0.0 0.0
vn -1.0 0.0 0.0
vn -1.0 0.0 0.0
vn -1.0 0.0 0.0
vn -1.0 0.0 0.0
vn -1.0 0.0 0.0
vn -1.0 0.0 0.0
vn -1.0 0.0 0.0
vn -1.0 0.0 0.0
vn -1.0 0.0 0.0
vn -1.0 0.0 0.0
vn -1.0 0.0 0.0
vn 1.0 0.0 0.0
vn 1.0 0.0 0.0
vn 1.0 0.0 0.0
vn 1.0 0.0 0.0
vn 1.0 0.0 0.0
vn 1.0 0.0 0.0
vn -1.0 0.0 0.0
vn -1.0 0.0 0.0
vn -1.0 0.0 0.0
vn -1.0 0.0 0.0
vn -1.0 0.0 0.0
vn -1.0 0.0 0.0
vn 0.0 1.0 0.0
vn 0.0 1.0 0.0
vn 0.0 1.0 0.0
vn 0.0 1.0 0.0
vn 0.0 1.0 0.0
vn 0.0 1.0 0.0
vn 0.0 -1.0 0.0
vn 0.0 -1.0 0.0
vn 0.0 -1.0 0.0
vn 0.0 -1.0 0.0
vn 0.0 -1.0 0.0
vn 0.0 -1.0 0.0
vn 0.0 0.0 1.0
vn 0.0 0.0 1.0
vn 0.0 0.0 1.0
vn 0.0 0.0 1.0
vn 0.0 0.0 1.0
vn 0.0 0.0 1.0
vn 0.0 0.0 -1.0
vn 0.0 0.0 -1.0
vn 0.0 0.0 -1.0
vn 0.0 0.0 -1.0
vn 0.0 0.0 -1.0
vn 0.0 0.0 -1.0
vn 1.0 0.0 0.0
vn 1.0 0.0 0.0
vn 1.0 0.0 0.0
vn 1.0 0.0 0.0
vn 1.0 0.0 0.0
vn 1.0 0.0 0.0
vn -1.0 0.0 0.0
vn -1.0 0.0 0.0
vn -1.0 0.0 0.0
vn -1.0 0.0 0.0
vn -1.0 0.0 0.0
vn -1.0 0.0 0.0
vn 0.0 1.0 0.0
vn 0.0 1.0 0.0
vn 0.0 1.0 0.0
vn 0.0 1.0 0.0
vn 0.0 1.0 0.0
vn 0.0 1.0 0.0
vn 0.0 -1.0 0.0
vn 0.0 -1.0 0.0
vn 0.0 -1.0 0.0
vn 0.0 -1.0 0.0
vn 0.0 -1.0 0.0
vn 0.0 -1.0 0.0
vn 0.0 0.0 1.0
vn 0.0 0.0 1.0
vn 0.0 0.0 1.0
vn 0.0 0.0 1.0
vn 0.0 0.0 1.0
vn 0.0 0.0 1.0
vn 0.0 0.0 -1.0
vn 0.0 0.0 -1.0
vn 0.0 0.0 -1.0
vn 0.0 0.0 -1.0
vn 0.0 0.0 -1.0
vn 0.0 0.0 -1.0
vn 1.0 0.0 0.0
vn 1.0 0.0 0.0
vn 1.0 0.0 0.0
vn 1.0 0.0 0.0
vn 1.0 0.0 0.0
vn 1.0 0.0 0.0
vn -1.0 0.0 0.0
vn -1.0 0.0 0.0
vn -1.0 0.0 0.0
vn -1.0 0.0 0.0
vn -1.0 0.0 0.0
vn -1.0 0.0 0.0
vn 0.0 1.0 0.0
vn 0.0 1.0 0.0
vn 0.0 1.0 0.0
vn 0.0 1.0 0.0
vn 0.0 1.0 0.0
vn 0.0 1.0 0.0
vn 0.0 -1.0 0.0
vn 0.0 -1.0 0.0
vn 0.0 -1.0 0.0
vn 0.0 -1.0 0.0
vn 0.0 -1.0 0.0
vn 0.0 -1.0 0.0
vn 0.0 0.0 1.0
vn 0.0 0.0 1.0
vn 0.0 0.0 1.0
vn 0.0 0.0 1.0
vn 0.0 0.0 1.0
vn 0.0 0.0 1.0
vn 0.0 0.0 -1.0
vn 0.0 0.0 -1.0
vn 0.0 0.0 -1.0
vn 0.0 0.0 -1.0
vn 0.0 0.0 -1.0
vn 0.0 0.0 -1.0
vn 1.0 0.0 0.0
vn 1.0 0.0 0.0
vn 1.0 0.0 0.0
vn 1.0 0.0 0.0
vn 1.0 0.0 0.0
vn 1.0 0.0 0.0
vn -1.0 0.0 0.0
vn -1.0 0.0 0.0
vn -1.0 0.0 0.0
vn -1.0 0.0 0.0
vn -1.0 0.0 0.0
vn -1.0 0.0 0.0
vn 0.0 1.0 0.0
vn 0.0 1.0 0.0
vn 0.0 1.0 0.0
vn 0.0 1.0 0.0
vn 0.0 1.0 0.0
vn 0.0 1.0 0.0
vn 0.0 -1.0 0.0
vn 0.0 -1.0 0.0
vn 0.0 -1.0 0.0
vn 0.0 -1.0 0.0
vn 0.0 -1.0 0.0
vn 0.0 -1.0 0.0
vn 0.0 0.0 1.0
vn 0.0 0.0 1.0
vn 0.0 0.0 1.0
vn 0.0 0.0 1.0
vn 0.0 0.0 1.0
vn 0.0 0.0 1.0
vn 0.0 0.0 -1.0
vn 0.0 0.0 -1.0
vn 0.0 0.0 -1.0
vn 0.0 0.0 -1.0
vn 0.0 0.0 -1.0
vn 0.0 0.0 -1.0
vn 0.7005 0.5136 0.4954
vn 0.7005 0.5136 0.4954
vn 0.7005 0.5136 0.4954
vn 0.7005 0.5136 0.4954
vn 0.7005 0.5136 0.4954
vn 0.7005 0.5136 0.4954
vn -0.071 0.1145 0.9909
vn -0.071 0.1145 0.9909
vn -0.071 0.1145 0.9909
vn -0.071 0.1145 0.9909
vn -0.071 0.1145 0.9909
vn -0.071 0.1145 0.9909
vn -0.7715 -0.3991 0.4954
vn -0.7715 -0.3991 0.4954
vn -0.7715 -0.3991 0.4954
vn -0.7715 -0.3991 0.4954
vn -0.7715 -0.3991 0.4954
vn -0.7715 -0.3991 0.4954
vn -0.7005 -0.5136 -0.4954
vn -0.7005 -0.5136 -0.4954
vn -0.7005 -0.5136 -0.4954
vn -0.7005 -0.5136 -0.4954
vn -0.7005 -0.5136 -0.4954
vn -0.7005 -0.5136 -0.4954
vn 0.071 -0.1145 -0.9909
vn 0.071 -0.1145 -0.9909
vn 0.071 -0.1145 -0.9909
vn 0.071 -0.1145 -0.9909
vn 0.071 -0.1145 -0.9909
vn 0.071 -0.1145 -0.9909
vn 0.7715 0.3991 -0.4954
vn 0.7715 0.3991 -0.4954
vn 0.7715 0.3991 -0.4954
vn 0.7715 0.3991 -0.4954
vn 0.7715 0.3991 -0.4954
vn 0.7715 0.3991 -0.4954
vn -0.5221 0.8422 -0.1347
vn -0.5221 0.8422 -0.1347
vn -0.5221 0.8422 -0.1347
vn -0.5221 0.8422 -0.1347
vn -0.5221 0.8422 -0.1347
vn -0.5221 0.8422 -0.1347
vn -0.5221 0.8422 -0.1347
vn -0.5221 0.8422 -0.1347
vn -0.5221 0.8422 -0.1347
vn -0.5221 0.8422 -0.1347
vn -0.5221 0.8422 -0.1347
vn -0.5221 0.8422 -0.1347
vn 0.5221 -0.8422 0.1347
vn 0.5221 -0.8422 0.1347
vn 0.5221 -0.8422 0.1347
vn 0.5221 -0.8422 0.1347
vn 0.5221 -0.8422 0.1347
vn 0.5221 -0.8422 0.1347
vn 0.5221 -0.8422 0.1347
vn 0.5221 -0.8422 0.1347
vn 0.5221 -0.8422 0.1347
vn 0.5221 -0.8422 0.1347
vn 0.5221 -0.8422 0.1347
vn 0.5221 -0.8422 0.1347
vn 1.0 0.0 0.0
vn 1.0 0.0 0.0
vn 1.0 0.0 0.0
vn 1.0 0.0 0.0
vn 1.0 0.0 0.0
vn 1.0 0.0 0.0
vn -1.0 0.0 0.0
vn -1.0 0.0 0.0
vn -1.0 0.0 0.0
vn -1.0 0.0 0.0
vn -1.0 0.0 0.0
vn -1.0 0.0 0.0
vn 0.0 1.0 0.0
vn 0.0 1.0 0.0
vn 0.0 1.0 0.0
vn 0.0 1.0 0.0
vn 0.0 1.0 0.0
vn 0.0 1.0 0.0
vn 0.0 -1.0 0.0
vn 0.0 -1.0 0.0
vn 0.0 -1.0 0.0
vn 0.0 -1.0 0.0
vn 0.0 -1.0 0.0
vn 0.0 -1.0 0.0
vn 0.0 0.0 1.0
vn 0.0 0.0 1.0
vn 0.0 0.0 1.0
vn 0.0 0.0 1.0
vn 0.0 0.0 1.0
vn 0.0 0.0 1.0
vn 0.0 0.0 -1.0
vn 0.0 0.0 -1.0
vn 0.0 0.0 -1.0
vn 0.0 0.0 -1.0
vn 0.0 0.0 -1.0
vn 0.0 0.0 -1.0
vn 0.4859 0.8329 0.265
vn 0.4859 0.8329 0.265
vn 0.4859 0.8329 0.265
vn 0.4859 0.8329 0.265
vn 0.4859 0.8329 0.265
vn 0.4859 0.8329 0.265
vn 0.9719 -0.0405 0.232
vn 0.9719 -0.0405 0.232
vn 0.9719 -0.0405 0.232
vn 0.9719 -0.0405 0.232
vn 0.9719 -0.0405 0.232
vn 0.9719 -0.0405 0.232
vn 0.4859 -0.8734 -0.0329
vn 0.4859 -0.8734 -0.0329
vn 0.4859 -0.8734 -0.0329
vn 0.4859 -0.8734 -0.0329
vn 0.4859 -0.8734 -0.0329
vn 0.4859 -0.8734 -0.0329
vn -0.4859 -0.8329 -0.265
vn -0.4859 -0.8329 -0.265
vn -0.4859 -0.8329 -0.265
vn -0.4859 -0.8329 -0.265
vn -0.4859 -0.8329 -0.265
vn -0.4859 -0.8329 -0.265
vn -0.9719 0.0405 -0.232
vn -0.9719 0.0405 -0.232
vn -0.9719 0.0405 -0.232
vn -0.9719 0.0405 -0.232
vn -0.9719 0.0405 -0.232
vn -0.9719 0.0405 -0.232
vn -0.4859 0.8734 0.0329
vn -0.4859 0.8734 0.0329
vn -0.4859 0.8734 0.0329
vn -0.4859 0.8734 0.0329
vn -0.4859 0.8734 0.0329
vn -0.4859 0.8734 0.0329
vn -0.2355 -0.1672 0.9574
vn -0.2355 -0.1672 0.9574
vn -0.2355 -0.1672 0.9574
vn -0.2355 -0.1672 0.9574
vn -0.2355 -0.1672 0.9574
vn -0.2355 -0.1672 0.9574
vn -0.2355 -0.1672 0.9574
vn -0.2355 -0.1672 0.9574
vn -0.2355 -0.1672 0.9574
vn -0.2355 -0.1672 0.9574
vn -0.2355 -0.1672 0.9574
vn -0.2355 -0.1672 0.9574
vn 0.2355 0.1672 -0.9574
vn 0.2355 0.1672 -0.9574
vn 0.2355 0.1672 -0.9574
vn 0.2355 0.1672 -0.9574
vn 0.2355 0.1672 -0.9574
vn 0.2355 0.1672 -0.9574
vn 0.2355 0.1672 -0.9574
vn 0.2355 0.1672 -0.9574
vn 0.2355 0.1672 -0.9574
vn 0.2355 0.1672 -0.9574
vn 0.2355 0.1672 -0.9574
vn 0.2355 0.1672 -0.9574
vn 0.4448 0.7071 0.5497
vn 0.4448 0.7071 0.5497
vn 0.4448 0.7071 0.5497
vn 0.4448 0.7071 0.5497
vn 0.4448 0.7071 0.5497
vn 0.4448 0.7071 0.5497
vn 0.4448 -0.7071 0.5497
vn 0.4448 -0.7071 0.5497
vn 0.4448 -0.7071 0.5497
vn 0.4448 -0.7071 0.5497
vn 0.4448 -0.7071 0.5497
vn 0.4448 -0.7071 0.5497
vn -0.4448 -0.7071 -0.5497
vn -0.4448 -0.7071 -0.5497
vn -0.4448 -0.7071 -0.5497
vn -0.4448 -0.7071 -0.5497
vn -0.4448 -0.7071 -0.5497
vn -0.4448 -0.7071 -0.5497
vn -0.4448 0.7071 -0.5497
vn -0.4448 0.7071 -0.5497
vn -0.4448 0.7071 -0.5497
vn -0.4448 0.7071 -0.5497
vn -0.4448 0.7071 -0.5497
vn -0.4448 0.7071 -0.5497
vn -0.7774 0.0 0.629
vn -0.7774 0.0 0.629
vn -0.7774 0.0 0.629
vn -0.7774 0.0 0.629
vn -0.7774 0.0 0.629
vn -0.7774 0.0 0.629
vn 0.7774 0.0 -0.629
vn 0.7774 0.0 -0.629
vn 0.7774 0.0 -0.629
vn 0.7774 0.0 -0.629
vn 0.7774 0.0 -0.629
vn 0.7774 0.0 -0.629
vn 1.0 0.0 0.0
vn 1.0 0.0 0.0
vn 1.0 0.0 0.0
vn 1.0 0.0 0.0
vn 1.0 0.0 0.0
vn 1.0 0.0 0.0
vn -1.0 0.0 0.0
vn -1.0 0.0 0.0
vn -1.0 0.0 0.0
vn -1.0 0.0 0.0
vn -1.0 0.0 0.0
vn -1.0 0.0 0.0
vn 0.0 1.0 0.0
vn 0.0 1.0 0.0
vn 0.0 1.0 0.0
vn 0.0 1.0 0.0
vn 0.0 1.0 0.0
vn 0.0 1.0 0.0
vn 0.0 -1.0 0.0
vn 0.0 -1.0 0.0
vn 0.0 -1.0 0.0
vn 0.0 -1.0 0.0
vn 0.0 -1.0 0.0
vn 0.0 -1.0 0.0
vn 0.0 0.0 1.0
vn 0.0 0.0 1.0
vn 0.0 0.0 1.0
vn 0.0 0.0 1.0
vn 0.0 0.0 1.0
vn 0.0 0.0 1.0
vn 0.0 0.0 -1.0
vn 0.0 0.0 -1.0
vn 0.0 0.0 -1.0
vn 0.0 0.0 -1.0
vn 0.0 0.0 -1.0
vn 0.0 0.0 -1.0
vn -0.7715 0.3991 0.4954
vn -0.7715 0.3991 0.4954
vn -0.7715 0.3991 0.4954
vn -0.7715 0.3991 0.4954
vn -0.7715 0.3991 0.4954
vn -0.7715 0.3991 0.4954
vn -0.071 -0.1145 0.9909
vn -0.071 -0.1145 0.9909
vn -0.071 -0.1145 0.9909
vn -0.071 -0.1145 0.9909
vn -0.071 -0.1145 0.9909
vn -0.071 -0.1145 0.9909
vn 0.7005 -0.5136 0.4954
vn 0.7005 -0.5136 0.4954
vn 0.7005 -0.5136 0.4954
vn 0.7005 -0.5136 0.4954
vn 0.7005 -0.5136 0.4954
vn 0.7005 -0.5136 0.4954
vn 0.7715 -0.3991 -0.4954
vn 0.7715 -0.3991 -0.4954
vn 0.7715 -0.3991 -0.4954
vn 0.7715 -0.3991 -0.4954
vn 0.7715 -0.3991 -0.4954
vn 0.7715 -0.3991 -0.4954
vn 0.071 0.1145 -0.9909
vn 0.071 0.1145 -0.9909
vn 0.071 0.1145 -0.9909
vn 0.071 0.1145 -0.9909
vn 0.071 0.1145 -0.9909
vn 0.071 0.1145 -0.9909
vn -0.7005 0.5136 -0.4954
vn -0.7005 0.5136 -0.4954
vn -0.7005 0.5136 -0.4954
vn -0.7005 0.5136 -0.4954
vn -0.7005 0.5136 -0.4954
vn -0.7005 0.5136 -0.4954
vn -0.5221 -0.8422 -0.1347
vn -0.5221 -0.8422 -0.1347
vn -0.5221 -0.8422 -0.1347
vn -0.5221 -0.8422 -0.1347
vn -0.5221 -0.8422 -0.1347
vn -0.5221 -0.8422 -0.1347
vn -0.5221 -0.8422 -0.1347
vn -0.5221 -0.8422 -0.1347
vn -0.5221 -0.8422 -0.1347
vn -0.5221 -0.8422 -0.1347
vn -0.5221 -0.8422 -0.1347
vn -0.5221 -0.8422 -0.1347
vn 0.5221 0.8422 0.1347
vn 0.5221 0.8422 0.1347
vn 0.5221 0.8422 0.1347
vn 0.5221 0.8422 0.1347
vn 0.5221 0.8422 0.1347
vn 0.5221 0.8422 0.1347
vn 0.5221 0.8422 0.1347
vn 0.5221 0.8422 0.1347
vn 0.5221 0.8422 0.1347
vn 0.5221 0.8422 0.1347
vn 0.5221 0.8422 0.1347
vn 0.5221 0.8422 0.1347
vn 1.0 0.0 0.0
vn 1.0 0.0 0.0
vn 1.0 0.0 0.0
vn 1.0 0.0 0.0
vn 1.0 0.0 0.0
vn 1.0 0.0 0.0
vn -1.0 0.0 0.0
vn -1.0 0.0 0.0
vn -1.0 0.0 0.0
vn -1.0 0.0 0.0
vn -1.0 0.0 0.0
vn -1.0 0.0 0.0
vn 0.0 1.0 0.0
vn 0.0 1.0 0.0
vn 0.0 1.0 0.0
vn 0.0 1.0 0.0
vn 0.0 1.0 0.0
vn 0.0 1.0 0.0
vn 0.0 -1.0 0.0
vn 0.0 -1.0 0.0
vn 0.0 -1.0 0.0
vn 0.0 -1.0 0.0
vn 0.0 -1.0 0.0
vn 0.0 -1.0 0.0
vn 0.0 0.0 1.0
vn 0.0 0.0 1.0
vn 0.0 0.0 1.0
vn 0.0 0.0 1.0
vn 0.0 0.0 1.0
vn 0.0 0.0 1.0
vn 0.0 0.0 -1.0
vn 0.0 0.0 -1.0
vn 0.0 0.0 -1.0
vn 0.0 0.0 -1.0
vn 0.0 0.0 -1.0
vn 0.0 0.0 -1.0
vn 0.4859 0.8734 -0.0329
vn 0.4859 0.8734 -0.0329
vn 0.4859 0.8734 -0.0329
vn 0.4859 0.8734 -0.0329
vn 0.4859 0.8734 -0.0329
vn 0.4859 0.8734 -0.0329
vn 0.9719 0.0405 0.232
vn 0.9719 0.0405 0.232
vn 0.9719 0.0405 0.232
vn 0.9719 0.0405 0.232
vn 0.9719 0.0405 0.232
vn 0.9719 0.0405 0.232
vn 0.4859 -0.8329 0.265
vn 0.4859 -0.8329 0.265
vn 0.4859 -0.8329 0.265
vn 0.4859 -0.8329 0.265
vn 0.4859 -0.8329 0.265
vn 0.4859 -0.8329 0.265
vn -0.4859 -0.8734 0.0329
vn -0.4859 -0.8734 0.0329
vn -0.4859 -0.8734 0.0329
vn -0.4859 -0.8734 0.0329
vn -0.4859 -0.8734 0.0329
vn -0.4859 -0.8734 0.0329
vn -0.9719 -0.0405 -0.232
vn -0.9719 -0.0405 -0.232
vn -0.9719 -0.0405 -0.232
vn -0.9719 -0.0405 -0.232
vn -0.9719 -0.0405 -0.232
vn -0.9719 -0.0405 -0.232
vn -0.4859 0.8329 -0.265
vn -0.4859 0.8329 -0.265
vn -0.4859 0.8329 -0.265
vn -0.4859 0.8329 -0.265
vn -0.4859 0.8329 -0.265
vn -0.4859 0.8329 -0.265
vn -0.2355 0.1672 0.9574
vn -0.2355 0.1672 0.9574
vn -0.2355 0.1672 0.9574
vn -0.2355 0.1672 0.9574
vn -0.2355 0.1672 0.9574
vn -0.2355 0.1672 0.9574
vn -0.2355 0.1672 0.9574
vn -0.2355 0.1672 0.9574
vn -0.2355 0.1672 0.9574
vn -0.2355 0.1672 0.9574
vn -0.2355 0.1672 0.9574
vn -0.2355 0.1672 0.9574
vn 0.2355 -0.1672 -0.9574
vn 0.2355 -0.1672 -0.9574
vn 0.2355 -0.1672 -0.9574
vn 0.2355 -0.1672 -0.9574
vn 0.2355 -0.1672 -0.9574
vn 0.2355 -0.1672 -0.9574
vn 0.2355 -0.1672 -0.9574
vn 0.2355 -0.1672 -0.9574
vn 0.2355 -0.1672 -0.9574
vn 0.2355 -0.1672 -0.9574
vn 0.2355 -0.1672 -0.9574
vn 0.2355 -0.1672 -0.9574
vn 0.4448 0.7071 0.5497
vn 0.4448 0.7071 0.5497
vn 0.4448 0.7071 0.5497
vn 0.4448 0.7071 0.5497
vn 0.4448 0.7071 0.5497
vn 0.4448 0.7071 0.5497
vn 0.4448 -0.7071 0.5497
vn 0.4448 -0.7071 0.5497
vn 0.4448 -0.7071 0.5497
vn 0.4448 -0.7071 0.5497
vn 0.4448 -0.7071 0.5497
vn 0.4448 -0.7071 0.5497
vn -0.4448 -0.7071 -0.5497
vn -0.4448 -0.7071 -0.5497
vn -0.4448 -0.7071 -0.5497
vn -0.4448 -0.7071 -0.5497
vn -0.4448 -0.7071 -0.5497
vn -0.4448 -0.7071 -0.5497
vn -0.4448 0.7071 -0.5497
vn -0.4448 0.7071 -0.5497
vn -0.4448 0.7071 -0.5497
vn -0.4448 0.7071 -0.5497
vn -0.4448 0.7071 -0.5497
vn -0.4448 0.7071 -0.5497
vn -0.7774 0.0 0.629
vn -0.7774 0.0 0.629
vn -0.7774 0.0 0.629
vn -0.7774 0.0 0.629
vn -0.7774 0.0 0.629
vn -0.7774 0.0 0.629
vn 0.7774 0.0 -0.629
vn 0.7774 0.0 -0.629
vn 0.7774 0.0 -0.629
vn 0.7774 0.0 -0.629
vn 0.7774 0.0 -0.629
vn 0.7774 0.0 -0.629
vn 1.0 0.0 0.0
vn 1.0 0.0 0.0
vn 1.0 0.0 0.0
vn 1.0 0.0 0.0
vn 1.0 0.0 0.0
vn 1.0 0.0 0.0
vn -1.0 0.0 0.0
vn -1.0 0.0 0.0
vn -1.0 0.0 0.0
vn -1.0 0.0 0.0
vn -1.0 0.0 0.0
vn -1.0 0.0 0.0
vn 0.0 1.0 0.0
vn 0.0 1.0 0.0
vn 0.0 1.0 0.0
vn 0.0 1.0 0.0
vn 0.0 1.0 0.0
vn 0.0 1.0 0.0
vn 0.0 -1.0 0.0
vn 0.0 -1.0 0.0
vn 0.0 -1.0 0.0
vn 0.0 -1.0 0.0
vn 0.0 -1.0 0.0
vn 0.0 -1.0 0.0
vn 0.0 0.0 1.0
vn 0.0 0.0 1.0
vn 0.0 0.0 1.0
vn 0.0 0.0 1.0
vn 0.0 0.0 1.0
vn 0.0 0.0 1.0
vn 0.0 0.0 -1.0
vn 0.0 0.0 -1.0
vn 0.0 0.0 -1.0
vn 0.0 0.0 -1.0
vn 0.0 0.0 -1.0
vn 0.0 0.0 -1.0
vn 0.7467 -0.4434 0.4958
vn 0.7467 -0.4434 0.4958
vn 0.7467 -0.4434 0.4958
vn 0.7467 -0.4434 0.4958
vn 0.7467 -0.4434 0.4958
vn 0.7467 -0.4434 0.4958
vn 0.0745 0.1065 0.9915
vn 0.0745 0.1065 0.9915
vn 0.0745 0.1065 0.9915
vn 0.0745 0.1065 0.9915
vn 0.0745 0.1065 0.9915
vn 0.0745 0.1065 0.9915
vn -0.6722 0.5499 0.4958
vn -0.6722 0.5499 0.4958
vn -0.6722 0.5499 0.4958
vn -0.6722 0.5499 0.4958
vn -0.6722 0.5499 0.4958
vn -0.6722 0.5499 0.4958
vn -0.7467 0.4434 -0.4958
vn -0.7467 0.4434 -0.4958
vn -0.7467 0.4434 -0.4958
vn -0.7467 0.4434 -0.4958
vn -0.7467 0.4434 -0.4958
vn -0.7467 0.4434 -0.4958
vn -0.0745 -0.1065 -0.9915
vn -0.0745 -0.1065 -0.9915
vn -0.0745 -0.1065 -0.9915
vn -0.0745 -0.1065 -0.9915
vn -0.0745 -0.1065 -0.9915
vn -0.0745 -0.1065 -0.9915
vn 0.6722 -0.5499 -0.4958
vn 0.6722 -0.5499 -0.4958
vn 0.6722 -0.5499 -0.4958
vn 0.6722 -0.5499 -0.4958
vn 0.6722 -0.5499 -0.4958
vn 0.6722 -0.5499 -0.4958
vn 0.5686 0.8123 -0.13
vn 0.5686 0.8123 -0.13
vn 0.5686 0.8123 -0.13
vn 0.5686 0.8123 -0.13
vn 0.5686 0.8123 -0.13
vn 0.5686 0.8123 -0.13
vn 0.5686 0.8123 -0.13
vn 0.5686 0.8123 -0.13
vn 0.5686 0.8123 -0.13
vn 0.5686 0.8123 -0.13
vn 0.5686 0.8123 -0.13
vn 0.5686 0.8123 -0.13
vn -0.5686 -0.8123 0.13
vn -0.5686 -0.8123 0.13
vn -0.5686 -0.8123 0.13
vn -0.5686 -0.8123 0.13
vn -0.5686 -0.8123 0.13
vn -0.5686 -0.8123 0.13
vn -0.5686 -0.8123 0.13
vn -0.5686 -0.8123 0.13
vn -0.5686 -0.8123 0.13
vn -0.5686 -0.8123 0.13
vn -0.5686 -0.8123 0.13
vn -0.5686 -0.8123 0.13
vn 1.0 0.0 0.0
vn 1.0 0.0 0.0
vn 1.0 0.0 0.0
vn 1.0 0.0 0.0
vn 1.0 0.0 0.0
vn 1.0 0.0 0.0
vn -1.0 0.0 0.0
vn -1.0 0.0 0.0
vn -1.0 0.0 0.0
vn -1.0 0.0 0.0
vn -1.0 0.0 0.0
vn -1.0 0.0 0.0
vn 0.0 1.0 0.0
vn 0.0 1.0 0.0
vn 0.0 1.0 0.0
vn 0.0 1.0 0.0
vn 0.0 1.0 0.0
vn 0.0 1.0 0.0
vn 0.0 -1.0 0.0
vn 0.0 -1.0 0.0
vn 0.0 -1.0 0.0
vn 0.0 -1.0 0.0
vn 0.0 -1.0 0.0
vn 0.0 -1.0 0.0
vn 0.0 0.0 1.0
vn 0.0 0.0 1.0
vn 0.0 0.0 1.0
vn 0.0 0.0 1.0
vn 0.0 0.0 1.0
vn 0.0 0.0 1.0
vn 0.0 0.0 -1.0
vn 0.0 0.0 -1.0
vn 0.0 0.0 -1.0
vn 0.0 0.0 -1.0
vn 0.0 0.0 -1.0
vn 0.0 0.0 -1.0
vn 0.4823 0.8758 0.019
vn 0.4823 0.8758 0.019
vn 0.4823 0.8758 0.019
vn 0.4823 0.8758 0.019
vn 0.4823 0.8758 0.019
vn 0.4823 0.8758 0.019
vn 0.9645 0.0454 -0.26
vn 0.9645 0.0454 -0.26
vn 0.9645 0.0454 -0.26
vn 0.9645 0.0454 -0.26
vn 0.9645 0.0454 -0.26
vn 0.9645 0.0454 -0.26
vn 0.4823 -0.8304 -0.279
vn 0.4823 -0.8304 -0.279
vn 0.4823 -0.8304 -0.279
vn 0.4823 -0.8304 -0.279
vn 0.4823 -0.8304 -0.279
vn 0.4823 -0.8304 -0.279
vn -0.4823 -0.8758 -0.019
vn -0.4823 -0.8758 -0.019
vn -0.4823 -0.8758 -0.019
vn -0.4823 -0.8758 -0.019
vn -0.4823 -0.8758 -0.019
vn -0.4823 -0.8758 -0.019
vn -0.9645 -0.0454 0.26
vn -0.9645 -0.0454 0.26
vn -0.9645 -0.0454 0.26
vn -0.9645 -0.0454 0.26
vn -0.9645 -0.0454 0.26
vn -0.9645 -0.0454 0.26
vn -0.4823 0.8304 0.279
vn -0.4823 0.8304 0.279
vn -0.4823 0.8304 0.279
vn -0.4823 0.8304 0.279
vn -0.4823 0.8304 0.279
vn -0.4823 0.8304 0.279
vn 0.2639 -0.1659 0.9502
vn 0.2639 -0.1659 0.9502
vn 0.2639 -0.1659 0.9502
vn 0.2639 -0.1659 0.9502
vn 0.2639 -0.1659 0.9502
vn 0.2639 -0.1659 0.9502
vn 0.2639 -0.1659 0.9502
vn 0.2639 -0.1659 0.9502
vn 0.2639 -0.1659 0.9502
vn 0.2639 -0.1659 0.9502
vn 0.2639 -0.1659 0.9502
vn 0.2639 -0.1659 0.9502
vn -0.2639 0.1659 -0.9502
vn -0.2639 0.1659 -0.9502
vn -0.2639 0.1659 -0.9502
vn -0.2639 0.1659 -0.9502
vn -0.2639 0.1659 -0.9502
vn -0.2639 0.1659 -0.9502
vn -0.2639 0.1659 -0.9502
vn -0.2639 0.1659 -0.9502
vn -0.2639 0.1659 -0.9502
vn -0.2639 0.1659 -0.9502
vn -0.2639 0.1659 -0.9502
vn -0.2639 0.1659 -0.9502
vn 0.4448 0.7071 0.5497
vn 0.4448 0.7071 0.5497
vn 0.4448 0.7071 0.5497
vn 0.4448 0.7071 0.5497
vn 0.4448 0.7071 0.5497
vn 0.4448 0.7071 0.5497
vn 0.4448 -0.7071 0.5497
vn 0.4448 -0.7071 0.5497
vn 0.4448 -0.7071 0.5497
vn 0.4448 -0.7071 0.5497
vn 0.4448 -0.7071 0.5497
vn 0.4448 -0.7071 0.5497
vn -0.4448 -0.7071 -0.5497
vn -0.4448 -0.7071 -0.5497
vn -0.4448 -0.7071 -0.5497
vn -0.4448 -0.7071 -0.5497
vn -0.4448 -0.7071 -0.5497
vn -0.4448 -0.7071 -0.5497
vn -0.4448 0.7071 -0.5497
vn -0.4448 0.7071 -0.5497
vn -0.4448 0.7071 -0.5497
vn -0.4448 0.7071 -0.5497
vn -0.4448 0.7071 -0.5497
vn -0.4448 0.7071 -0.5497
vn -0.7774 0.0 0.629
vn -0.7774 0.0 0.629
vn -0.7774 0.0 0.629
vn -0.7774 0.0 0.629
vn -0.7774 0.0 0.629
vn -0.7774 0.0 0.629
vn 0.7774 0.0 -0.629
vn 0.7774 0.0 -0.629
vn 0.7774 0.0 -0.629
vn 0.7774 0.0 -0.629
vn 0.7774 0.0 -0.629
vn 0.7774 0.0 -0.629
vn 1.0 0.0 0.0
vn 1.0 0.0 0.0
vn 1.0 0.0 0.0
vn 1.0 0.0 0.0
vn 1.0 0.0 0.0
vn 1.0 0.0 0.0
vn -1.0 0.0 0.0
vn -1.0 0.0 0.0
vn -1.0 0.0 0.0
vn -1.0 0.0 0.0
vn -1.0 0.0 0.0
vn -1.0 0.0 0.0
vn 0.0 1.0 0.0
vn 0.0 1.0 0.0
vn 0.0 1.0 0.0
vn 0.0 1.0 0.0
vn 0.0 1.0 0.0
vn 0.0 1.0 0.0
vn 0.0 -1.0 0.0
vn 0.0 -1.0 0.0
vn 0.0 -1.0 0.0
vn 0.0 -1.0 0.0
vn 0.0 -1.0 0.0
vn 0.0 -1.0 0.0
vn 0.0 0.0 1.0
vn 0.0 0.0 1.0
vn 0.0 0.0 1.0
vn 0.0 0.0 1.0
vn 0.0 0.0 1.0
vn 0.0 0.0 1.0
vn 0.0 0.0 -1.0
vn 0.0 0.0 -1.0
vn 0.0 0.0 -1.0
vn 0.0 0.0 -1.0
vn 0.0 0.0 -1.0
vn 0.0 0.0 -1.0
vn -0.6722 -0.5499 0.4958
vn -0.6722 -0.5499 0.4958
vn -0.6722 -0.5499 0.4958
vn -0.6722 -0.5499 0.4958
vn -0.6722 -0.5499 0.4958
vn -0.6722 -0.5499 0.4958
vn 0.0745 -0.1065 0.9915
vn 0.0745 -0.1065 0.9915
vn 0.0745 -0.1065 0.9915
vn 0.0745 -0.1065 0.9915
vn 0.0745 -0.1065 0.9915
vn 0.0745 -0.1065 0.9915
vn 0.7467 0.4434 0.4958
vn 0.7467 0.4434 0.4958
vn 0.7467 0.4434 0.4958
vn 0.7467 0.4434 0.4958
vn 0.7467 0.4434 0.4958
vn 0.7467 0.4434 0.4958
vn 0.6722 0.5499 -0.4958
vn 0.6722 0.5499 -0.4958
vn 0.6722 0.5499 -0.4958
vn 0.6722 0.5499 -0.4958
vn 0.6722 0.5499 -0.4958
vn 0.6722 0.5499 -0.4958
vn -0.0745 0.1065 -0.9915
vn -0.0745 0.1065 -0.9915
vn -0.0745 0.1065 -0.9915
vn -0.0745 0.1065 -0.9915
vn -0.0745 0.1065 -0.9915
vn -0.0745 0.1065 -0.9915
vn -0.7467 -0.4434 -0.4958
vn -0.7467 -0.4434 -0.4958
vn -0.7467 -0.4434 -0.4958
vn -0.7467 -0.4434 -0.4958
vn -0.7467 -0.4434 -0.4958
vn -0.7467 -0.4434 -0.4958
vn 0.5686 -0.8123 -0.13
vn 0.5686 -0.8123 -0.13
vn 0.5686 -0.8123 -0.13
vn 0.5686 -0.8123 -0.13
vn 0.5686 -0.8123 -0.13
vn 0.5686 -0.8123 -0.13
vn 0.5686 -0.8123 -0.13
vn 0.5686 -0.8123 -0.13
vn 0.5686 -0.8123 -0.13
vn 0.5686 -0.8123 -0.13
vn 0.5686 -0.8123 -0.13
vn 0.5686 -0.8123 -0.13
vn -0.5686 0.8123 0.13
vn -0.5686 0.8123 0.13
vn -0.5686 0.8123 0.13
vn -0.5686 0.8123 0.13
vn -0.5686 0.8123 0.13
vn -0.5686 0.8123 0.13
vn -0.5686 0.8123 0.13
vn -0.5686 0.8123 0.13
vn -0.5686 0.8123 0.13
vn -0.5686 0.8123 0.13
vn -0.5686 0.8123 0.13
vn -0.5686 0.8123 0.13
vn 1.0 0.0 0.0
vn 1.0 0.0 0.0
vn 1.0 0.0 0.0
vn 1.0 0.0 0.0
vn 1.0 0.0 0.0
vn 1.0 0.0 0.0
vn -1.0 0.0 0.0
vn -1.0 0.0 0.0
vn -1.0 0.0 0.0
vn -1.0 0.0 0.0
vn -1.0 0.0 0.0
vn -1.0 0.0 0.0
vn 0.0 1.0 0.0
vn 0.0 1.0 0.0
vn 0.0 1.0 0.0
vn 0.0 1.0 0.0
vn 0.0 1.0 0.0
vn 0.0 1.0 0.0
vn 0.0 -1.0 0.0
vn 0.0 -1.0 0.0
vn 0.0 -1.0 0.0
vn 0.0 -1.0 0.0
vn 0.0 -1.0 0.0
vn 0.0 -1.0 0.0
vn 0.0 0.0 1.0
vn 0.0 0.0 1.0
vn 0.0 0.0 1.0
vn 0.0 0.0 1.0
vn 0.0 0.0 1.0
vn 0.0 0.0 1.0
vn 0.0 0.0 -1.0
vn 0.0 0.0 -1.0
vn 0.0 0.0 -1.0
vn 0.0 0.0 -1.0
vn 0.0 0.0 -1.0
vn 0.0 0.0 -1.0
vn 0.4823 0.8304 -0.279
vn 0.4823 0.8304 -0.279
vn 0.4823 0.8304 -0.279
vn 0.4823 0.8304 -0.279
vn 0.4823 0.8304 -0.279
vn 0.4823 0.8304 -0.279
vn 0.9645 -0.0454 -0.26
vn 0.9645 -0.0454 -0.26
vn 0.9645 -0.0454 -0.26
vn 0.9645 -0.0454 -0.26
vn 0.9645 -0.0454 -0.26
vn 0.9645 -0.0454 -0.26
vn 0.4823 -0.8758 0.019
vn 0.4823 -0.8758 0.019
vn 0.4823 -0.8758 0.019
vn 0.4823 -0.8758 0.019
vn 0.4823 -0.8758 0.019
vn 0.4823 -0.8758 0.019
vn -0.4823 -0.8304 0.279
vn -0.4823 -0.8304 0.279
vn -0.4823 -0.8304 0.279
vn -0.4823 -0.8304 0.279
vn -0.4823 -0.8304 0.279
vn -0.4823 -0.8304 0.279
vn -0.9645 0.0454 0.26
vn -0.9645 0.0454 0.26
vn -0.9645 0.0454 0.26
vn -0.9645 0.0454 0.26
vn -0.9645 0.0454 0.26
vn -0.9645 0.0454 0.26
vn -0.4823 0.8758 -0.019
vn -0.4823 0.8758 -0.019
vn -0.4823 0.8758 -0.019
vn -0.4823 0.8758 -0.019
vn -0.4823 0.8758 -0.019
vn -0.4823 0.8758 -0.019
vn 0.2639 0.1659 0.9502
vn 0.2639 0.1659 0.9502
vn 0.2639 0.1659 0.9502
vn 0.2639 0.1659 0.9502
vn 0.2639 0.1659 0.9502
vn 0.2639 0.1659 0.9502
vn 0.2639 0.1659 0.9502
vn 0.2639 0.1659 0.9502
vn 0.2639 0.1659 0.9502
vn 0.2639 0.1659 0.9502
vn 0.2639 0.1659 0.9502
vn 0.2639 0.1659 0.9502
vn -0.2639 -0.1659 -0.9502
vn -0.2639 -0.1659 -0.9502
vn -0.2639 -0.1659 -0.9502
vn -0.2639 -0.1659 -0.9502
vn -0.2639 -0.1659 -0.9502
vn -0.2639 -0.1659 -0.9502
vn -0.2639 -0.1659 -0.9502
vn -0.2639 -0.1659 -0.9502
vn -0.2639 -0.1659 -0.9502
vn -0.2639 -0.1659 -0.9502
vn -0.2639 -0.1659 -0.9502
vn -0.2639 -0.1659 -0.9502
vn 0.4448 0.7071 0.5497
vn 0.4448 0.7071 0.5497
vn 0.4448 0.7071 0.5497
vn 0.4448 0.7071 0.5497
vn 0.4448 0.7071 0.5497
vn 0.4448 0.7071 0.5497
vn 0.4448 -0.7071 0.5497
vn 0.4448 -0.7071 0.5497
vn 0.4448 -0.7071 0.5497
vn 0.4448 -0.7071 0.5497
vn 0.4448 -0.7071 0.5497
vn 0.4448 -0.7071 0.5497
vn -0.4448 -0.7071 -0.5497
vn -0.4448 -0.7071 -0.5497
vn -0.4448 -0.7071 -0.5497
vn -0.4448 -0.7071 -0.5497
vn -0.4448 -0.7071 -0.5497
vn -0.4448 -0.7071 -0.5497
vn -0.4448 0.7071 -0.5497
vn -0.4448 0.7071 -0.5497
vn -0.4448 0.7071 -0.5497
vn -0.4448 0.7071 -0.5497
vn -0.4448 0.7071 -0.5497
vn -0.4448 0.7071 -0.5497
vn -0.7774 0.0 0.629
vn -0.7774 0.0 0.629
vn -0.7774 0.0 0.629
vn -0.7774 0.0 0.629
vn -0.7774 0.0 0.629
vn -0.7774 0.0 0.629
vn 0.7774 0.0 -0.629
vn 0.7774 0.0 -0.629
vn 0.7774 0.0 -0.629
vn 0.7774 0.0 -0.629
vn 0.7774 0.0 -0.629
vn 0.7774 0.0 -0.629
g shell_01
usemtl MI_EBS_KHA_Strata
f 1/1/1 2/2/2 3/3/3
f 4/4/4 5/5/5 6/6/6
f 7/7/7 8/8/8 9/9/9
f 10/10/10 11/11/11 12/12/12
f 13/13/13 14/14/14 15/15/15
f 16/16/16 17/17/17 18/18/18
f 19/19/19 20/20/20 21/21/21
f 22/22/22 23/23/23 24/24/24
f 25/25/25 26/26/26 27/27/27
f 28/28/28 29/29/29 30/30/30
f 31/31/31 32/32/32 33/33/33
f 34/34/34 35/35/35 36/36/36
g seam_01_l
usemtl MI_EBS_KHA_Amber
f 37/37/37 38/38/38 39/39/39
f 40/40/40 41/41/41 42/42/42
f 43/43/43 44/44/44 45/45/45
f 46/46/46 47/47/47 48/48/48
f 49/49/49 50/50/50 51/51/51
f 52/52/52 53/53/53 54/54/54
f 55/55/55 56/56/56 57/57/57
f 58/58/58 59/59/59 60/60/60
f 61/61/61 62/62/62 63/63/63
f 64/64/64 65/65/65 66/66/66
f 67/67/67 68/68/68 69/69/69
f 70/70/70 71/71/71 72/72/72
g seam_01_r
f 73/73/73 74/74/74 75/75/75
f 76/76/76 77/77/77 78/78/78
f 79/79/79 80/80/80 81/81/81
f 82/82/82 83/83/83 84/84/84
f 85/85/85 86/86/86 87/87/87
f 88/88/88 89/89/89 90/90/90
f 91/91/91 92/92/92 93/93/93
f 94/94/94 95/95/95 96/96/96
f 97/97/97 98/98/98 99/99/99
f 100/100/100 101/101/101 102/102/102
f 103/103/103 104/104/104 105/105/105
f 106/106/106 107/107/107 108/108/108
g shell_02
usemtl MI_EBS_KHA_Strata
f 109/109/109 110/110/110 111/111/111
f 112/112/112 113/113/113 114/114/114
f 115/115/115 116/116/116 117/117/117
f 118/118/118 119/119/119 120/120/120
f 121/121/121 122/122/122 123/123/123
f 124/124/124 125/125/125 126/126/126
f 127/127/127 128/128/128 129/129/129
f 130/130/130 131/131/131 132/132/132
f 133/133/133 134/134/134 135/135/135
f 136/136/136 137/137/137 138/138/138
f 139/139/139 140/140/140 141/141/141
f 142/142/142 143/143/143 144/144/144
g seam_02_l
usemtl MI_EBS_KHA_Amber
f 145/145/145 146/146/146 147/147/147
f 148/148/148 149/149/149 150/150/150
f 151/151/151 152/152/152 153/153/153
f 154/154/154 155/155/155 156/156/156
f 157/157/157 158/158/158 159/159/159
f 160/160/160 161/161/161 162/162/162
f 163/163/163 164/164/164 165/165/165
f 166/166/166 167/167/167 168/168/168
f 169/169/169 170/170/170 171/171/171
f 172/172/172 173/173/173 174/174/174
f 175/175/175 176/176/176 177/177/177
f 178/178/178 179/179/179 180/180/180
g seam_02_r
f 181/181/181 182/182/182 183/183/183
f 184/184/184 185/185/185 186/186/186
f 187/187/187 188/188/188 189/189/189
f 190/190/190 191/191/191 192/192/192
f 193/193/193 194/194/194 195/195/195
f 196/196/196 197/197/197 198/198/198
f 199/199/199 200/200/200 201/201/201
f 202/202/202 203/203/203 204/204/204
f 205/205/205 206/206/206 207/207/207
f 208/208/208 209/209/209 210/210/210
f 211/211/211 212/212/212 213/213/213
f 214/214/214 215/215/215 216/216/216
g shell_03
usemtl MI_EBS_KHA_Strata
f 217/217/217 218/218/218 219/219/219
f 220/220/220 221/221/221 222/222/222
f 223/223/223 224/224/224 225/225/225
f 226/226/226 227/227/227 228/228/228
f 229/229/229 230/230/230 231/231/231
f 232/232/232 233/233/233 234/234/234
f 235/235/235 236/236/236 237/237/237
f 238/238/238 239/239/239 240/240/240
f 241/241/241 242/242/242 243/243/243
f 244/244/244 245/245/245 246/246/246
f 247/247/247 248/248/248 249/249/249
f 250/250/250 251/251/251 252/252/252
g seam_03_l
usemtl MI_EBS_KHA_Amber
f 253/253/253 254/254/254 255/255/255
f 256/256/256 257/257/257 258/258/258
f 259/259/259 260/260/260 261/261/261
f 262/262/262 263/263/263 264/264/264
f 265/265/265 266/266/266 267/267/267
f 268/268/268 269/269/269 270/270/270
f 271/271/271 272/272/272 273/273/273
f 274/274/274 275/275/275 276/276/276
f 277/277/277 278/278/278 279/279/279
f 280/280/280 281/281/281 282/282/282
f 283/283/283 284/284/284 285/285/285
f 286/286/286 287/287/287 288/288/288
g seam_03_r
f 289/289/289 290/290/290 291/291/291
f 292/292/292 293/293/293 294/294/294
f 295/295/295 296/296/296 297/297/297
f 298/298/298 299/299/299 300/300/300
f 301/301/301 302/302/302 303/303/303
f 304/304/304 305/305/305 306/306/306
f 307/307/307 308/308/308 309/309/309
f 310/310/310 311/311/311 312/312/312
f 313/313/313 314/314/314 315/315/315
f 316/316/316 317/317/317 318/318/318
f 319/319/319 320/320/320 321/321/321
f 322/322/322 323/323/323 324/324/324
g shell_04
usemtl MI_EBS_KHA_Strata
f 325/325/325 326/326/326 327/327/327
f 328/328/328 329/329/329 330/330/330
f 331/331/331 332/332/332 333/333/333
f 334/334/334 335/335/335 336/336/336
f 337/337/337 338/338/338 339/339/339
f 340/340/340 341/341/341 342/342/342
f 343/343/343 344/344/344 345/345/345
f 346/346/346 347/347/347 348/348/348
f 349/349/349 350/350/350 351/351/351
f 352/352/352 353/353/353 354/354/354
f 355/355/355 356/356/356 357/357/357
f 358/358/358 359/359/359 360/360/360
g seam_04_l
usemtl MI_EBS_KHA_Amber
f 361/361/361 362/362/362 363/363/363
f 364/364/364 365/365/365 366/366/366
f 367/367/367 368/368/368 369/369/369
f 370/370/370 371/371/371 372/372/372
f 373/373/373 374/374/374 375/375/375
f 376/376/376 377/377/377 378/378/378
f 379/379/379 380/380/380 381/381/381
f 382/382/382 383/383/383 384/384/384
f 385/385/385 386/386/386 387/387/387
f 388/388/388 389/389/389 390/390/390
f 391/391/391 392/392/392 393/393/393
f 394/394/394 395/395/395 396/396/396
g seam_04_r
f 397/397/397 398/398/398 399/399/399
f 400/400/400 401/401/401 402/402/402
f 403/403/403 404/404/404 405/405/405
f 406/406/406 407/407/407 408/408/408
f 409/409/409 410/410/410 411/411/411
f 412/412/412 413/413/413 414/414/414
f 415/415/415 416/416/416 417/417/417
f 418/418/418 419/419/419 420/420/420
f 421/421/421 422/422/422 423/423/423
f 424/424/424 425/425/425 426/426/426
f 427/427/427 428/428/428 429/429/429
f 430/430/430 431/431/431 432/432/432
g shell_05
usemtl MI_EBS_KHA_Strata
f 433/433/433 434/434/434 435/435/435
f 436/436/436 437/437/437 438/438/438
f 439/439/439 440/440/440 441/441/441
f 442/442/442 443/443/443 444/444/444
f 445/445/445 446/446/446 447/447/447
f 448/448/448 449/449/449 450/450/450
f 451/451/451 452/452/452 453/453/453
f 454/454/454 455/455/455 456/456/456
f 457/457/457 458/458/458 459/459/459
f 460/460/460 461/461/461 462/462/462
f 463/463/463 464/464/464 465/465/465
f 466/466/466 467/467/467 468/468/468
g seam_05_l
usemtl MI_EBS_KHA_Amber
f 469/469/469 470/470/470 471/471/471
f 472/472/472 473/473/473 474/474/474
f 475/475/475 476/476/476 477/477/477
f 478/478/478 479/479/479 480/480/480
f 481/481/481 482/482/482 483/483/483
f 484/484/484 485/485/485 486/486/486
f 487/487/487 488/488/488 489/489/489
f 490/490/490 491/491/491 492/492/492
f 493/493/493 494/494/494 495/495/495
f 496/496/496 497/497/497 498/498/498
f 499/499/499 500/500/500 501/501/501
f 502/502/502 503/503/503 504/504/504
g seam_05_r
f 505/505/505 506/506/506 507/507/507
f 508/508/508 509/509/509 510/510/510
f 511/511/511 512/512/512 513/513/513
f 514/514/514 515/515/515 516/516/516
f 517/517/517 518/518/518 519/519/519
f 520/520/520 521/521/521 522/522/522
f 523/523/523 524/524/524 525/525/525
f 526/526/526 527/527/527 528/528/528
f 529/529/529 530/530/530 531/531/531
f 532/532/532 533/533/533 534/534/534
f 535/535/535 536/536/536 537/537/537
f 538/538/538 539/539/539 540/540/540
g underbody
usemtl MI_EBS_KHA_Strata
f 541/541/541 542/542/542 543/543/543
f 544/544/544 545/545/545 546/546/546
f 547/547/547 548/548/548 549/549/549
f 550/550/550 551/551/551 552/552/552
f 553/553/553 554/554/554 555/555/555
f 556/556/556 557/557/557 558/558/558
f 559/559/559 560/560/560 561/561/561
f 562/562/562 563/563/563 564/564/564
f 565/565/565 566/566/566 567/567/567
f 568/568/568 569/569/569 570/570/570
f 571/571/571 572/572/572 573/573/573
f 574/574/574 575/575/575 576/576/576
g prow
f 577/577/577 578/578/578 579/579/579
f 580/580/580 581/581/581 582/582/582
f 583/583/583 584/584/584 585/585/585
f 586/586/586 587/587/587 588/588/588
f 589/589/589 590/590/590 591/591/591
f 592/592/592 593/593/593 594/594/594
f 595/595/595 596/596/596 597/597/597
f 598/598/598 599/599/599 600/600/600
f 601/601/601 602/602/602 603/603/603
f 604/604/604 605/605/605 606/606/606
g prow_seam
usemtl MI_EBS_KHA_Amber
f 607/607/607 608/608/608 609/609/609
f 610/610/610 611/611/611 612/612/612
f 613/613/613 614/614/614 615/615/615
f 616/616/616 617/617/617 618/618/618
f 619/619/619 620/620/620 621/621/621
f 622/622/622 623/623/623 624/624/624
f 625/625/625 626/626/626 627/627/627
f 628/628/628 629/629/629 630/630/630
f 631/631/631 632/632/632 633/633/633
f 634/634/634 635/635/635 636/636/636
f 637/637/637 638/638/638 639/639/639
f 640/640/640 641/641/641 642/642/642
g caster_housing
usemtl MI_EBS_KHA_Strata
f 643/643/643 644/644/644 645/645/645
f 646/646/646 647/647/647 648/648/648
f 649/649/649 650/650/650 651/651/651
f 652/652/652 653/653/653 654/654/654
f 655/655/655 656/656/656 657/657/657
f 658/658/658 659/659/659 660/660/660
f 661/661/661 662/662/662 663/663/663
f 664/664/664 665/665/665 666/666/666
f 667/667/667 668/668/668 669/669/669
f 670/670/670 671/671/671 672/672/672
f 673/673/673 674/674/674 675/675/675
f 676/676/676 677/677/677 678/678/678
g caster_slot
usemtl MI_EBS_KHA_Amber
f 679/679/679 680/680/680 681/681/681
f 682/682/682 683/683/683 684/684/684
f 685/685/685 686/686/686 687/687/687
f 688/688/688 689/689/689 690/690/690
f 691/691/691 692/692/692 693/693/693
f 694/694/694 695/695/695 696/696/696
f 697/697/697 698/698/698 699/699/699
f 700/700/700 701/701/701 702/702/702
f 703/703/703 704/704/704 705/705/705
f 706/706/706 707/707/707 708/708/708
f 709/709/709 710/710/710 711/711/711
f 712/712/712 713/713/713 714/714/714
g fl_hip
usemtl MI_EBS_KHA_Strata
f 715/715/715 716/716/716 717/717/717
f 718/718/718 719/719/719 720/720/720
f 721/721/721 722/722/722 723/723/723
f 724/724/724 725/725/725 726/726/726
f 727/727/727 728/728/728 729/729/729
f 730/730/730 731/731/731 732/732/732
f 733/733/733 734/734/734 735/735/735
f 736/736/736 737/737/737 738/738/738
f 739/739/739 740/740/740 741/741/741
f 742/742/742 743/743/743 744/744/744
f 745/745/745 746/746/746 747/747/747
f 748/748/748 749/749/749 750/750/750
g fl_upper
f 751/751/751 752/752/752 753/753/753
f 754/754/754 755/755/755 756/756/756
f 757/757/757 758/758/758 759/759/759
f 760/760/760 761/761/761 762/762/762
f 763/763/763 764/764/764 765/765/765
f 766/766/766 767/767/767 768/768/768
f 769/769/769 770/770/770 771/771/771
f 772/772/772 773/773/773 774/774/774
f 775/775/775 776/776/776 777/777/777
f 778/778/778 779/779/779 780/780/780
f 781/781/781 782/782/782 783/783/783
f 784/784/784 785/785/785 786/786/786
f 787/787/787 788/788/788 789/789/789
f 790/790/790 791/791/791 792/792/792
f 793/793/793 794/794/794 795/795/795
f 796/796/796 797/797/797 798/798/798
f 799/799/799 800/800/800 801/801/801
f 802/802/802 803/803/803 804/804/804
f 805/805/805 806/806/806 807/807/807
f 808/808/808 809/809/809 810/810/810
g fl_knee
f 811/811/811 812/812/812 813/813/813
f 814/814/814 815/815/815 816/816/816
f 817/817/817 818/818/818 819/819/819
f 820/820/820 821/821/821 822/822/822
f 823/823/823 824/824/824 825/825/825
f 826/826/826 827/827/827 828/828/828
f 829/829/829 830/830/830 831/831/831
f 832/832/832 833/833/833 834/834/834
f 835/835/835 836/836/836 837/837/837
f 838/838/838 839/839/839 840/840/840
f 841/841/841 842/842/842 843/843/843
f 844/844/844 845/845/845 846/846/846
g fl_lower
f 847/847/847 848/848/848 849/849/849
f 850/850/850 851/851/851 852/852/852
f 853/853/853 854/854/854 855/855/855
f 856/856/856 857/857/857 858/858/858
f 859/859/859 860/860/860 861/861/861
f 862/862/862 863/863/863 864/864/864
f 865/865/865 866/866/866 867/867/867
f 868/868/868 869/869/869 870/870/870
f 871/871/871 872/872/872 873/873/873
f 874/874/874 875/875/875 876/876/876
f 877/877/877 878/878/878 879/879/879
f 880/880/880 881/881/881 882/882/882
f 883/883/883 884/884/884 885/885/885
f 886/886/886 887/887/887 888/888/888
f 889/889/889 890/890/890 891/891/891
f 892/892/892 893/893/893 894/894/894
f 895/895/895 896/896/896 897/897/897
f 898/898/898 899/899/899 900/900/900
f 901/901/901 902/902/902 903/903/903
f 904/904/904 905/905/905 906/906/906
g fl_foot
f 907/907/907 908/908/908 909/909/909
f 910/910/910 911/911/911 912/912/912
f 913/913/913 914/914/914 915/915/915
f 916/916/916 917/917/917 918/918/918
f 919/919/919 920/920/920 921/921/921
f 922/922/922 923/923/923 924/924/924
f 925/925/925 926/926/926 927/927/927
f 928/928/928 929/929/929 930/930/930
f 931/931/931 932/932/932 933/933/933
f 934/934/934 935/935/935 936/936/936
f 937/937/937 938/938/938 939/939/939
f 940/940/940 941/941/941 942/942/942
g fr_hip
f 943/943/943 944/944/944 945/945/945
f 946/946/946 947/947/947 948/948/948
f 949/949/949 950/950/950 951/951/951
f 952/952/952 953/953/953 954/954/954
f 955/955/955 956/956/956 957/957/957
f 958/958/958 959/959/959 960/960/960
f 961/961/961 962/962/962 963/963/963
f 964/964/964 965/965/965 966/966/966
f 967/967/967 968/968/968 969/969/969
f 970/970/970 971/971/971 972/972/972
f 973/973/973 974/974/974 975/975/975
f 976/976/976 977/977/977 978/978/978
g fr_upper
f 979/979/979 980/980/980 981/981/981
f 982/982/982 983/983/983 984/984/984
f 985/985/985 986/986/986 987/987/987
f 988/988/988 989/989/989 990/990/990
f 991/991/991 992/992/992 993/993/993
f 994/994/994 995/995/995 996/996/996
f 997/997/997 998/998/998 999/999/999
f 1000/1000/1000 1001/1001/1001 1002/1002/1002
f 1003/1003/1003 1004/1004/1004 1005/1005/1005
f 1006/1006/1006 1007/1007/1007 1008/1008/1008
f 1009/1009/1009 1010/1010/1010 1011/1011/1011
f 1012/1012/1012 1013/1013/1013 1014/1014/1014
f 1015/1015/1015 1016/1016/1016 1017/1017/1017
f 1018/1018/1018 1019/1019/1019 1020/1020/1020
f 1021/1021/1021 1022/1022/1022 1023/1023/1023
f 1024/1024/1024 1025/1025/1025 1026/1026/1026
f 1027/1027/1027 1028/1028/1028 1029/1029/1029
f 1030/1030/1030 1031/1031/1031 1032/1032/1032
f 1033/1033/1033 1034/1034/1034 1035/1035/1035
f 1036/1036/1036 1037/1037/1037 1038/1038/1038
g fr_knee
f 1039/1039/1039 1040/1040/1040 1041/1041/1041
f 1042/1042/1042 1043/1043/1043 1044/1044/1044
f 1045/1045/1045 1046/1046/1046 1047/1047/1047
f 1048/1048/1048 1049/1049/1049 1050/1050/1050
f 1051/1051/1051 1052/1052/1052 1053/1053/1053
f 1054/1054/1054 1055/1055/1055 1056/1056/1056
f 1057/1057/1057 1058/1058/1058 1059/1059/1059
f 1060/1060/1060 1061/1061/1061 1062/1062/1062
f 1063/1063/1063 1064/1064/1064 1065/1065/1065
f 1066/1066/1066 1067/1067/1067 1068/1068/1068
f 1069/1069/1069 1070/1070/1070 1071/1071/1071
f 1072/1072/1072 1073/1073/1073 1074/1074/1074
g fr_lower
f 1075/1075/1075 1076/1076/1076 1077/1077/1077
f 1078/1078/1078 1079/1079/1079 1080/1080/1080
f 1081/1081/1081 1082/1082/1082 1083/1083/1083
f 1084/1084/1084 1085/1085/1085 1086/1086/1086
f 1087/1087/1087 1088/1088/1088 1089/1089/1089
f 1090/1090/1090 1091/1091/1091 1092/1092/1092
f 1093/1093/1093 1094/1094/1094 1095/1095/1095
f 1096/1096/1096 1097/1097/1097 1098/1098/1098
f 1099/1099/1099 1100/1100/1100 1101/1101/1101
f 1102/1102/1102 1103/1103/1103 1104/1104/1104
f 1105/1105/1105 1106/1106/1106 1107/1107/1107
f 1108/1108/1108 1109/1109/1109 1110/1110/1110
f 1111/1111/1111 1112/1112/1112 1113/1113/1113
f 1114/1114/1114 1115/1115/1115 1116/1116/1116
f 1117/1117/1117 1118/1118/1118 1119/1119/1119
f 1120/1120/1120 1121/1121/1121 1122/1122/1122
f 1123/1123/1123 1124/1124/1124 1125/1125/1125
f 1126/1126/1126 1127/1127/1127 1128/1128/1128
f 1129/1129/1129 1130/1130/1130 1131/1131/1131
f 1132/1132/1132 1133/1133/1133 1134/1134/1134
g fr_foot
f 1135/1135/1135 1136/1136/1136 1137/1137/1137
f 1138/1138/1138 1139/1139/1139 1140/1140/1140
f 1141/1141/1141 1142/1142/1142 1143/1143/1143
f 1144/1144/1144 1145/1145/1145 1146/1146/1146
f 1147/1147/1147 1148/1148/1148 1149/1149/1149
f 1150/1150/1150 1151/1151/1151 1152/1152/1152
f 1153/1153/1153 1154/1154/1154 1155/1155/1155
f 1156/1156/1156 1157/1157/1157 1158/1158/1158
f 1159/1159/1159 1160/1160/1160 1161/1161/1161
f 1162/1162/1162 1163/1163/1163 1164/1164/1164
f 1165/1165/1165 1166/1166/1166 1167/1167/1167
f 1168/1168/1168 1169/1169/1169 1170/1170/1170
g rl_hip
f 1171/1171/1171 1172/1172/1172 1173/1173/1173
f 1174/1174/1174 1175/1175/1175 1176/1176/1176
f 1177/1177/1177 1178/1178/1178 1179/1179/1179
f 1180/1180/1180 1181/1181/1181 1182/1182/1182
f 1183/1183/1183 1184/1184/1184 1185/1185/1185
f 1186/1186/1186 1187/1187/1187 1188/1188/1188
f 1189/1189/1189 1190/1190/1190 1191/1191/1191
f 1192/1192/1192 1193/1193/1193 1194/1194/1194
f 1195/1195/1195 1196/1196/1196 1197/1197/1197
f 1198/1198/1198 1199/1199/1199 1200/1200/1200
f 1201/1201/1201 1202/1202/1202 1203/1203/1203
f 1204/1204/1204 1205/1205/1205 1206/1206/1206
g rl_upper
f 1207/1207/1207 1208/1208/1208 1209/1209/1209
f 1210/1210/1210 1211/1211/1211 1212/1212/1212
f 1213/1213/1213 1214/1214/1214 1215/1215/1215
f 1216/1216/1216 1217/1217/1217 1218/1218/1218
f 1219/1219/1219 1220/1220/1220 1221/1221/1221
f 1222/1222/1222 1223/1223/1223 1224/1224/1224
f 1225/1225/1225 1226/1226/1226 1227/1227/1227
f 1228/1228/1228 1229/1229/1229 1230/1230/1230
f 1231/1231/1231 1232/1232/1232 1233/1233/1233
f 1234/1234/1234 1235/1235/1235 1236/1236/1236
f 1237/1237/1237 1238/1238/1238 1239/1239/1239
f 1240/1240/1240 1241/1241/1241 1242/1242/1242
f 1243/1243/1243 1244/1244/1244 1245/1245/1245
f 1246/1246/1246 1247/1247/1247 1248/1248/1248
f 1249/1249/1249 1250/1250/1250 1251/1251/1251
f 1252/1252/1252 1253/1253/1253 1254/1254/1254
f 1255/1255/1255 1256/1256/1256 1257/1257/1257
f 1258/1258/1258 1259/1259/1259 1260/1260/1260
f 1261/1261/1261 1262/1262/1262 1263/1263/1263
f 1264/1264/1264 1265/1265/1265 1266/1266/1266
g rl_knee
f 1267/1267/1267 1268/1268/1268 1269/1269/1269
f 1270/1270/1270 1271/1271/1271 1272/1272/1272
f 1273/1273/1273 1274/1274/1274 1275/1275/1275
f 1276/1276/1276 1277/1277/1277 1278/1278/1278
f 1279/1279/1279 1280/1280/1280 1281/1281/1281
f 1282/1282/1282 1283/1283/1283 1284/1284/1284
f 1285/1285/1285 1286/1286/1286 1287/1287/1287
f 1288/1288/1288 1289/1289/1289 1290/1290/1290
f 1291/1291/1291 1292/1292/1292 1293/1293/1293
f 1294/1294/1294 1295/1295/1295 1296/1296/1296
f 1297/1297/1297 1298/1298/1298 1299/1299/1299
f 1300/1300/1300 1301/1301/1301 1302/1302/1302
g rl_lower
f 1303/1303/1303 1304/1304/1304 1305/1305/1305
f 1306/1306/1306 1307/1307/1307 1308/1308/1308
f 1309/1309/1309 1310/1310/1310 1311/1311/1311
f 1312/1312/1312 1313/1313/1313 1314/1314/1314
f 1315/1315/1315 1316/1316/1316 1317/1317/1317
f 1318/1318/1318 1319/1319/1319 1320/1320/1320
f 1321/1321/1321 1322/1322/1322 1323/1323/1323
f 1324/1324/1324 1325/1325/1325 1326/1326/1326
f 1327/1327/1327 1328/1328/1328 1329/1329/1329
f 1330/1330/1330 1331/1331/1331 1332/1332/1332
f 1333/1333/1333 1334/1334/1334 1335/1335/1335
f 1336/1336/1336 1337/1337/1337 1338/1338/1338
f 1339/1339/1339 1340/1340/1340 1341/1341/1341
f 1342/1342/1342 1343/1343/1343 1344/1344/1344
f 1345/1345/1345 1346/1346/1346 1347/1347/1347
f 1348/1348/1348 1349/1349/1349 1350/1350/1350
f 1351/1351/1351 1352/1352/1352 1353/1353/1353
f 1354/1354/1354 1355/1355/1355 1356/1356/1356
f 1357/1357/1357 1358/1358/1358 1359/1359/1359
f 1360/1360/1360 1361/1361/1361 1362/1362/1362
g rl_foot
f 1363/1363/1363 1364/1364/1364 1365/1365/1365
f 1366/1366/1366 1367/1367/1367 1368/1368/1368
f 1369/1369/1369 1370/1370/1370 1371/1371/1371
f 1372/1372/1372 1373/1373/1373 1374/1374/1374
f 1375/1375/1375 1376/1376/1376 1377/1377/1377
f 1378/1378/1378 1379/1379/1379 1380/1380/1380
f 1381/1381/1381 1382/1382/1382 1383/1383/1383
f 1384/1384/1384 1385/1385/1385 1386/1386/1386
f 1387/1387/1387 1388/1388/1388 1389/1389/1389
f 1390/1390/1390 1391/1391/1391 1392/1392/1392
f 1393/1393/1393 1394/1394/1394 1395/1395/1395
f 1396/1396/1396 1397/1397/1397 1398/1398/1398
g rr_hip
f 1399/1399/1399 1400/1400/1400 1401/1401/1401
f 1402/1402/1402 1403/1403/1403 1404/1404/1404
f 1405/1405/1405 1406/1406/1406 1407/1407/1407
f 1408/1408/1408 1409/1409/1409 1410/1410/1410
f 1411/1411/1411 1412/1412/1412 1413/1413/1413
f 1414/1414/1414 1415/1415/1415 1416/1416/1416
f 1417/1417/1417 1418/1418/1418 1419/1419/1419
f 1420/1420/1420 1421/1421/1421 1422/1422/1422
f 1423/1423/1423 1424/1424/1424 1425/1425/1425
f 1426/1426/1426 1427/1427/1427 1428/1428/1428
f 1429/1429/1429 1430/1430/1430 1431/1431/1431
f 1432/1432/1432 1433/1433/1433 1434/1434/1434
g rr_upper
f 1435/1435/1435 1436/1436/1436 1437/1437/1437
f 1438/1438/1438 1439/1439/1439 1440/1440/1440
f 1441/1441/1441 1442/1442/1442 1443/1443/1443
f 1444/1444/1444 1445/1445/1445 1446/1446/1446
f 1447/1447/1447 1448/1448/1448 1449/1449/1449
f 1450/1450/1450 1451/1451/1451 1452/1452/1452
f 1453/1453/1453 1454/1454/1454 1455/1455/1455
f 1456/1456/1456 1457/1457/1457 1458/1458/1458
f 1459/1459/1459 1460/1460/1460 1461/1461/1461
f 1462/1462/1462 1463/1463/1463 1464/1464/1464
f 1465/1465/1465 1466/1466/1466 1467/1467/1467
f 1468/1468/1468 1469/1469/1469 1470/1470/1470
f 1471/1471/1471 1472/1472/1472 1473/1473/1473
f 1474/1474/1474 1475/1475/1475 1476/1476/1476
f 1477/1477/1477 1478/1478/1478 1479/1479/1479
f 1480/1480/1480 1481/1481/1481 1482/1482/1482
f 1483/1483/1483 1484/1484/1484 1485/1485/1485
f 1486/1486/1486 1487/1487/1487 1488/1488/1488
f 1489/1489/1489 1490/1490/1490 1491/1491/1491
f 1492/1492/1492 1493/1493/1493 1494/1494/1494
g rr_knee
f 1495/1495/1495 1496/1496/1496 1497/1497/1497
f 1498/1498/1498 1499/1499/1499 1500/1500/1500
f 1501/1501/1501 1502/1502/1502 1503/1503/1503
f 1504/1504/1504 1505/1505/1505 1506/1506/1506
f 1507/1507/1507 1508/1508/1508 1509/1509/1509
f 1510/1510/1510 1511/1511/1511 1512/1512/1512
f 1513/1513/1513 1514/1514/1514 1515/1515/1515
f 1516/1516/1516 1517/1517/1517 1518/1518/1518
f 1519/1519/1519 1520/1520/1520 1521/1521/1521
f 1522/1522/1522 1523/1523/1523 1524/1524/1524
f 1525/1525/1525 1526/1526/1526 1527/1527/1527
f 1528/1528/1528 1529/1529/1529 1530/1530/1530
g rr_lower
f 1531/1531/1531 1532/1532/1532 1533/1533/1533
f 1534/1534/1534 1535/1535/1535 1536/1536/1536
f 1537/1537/1537 1538/1538/1538 1539/1539/1539
f 1540/1540/1540 1541/1541/1541 1542/1542/1542
f 1543/1543/1543 1544/1544/1544 1545/1545/1545
f 1546/1546/1546 1547/1547/1547 1548/1548/1548
f 1549/1549/1549 1550/1550/1550 1551/1551/1551
f 1552/1552/1552 1553/1553/1553 1554/1554/1554
f 1555/1555/1555 1556/1556/1556 1557/1557/1557
f 1558/1558/1558 1559/1559/1559 1560/1560/1560
f 1561/1561/1561 1562/1562/1562 1563/1563/1563
f 1564/1564/1564 1565/1565/1565 1566/1566/1566
f 1567/1567/1567 1568/1568/1568 1569/1569/1569
f 1570/1570/1570 1571/1571/1571 1572/1572/1572
f 1573/1573/1573 1574/1574/1574 1575/1575/1575
f 1576/1576/1576 1577/1577/1577 1578/1578/1578
f 1579/1579/1579 1580/1580/1580 1581/1581/1581
f 1582/1582/1582 1583/1583/1583 1584/1584/1584
f 1585/1585/1585 1586/1586/1586 1587/1587/1587
f 1588/1588/1588 1589/1589/1589 1590/1590/1590
g rr_foot
f 1591/1591/1591 1592/1592/1592 1593/1593/1593
f 1594/1594/1594 1595/1595/1595 1596/1596/1596
f 1597/1597/1597 1598/1598/1598 1599/1599/1599
f 1600/1600/1600 1601/1601/1601 1602/1602/1602
f 1603/1603/1603 1604/1604/1604 1605/1605/1605
f 1606/1606/1606 1607/1607/1607 1608/1608/1608
f 1609/1609/1609 1610/1610/1610 1611/1611/1611
f 1612/1612/1612 1613/1613/1613 1614/1614/1614
f 1615/1615/1615 1616/1616/1616 1617/1617/1617
f 1618/1618/1618 1619/1619/1619 1620/1620/1620
f 1621/1621/1621 1622/1622/1622 1623/1623/1623
f 1624/1624/1624 1625/1625/1625 1626/1626/1626
